endpoint,validation,model,seed,fold,video,cow_id,label,score
mild,cow_grouped,mkl,42,0,004,45,1,0.9272486386202992
mild,cow_grouped,mkl,42,0,005,65,0,-0.9834064595375613
mild,cow_grouped,mkl,42,0,013,92,0,-0.8752996881827884
mild,cow_grouped,mkl,42,0,017,8,0,-0.9694364282272221
mild,cow_grouped,mkl,42,0,019,82,0,-2.03687897847026
mild,cow_grouped,mkl,42,0,020,20,1,0.9064793689129655
mild,cow_grouped,mkl,42,0,022,34,1,-0.03941598347089015
mild,cow_grouped,mkl,42,0,035,83,1,0.0028011249381072467
mild,cow_grouped,mkl,42,0,040,8,0,-0.016611064821613564
mild,cow_grouped,mkl,42,0,047,51,0,-0.5251364038106656
mild,cow_grouped,mkl,42,0,050,51,0,0.47402021541882333
mild,cow_grouped,mkl,42,0,052,8,0,0.2516786406008592
mild,cow_grouped,mkl,42,0,061,24,1,1.3946202148065268
mild,cow_grouped,mkl,42,0,067,34,1,0.38955447071795457
mild,cow_grouped,mkl,42,0,087,51,0,-0.38582893910379434
mild,cow_grouped,mkl,42,0,088,82,0,-0.8057471535030377
mild,cow_grouped,mkl,42,0,089,20,1,1.3546767075078028
mild,cow_grouped,mkl,42,0,091,96,1,0.4641004090299201
mild,cow_grouped,mkl,42,0,092,51,0,-0.3250010227192937
mild,cow_grouped,mkl,42,0,101,36,0,-1.2304577102224359
mild,cow_grouped,mkl,42,0,102,76,1,0.6564670338440228
mild,cow_grouped,mkl,42,0,103,6,0,-1.0022669204791563
mild,cow_grouped,mkl,42,0,114,92,1,0.930980035647557
mild,cow_grouped,mkl,42,0,126,82,0,-1.8933607477380017
mild,cow_grouped,mkl,42,0,128,96,1,1.8148144938896367
mild,cow_grouped,mkl,42,0,133,51,0,0.4658879927036994
mild,cow_grouped,mkl,42,0,145,36,0,-1.2211437767213422
mild,cow_grouped,mkl,42,0,153,83,1,0.5079715561287019
mild,cow_grouped,mkl,42,0,154,45,0,-0.2399321092292776
mild,cow_grouped,mkl,42,0,160,51,0,-0.10518402496575452
mild,cow_grouped,mkl,42,0,164,53,0,-0.9681337499821696
mild,cow_grouped,mkl,42,0,170,53,0,-0.8198358230240118
mild,cow_grouped,mkl,42,0,177,32,0,0.4686511285395667
mild,cow_grouped,mkl,42,0,178,76,1,1.232780328288191
mild,cow_grouped,mkl,42,0,181,6,0,-1.6622426147430425
mild,cow_grouped,mkl,42,0,186,51,0,-0.8884924214862813
mild,cow_grouped,mkl,42,0,199,82,0,-0.9787766007260066
mild,cow_grouped,mkl,42,0,200,21,0,-0.6996708719046769
mild,cow_grouped,mkl,42,0,204,27,0,-0.85248052315258
mild,cow_grouped,mkl,42,0,210,20,1,1.4120885944104906
mild,cow_grouped,mkl,42,0,214,92,0,-0.9652877266209496
mild,cow_grouped,mkl,42,0,216,36,1,0.5019376338699122
mild,cow_grouped,mkl,42,0,229,51,0,-0.8040991214528898
mild,cow_grouped,mkl,42,0,230,34,0,-0.8070211272939963
mild,cow_grouped,mkl,42,0,248,36,1,0.6053062195051591
mild,cow_grouped,mkl,42,0,253,45,1,0.0668424643892973
mild,cow_grouped,mkl,42,0,255,97,0,0.5446968508895564
mild,cow_grouped,mkl,42,0,257,83,1,0.6371544729052048
mild,cow_grouped,mkl,42,0,259,62,1,0.5889937563630483
mild,cow_grouped,mkl,42,0,268,21,0,-0.8920557217549545
mild,cow_grouped,posture_svm,42,0,004,45,1,0.9250571501603225
mild,cow_grouped,posture_svm,42,0,005,65,0,-1.2871191587746906
mild,cow_grouped,posture_svm,42,0,013,92,0,-0.818857866946291
mild,cow_grouped,posture_svm,42,0,017,8,0,-1.020212301341835
mild,cow_grouped,posture_svm,42,0,019,82,0,-1.6479897027554364
mild,cow_grouped,posture_svm,42,0,020,20,1,0.8398668976870102
mild,cow_grouped,posture_svm,42,0,022,34,1,0.02912719831241123
mild,cow_grouped,posture_svm,42,0,035,83,1,0.1259675033930684
mild,cow_grouped,posture_svm,42,0,040,8,0,0.009074124900177005
mild,cow_grouped,posture_svm,42,0,047,51,0,-0.5658951094169855
mild,cow_grouped,posture_svm,42,0,050,51,0,0.5241822352522805
mild,cow_grouped,posture_svm,42,0,052,8,0,0.29752890669502474
mild,cow_grouped,posture_svm,42,0,061,24,1,1.2849594106568567
mild,cow_grouped,posture_svm,42,0,067,34,1,0.5356993215457847
mild,cow_grouped,posture_svm,42,0,087,51,0,-0.7221845883218794
mild,cow_grouped,posture_svm,42,0,088,82,0,-0.817314506183748
mild,cow_grouped,posture_svm,42,0,089,20,1,0.9793719688392629
mild,cow_grouped,posture_svm,42,0,091,96,1,0.6368997619217512
mild,cow_grouped,posture_svm,42,0,092,51,0,-0.738974497055968
mild,cow_grouped,posture_svm,42,0,101,36,0,-1.2009247381423056
mild,cow_grouped,posture_svm,42,0,102,76,1,0.02467678128643569
mild,cow_grouped,posture_svm,42,0,103,6,0,-0.9547774953786647
mild,cow_grouped,posture_svm,42,0,114,92,1,0.8368850859663618
mild,cow_grouped,posture_svm,42,0,126,82,0,-1.7174799478699398
mild,cow_grouped,posture_svm,42,0,128,96,1,1.673692925660542
mild,cow_grouped,posture_svm,42,0,133,51,0,0.44651500919525555
mild,cow_grouped,posture_svm,42,0,145,36,0,-1.2023882155017063
mild,cow_grouped,posture_svm,42,0,153,83,1,0.5967280271118441
mild,cow_grouped,posture_svm,42,0,154,45,0,-0.28404250396706565
mild,cow_grouped,posture_svm,42,0,160,51,0,-0.44669189025104167
mild,cow_grouped,posture_svm,42,0,164,53,0,-0.8837673175862655
mild,cow_grouped,posture_svm,42,0,170,53,0,-0.7285134552660931
mild,cow_grouped,posture_svm,42,0,177,32,0,-0.10521065982293981
mild,cow_grouped,posture_svm,42,0,178,76,1,0.6946124729407556
mild,cow_grouped,posture_svm,42,0,181,6,0,-1.5288714067393516
mild,cow_grouped,posture_svm,42,0,186,51,0,-1.0453567817518068
mild,cow_grouped,posture_svm,42,0,199,82,0,-0.637753191253214
mild,cow_grouped,posture_svm,42,0,200,21,0,-0.5770257139635748
mild,cow_grouped,posture_svm,42,0,204,27,0,-0.7311919729400425
mild,cow_grouped,posture_svm,42,0,210,20,1,1.3119965933308184
mild,cow_grouped,posture_svm,42,0,214,92,0,-1.2249079332796113
mild,cow_grouped,posture_svm,42,0,216,36,1,0.607426815899707
mild,cow_grouped,posture_svm,42,0,229,51,0,-1.0671553621947032
mild,cow_grouped,posture_svm,42,0,230,34,0,-0.9835157348408442
mild,cow_grouped,posture_svm,42,0,248,36,1,0.5465864019020826
mild,cow_grouped,posture_svm,42,0,253,45,1,0.0927932500646923
mild,cow_grouped,posture_svm,42,0,255,97,0,0.47621665063956253
mild,cow_grouped,posture_svm,42,0,257,83,1,0.6532645711226067
mild,cow_grouped,posture_svm,42,0,259,62,1,0.40512526516762637
mild,cow_grouped,posture_svm,42,0,268,21,0,-1.1206255245973562
mild,cow_grouped,posture_extratrees,42,0,004,45,1,0.20051453655477058
mild,cow_grouped,posture_extratrees,42,0,005,65,0,-0.36350390858886306
mild,cow_grouped,posture_extratrees,42,0,013,92,0,-0.3347969700027492
mild,cow_grouped,posture_extratrees,42,0,017,8,0,-0.17248591355887316
mild,cow_grouped,posture_extratrees,42,0,019,82,0,-0.4735631130579239
mild,cow_grouped,posture_extratrees,42,0,020,20,1,0.20828849483397083
mild,cow_grouped,posture_extratrees,42,0,022,34,1,-0.00011915046437577237
mild,cow_grouped,posture_extratrees,42,0,035,83,1,0.08394235990252386
mild,cow_grouped,posture_extratrees,42,0,040,8,0,-0.05368134454837731
mild,cow_grouped,posture_extratrees,42,0,047,51,0,-0.32729255365032683
mild,cow_grouped,posture_extratrees,42,0,050,51,0,0.1412878806066844
mild,cow_grouped,posture_extratrees,42,0,052,8,0,-0.020949049817407472
mild,cow_grouped,posture_extratrees,42,0,061,24,1,0.40656161875899566
mild,cow_grouped,posture_extratrees,42,0,067,34,1,0.19928660864364967
mild,cow_grouped,posture_extratrees,42,0,087,51,0,-0.2479527276341893
mild,cow_grouped,posture_extratrees,42,0,088,82,0,-0.14533894644896767
mild,cow_grouped,posture_extratrees,42,0,089,20,1,0.21813748169727887
mild,cow_grouped,posture_extratrees,42,0,091,96,1,0.288525421231125
mild,cow_grouped,posture_extratrees,42,0,092,51,0,-0.2464535720162337
mild,cow_grouped,posture_extratrees,42,0,101,36,0,-0.3471902489096105
mild,cow_grouped,posture_extratrees,42,0,102,76,1,0.45492847753347465
mild,cow_grouped,posture_extratrees,42,0,103,6,0,-0.4030839681140056
mild,cow_grouped,posture_extratrees,42,0,114,92,1,0.18604599456683246
mild,cow_grouped,posture_extratrees,42,0,126,82,0,-0.4802282004435081
mild,cow_grouped,posture_extratrees,42,0,128,96,1,0.46371893648507
mild,cow_grouped,posture_extratrees,42,0,133,51,0,0.1447077658973086
mild,cow_grouped,posture_extratrees,42,0,145,36,0,-0.3247905697635084
mild,cow_grouped,posture_extratrees,42,0,153,83,1,0.27196675419752225
mild,cow_grouped,posture_extratrees,42,0,154,45,0,0.010954332885086848
mild,cow_grouped,posture_extratrees,42,0,160,51,0,-0.09653681737459296
mild,cow_grouped,posture_extratrees,42,0,164,53,0,-0.29457382241293617
mild,cow_grouped,posture_extratrees,42,0,170,53,0,-0.29095196326517625
mild,cow_grouped,posture_extratrees,42,0,177,32,0,0.04746975389535857
mild,cow_grouped,posture_extratrees,42,0,178,76,1,0.4485509408690792
mild,cow_grouped,posture_extratrees,42,0,181,6,0,-0.4395728101699672
mild,cow_grouped,posture_extratrees,42,0,186,51,0,-0.3321937018896156
mild,cow_grouped,posture_extratrees,42,0,199,82,0,-0.4165166954056626
mild,cow_grouped,posture_extratrees,42,0,200,21,0,-0.3538257745833312
mild,cow_grouped,posture_extratrees,42,0,204,27,0,-0.2529416723988409
mild,cow_grouped,posture_extratrees,42,0,210,20,1,0.3636851491687818
mild,cow_grouped,posture_extratrees,42,0,214,92,0,-0.38935193601938806
mild,cow_grouped,posture_extratrees,42,0,216,36,1,0.13810060062415996
mild,cow_grouped,posture_extratrees,42,0,229,51,0,-0.35500017781973103
mild,cow_grouped,posture_extratrees,42,0,230,34,0,-0.30355568597181093
mild,cow_grouped,posture_extratrees,42,0,248,36,1,0.1232444758880098
mild,cow_grouped,posture_extratrees,42,0,253,45,1,-0.0034930902131710684
mild,cow_grouped,posture_extratrees,42,0,255,97,0,0.1731111580384992
mild,cow_grouped,posture_extratrees,42,0,257,83,1,0.23726861957526313
mild,cow_grouped,posture_extratrees,42,0,259,62,1,0.23823548038756626
mild,cow_grouped,posture_extratrees,42,0,268,21,0,-0.3975672988197125
mild,cow_grouped,posture_knn,42,0,004,45,1,0.43333333333333335
mild,cow_grouped,posture_knn,42,0,005,65,0,-0.3666666666666667
mild,cow_grouped,posture_knn,42,0,013,92,0,-0.23333333333333334
mild,cow_grouped,posture_knn,42,0,017,8,0,-0.16666666666666669
mild,cow_grouped,posture_knn,42,0,019,82,0,-0.43333333333333335
mild,cow_grouped,posture_knn,42,0,020,20,1,0.16666666666666663
mild,cow_grouped,posture_knn,42,0,022,34,1,-0.033333333333333326
mild,cow_grouped,posture_knn,42,0,035,83,1,0.09999999999999998
mild,cow_grouped,posture_knn,42,0,040,8,0,-0.09999999999999998
mild,cow_grouped,posture_knn,42,0,047,51,0,-0.09999999999999998
mild,cow_grouped,posture_knn,42,0,050,51,0,0.23333333333333328
mild,cow_grouped,posture_knn,42,0,052,8,0,0.033333333333333326
mild,cow_grouped,posture_knn,42,0,061,24,1,0.30000000000000004
mild,cow_grouped,posture_knn,42,0,067,34,1,-0.033333333333333326
mild,cow_grouped,posture_knn,42,0,087,51,0,-0.23333333333333334
mild,cow_grouped,posture_knn,42,0,088,82,0,-0.3
mild,cow_grouped,posture_knn,42,0,089,20,1,0.23333333333333328
mild,cow_grouped,posture_knn,42,0,091,96,1,0.16666666666666663
mild,cow_grouped,posture_knn,42,0,092,51,0,-0.23333333333333334
mild,cow_grouped,posture_knn,42,0,101,36,0,-0.43333333333333335
mild,cow_grouped,posture_knn,42,0,102,76,1,0.5
mild,cow_grouped,posture_knn,42,0,103,6,0,-0.3
mild,cow_grouped,posture_knn,42,0,114,92,1,-0.033333333333333326
mild,cow_grouped,posture_knn,42,0,126,82,0,-0.5
mild,cow_grouped,posture_knn,42,0,128,96,1,0.43333333333333335
mild,cow_grouped,posture_knn,42,0,133,51,0,0.16666666666666663
mild,cow_grouped,posture_knn,42,0,145,36,0,-0.43333333333333335
mild,cow_grouped,posture_knn,42,0,153,83,1,0.23333333333333328
mild,cow_grouped,posture_knn,42,0,154,45,0,-0.23333333333333334
mild,cow_grouped,posture_knn,42,0,160,51,0,-0.033333333333333326
mild,cow_grouped,posture_knn,42,0,164,53,0,-0.3
mild,cow_grouped,posture_knn,42,0,170,53,0,-0.3666666666666667
mild,cow_grouped,posture_knn,42,0,177,32,0,-0.3
mild,cow_grouped,posture_knn,42,0,178,76,1,0.5
mild,cow_grouped,posture_knn,42,0,181,6,0,-0.5
mild,cow_grouped,posture_knn,42,0,186,51,0,-0.23333333333333334
mild,cow_grouped,posture_knn,42,0,199,82,0,-0.3
mild,cow_grouped,posture_knn,42,0,200,21,0,-0.23333333333333334
mild,cow_grouped,posture_knn,42,0,204,27,0,-0.16666666666666669
mild,cow_grouped,posture_knn,42,0,210,20,1,0.23333333333333328
mild,cow_grouped,posture_knn,42,0,214,92,0,-0.3666666666666667
mild,cow_grouped,posture_knn,42,0,216,36,1,0.033333333333333326
mild,cow_grouped,posture_knn,42,0,229,51,0,-0.16666666666666669
mild,cow_grouped,posture_knn,42,0,230,34,0,-0.23333333333333334
mild,cow_grouped,posture_knn,42,0,248,36,1,-0.033333333333333326
mild,cow_grouped,posture_knn,42,0,253,45,1,0.033333333333333326
mild,cow_grouped,posture_knn,42,0,255,97,0,0.23333333333333328
mild,cow_grouped,posture_knn,42,0,257,83,1,0.23333333333333328
mild,cow_grouped,posture_knn,42,0,259,62,1,-0.033333333333333326
mild,cow_grouped,posture_knn,42,0,268,21,0,-0.3666666666666667
mild,cow_grouped,posture_gnb,42,0,004,45,1,0.4999999996767741
mild,cow_grouped,posture_gnb,42,0,005,65,0,-0.4998081254181073
mild,cow_grouped,posture_gnb,42,0,013,92,0,0.2773953141313866
mild,cow_grouped,posture_gnb,42,0,017,8,0,0.4984348237698454
mild,cow_grouped,posture_gnb,42,0,019,82,0,-0.5
mild,cow_grouped,posture_gnb,42,0,020,20,1,0.4998968841144792
mild,cow_grouped,posture_gnb,42,0,022,34,1,0.4999963673825546
mild,cow_grouped,posture_gnb,42,0,035,83,1,0.499973767447222
mild,cow_grouped,posture_gnb,42,0,040,8,0,0.4999961806412152
mild,cow_grouped,posture_gnb,42,0,047,51,0,-0.49999996980179423
mild,cow_grouped,posture_gnb,42,0,050,51,0,0.4999999928214294
mild,cow_grouped,posture_gnb,42,0,052,8,0,0.49999891789190376
mild,cow_grouped,posture_gnb,42,0,061,24,1,0.49999999999928946
mild,cow_grouped,posture_gnb,42,0,067,34,1,0.4999999917514444
mild,cow_grouped,posture_gnb,42,0,087,51,0,-0.4996774670334066
mild,cow_grouped,posture_gnb,42,0,088,82,0,-0.49992173167996445
mild,cow_grouped,posture_gnb,42,0,089,20,1,0.4999999987434194
mild,cow_grouped,posture_gnb,42,0,091,96,1,0.49999998570098114
mild,cow_grouped,posture_gnb,42,0,092,51,0,0.48493056309218785
mild,cow_grouped,posture_gnb,42,0,101,36,0,-0.4999999999996894
mild,cow_grouped,posture_gnb,42,0,102,76,1,0.5
mild,cow_grouped,posture_gnb,42,0,103,6,0,-0.49999999999081945
mild,cow_grouped,posture_gnb,42,0,114,92,1,0.4999999979939389
mild,cow_grouped,posture_gnb,42,0,126,82,0,-0.5
mild,cow_grouped,posture_gnb,42,0,128,96,1,0.5
mild,cow_grouped,posture_gnb,42,0,133,51,0,0.4999999907982584
mild,cow_grouped,posture_gnb,42,0,145,36,0,-0.49993685146565653
mild,cow_grouped,posture_gnb,42,0,153,83,1,0.49999815666930025
mild,cow_grouped,posture_gnb,42,0,154,45,0,-0.4999999950802367
mild,cow_grouped,posture_gnb,42,0,160,51,0,-0.050808218717747766
mild,cow_grouped,posture_gnb,42,0,164,53,0,-0.5
mild,cow_grouped,posture_gnb,42,0,170,53,0,-0.5
mild,cow_grouped,posture_gnb,42,0,177,32,0,0.49998667985433354
mild,cow_grouped,posture_gnb,42,0,178,76,1,0.5
mild,cow_grouped,posture_gnb,42,0,181,6,0,-0.4999999999999813
mild,cow_grouped,posture_gnb,42,0,186,51,0,-0.4995945354029515
mild,cow_grouped,posture_gnb,42,0,199,82,0,-0.5
mild,cow_grouped,posture_gnb,42,0,200,21,0,0.2639106146344138
mild,cow_grouped,posture_gnb,42,0,204,27,0,-0.09299686722989697
mild,cow_grouped,posture_gnb,42,0,210,20,1,0.4999228025443926
mild,cow_grouped,posture_gnb,42,0,214,92,0,-0.4953293901396036
mild,cow_grouped,posture_gnb,42,0,216,36,1,0.4907353719943336
mild,cow_grouped,posture_gnb,42,0,229,51,0,-0.49999999989445526
mild,cow_grouped,posture_gnb,42,0,230,34,0,-0.41118912190712165
mild,cow_grouped,posture_gnb,42,0,248,36,1,0.4999999199202595
mild,cow_grouped,posture_gnb,42,0,253,45,1,0.4896981363384695
mild,cow_grouped,posture_gnb,42,0,255,97,0,0.49999999638146164
mild,cow_grouped,posture_gnb,42,0,257,83,1,0.4999999845009456
mild,cow_grouped,posture_gnb,42,0,259,62,1,0.4999998806937711
mild,cow_grouped,posture_gnb,42,0,268,21,0,-0.4874173703998415
mild,cow_grouped,mkl,42,1,016,84,1,0.9961557780727857
mild,cow_grouped,mkl,42,1,030,57,1,-0.9137100292651719
mild,cow_grouped,mkl,42,1,039,40,0,-1.1236864171834404
mild,cow_grouped,mkl,42,1,042,23,0,-0.19648162893387816
mild,cow_grouped,mkl,42,1,068,22,1,0.17139156545106243
mild,cow_grouped,mkl,42,1,071,23,1,1.5646365466668657
mild,cow_grouped,mkl,42,1,073,13,1,1.5281166522234404
mild,cow_grouped,mkl,42,1,076,4,1,0.2393610311935
mild,cow_grouped,mkl,42,1,081,40,0,-0.7238915262724741
mild,cow_grouped,mkl,42,1,083,79,0,-0.8303248336010216
mild,cow_grouped,mkl,42,1,085,18,0,-1.8397879313797167
mild,cow_grouped,mkl,42,1,086,18,0,-1.4707101649194245
mild,cow_grouped,mkl,42,1,096,17,0,-1.2991732964614475
mild,cow_grouped,mkl,42,1,098,4,1,0.8625652708174067
mild,cow_grouped,mkl,42,1,110,22,1,1.3303518989009935
mild,cow_grouped,mkl,42,1,112,94,0,-0.6533370905960744
mild,cow_grouped,mkl,42,1,119,40,0,-1.5758019969987676
mild,cow_grouped,mkl,42,1,120,52,0,-0.8825687368042405
mild,cow_grouped,mkl,42,1,122,71,0,-0.9865457996859739
mild,cow_grouped,mkl,42,1,135,64,1,1.4496819275709727
mild,cow_grouped,mkl,42,1,140,84,1,-0.6351158213820531
mild,cow_grouped,mkl,42,1,149,40,0,0.053730254115867015
mild,cow_grouped,mkl,42,1,152,58,1,1.139720803234137
mild,cow_grouped,mkl,42,1,156,5,0,-0.485630939804339
mild,cow_grouped,mkl,42,1,159,52,0,-0.7746022486527739
mild,cow_grouped,mkl,42,1,161,79,1,0.5383047612607059
mild,cow_grouped,mkl,42,1,162,23,0,-0.054324340752896105
mild,cow_grouped,mkl,42,1,165,30,0,-0.7706604588695394
mild,cow_grouped,mkl,42,1,167,22,1,1.164544072779573
mild,cow_grouped,mkl,42,1,168,4,1,0.10893434263518958
mild,cow_grouped,mkl,42,1,172,18,0,-1.8730055026978207
mild,cow_grouped,mkl,42,1,182,79,1,0.17316809504747727
mild,cow_grouped,mkl,42,1,185,71,0,-1.1029119104260183
mild,cow_grouped,mkl,42,1,187,17,0,-0.6946799523479366
mild,cow_grouped,mkl,42,1,189,22,1,0.9047209059777543
mild,cow_grouped,mkl,42,1,194,5,0,-0.5102802659363085
mild,cow_grouped,mkl,42,1,195,94,0,-0.753958188235571
mild,cow_grouped,mkl,42,1,201,66,1,-0.9343432367810094
mild,cow_grouped,mkl,42,1,208,79,1,0.5916393114649192
mild,cow_grouped,mkl,42,1,209,64,0,0.39024578064916565
mild,cow_grouped,mkl,42,1,212,12,0,-0.47220134747638304
mild,cow_grouped,mkl,42,1,222,52,0,-1.0291788627718148
mild,cow_grouped,mkl,42,1,231,11,0,-0.9477890944395209
mild,cow_grouped,mkl,42,1,237,18,0,-1.0949938732743378
mild,cow_grouped,mkl,42,1,249,17,1,1.4467135729956375
mild,cow_grouped,mkl,42,1,252,18,0,-0.41882637929738875
mild,cow_grouped,mkl,42,1,265,18,0,-1.020681929514236
mild,cow_grouped,posture_svm,42,1,016,84,1,1.0826610645474584
mild,cow_grouped,posture_svm,42,1,030,57,1,-0.8587395300016496
mild,cow_grouped,posture_svm,42,1,039,40,0,-0.8840690769715462
mild,cow_grouped,posture_svm,42,1,042,23,0,-0.09372865322053553
mild,cow_grouped,posture_svm,42,1,068,22,1,0.422951414789116
mild,cow_grouped,posture_svm,42,1,071,23,1,1.293047980881743
mild,cow_grouped,posture_svm,42,1,073,13,1,1.5015714824700865
mild,cow_grouped,posture_svm,42,1,076,4,1,0.4491776719952433
mild,cow_grouped,posture_svm,42,1,081,40,0,-0.4999963831347615
mild,cow_grouped,posture_svm,42,1,083,79,0,-0.9767538791760484
mild,cow_grouped,posture_svm,42,1,085,18,0,-1.8821569414496124
mild,cow_grouped,posture_svm,42,1,086,18,0,-1.6051342343610495
mild,cow_grouped,posture_svm,42,1,096,17,0,-1.482550546456539
mild,cow_grouped,posture_svm,42,1,098,4,1,0.8486998889178472
mild,cow_grouped,posture_svm,42,1,110,22,1,1.6466698913337345
mild,cow_grouped,posture_svm,42,1,112,94,0,-0.5690112667779506
mild,cow_grouped,posture_svm,42,1,119,40,0,-1.3979749278219888
mild,cow_grouped,posture_svm,42,1,120,52,0,-0.7852362955962814
mild,cow_grouped,posture_svm,42,1,122,71,0,-0.8632257907058797
mild,cow_grouped,posture_svm,42,1,135,64,1,1.311396649860163
mild,cow_grouped,posture_svm,42,1,140,84,1,-0.38872975958598543
mild,cow_grouped,posture_svm,42,1,149,40,0,-0.1428669710583661
mild,cow_grouped,posture_svm,42,1,152,58,1,1.0500681048347404
mild,cow_grouped,posture_svm,42,1,156,5,0,-0.5358337378595261
mild,cow_grouped,posture_svm,42,1,159,52,0,-0.6735286201002287
mild,cow_grouped,posture_svm,42,1,161,79,1,0.4036735467650855
mild,cow_grouped,posture_svm,42,1,162,23,0,-0.17929144498952002
mild,cow_grouped,posture_svm,42,1,165,30,0,-0.6784629222031501
mild,cow_grouped,posture_svm,42,1,167,22,1,1.3822947796002463
mild,cow_grouped,posture_svm,42,1,168,4,1,0.08097410951310263
mild,cow_grouped,posture_svm,42,1,172,18,0,-1.7884726089962824
mild,cow_grouped,posture_svm,42,1,182,79,1,0.10391032421875873
mild,cow_grouped,posture_svm,42,1,185,71,0,-1.0332462398459274
mild,cow_grouped,posture_svm,42,1,187,17,0,-0.8380546422403683
mild,cow_grouped,posture_svm,42,1,189,22,1,1.3301168020056726
mild,cow_grouped,posture_svm,42,1,194,5,0,-0.5890768347239304
mild,cow_grouped,posture_svm,42,1,195,94,0,-0.5558207725381098
mild,cow_grouped,posture_svm,42,1,201,66,1,-0.9129907467940761
mild,cow_grouped,posture_svm,42,1,208,79,1,0.35767690397111584
mild,cow_grouped,posture_svm,42,1,209,64,0,0.49153399647928353
mild,cow_grouped,posture_svm,42,1,212,12,0,-0.8292499499586665
mild,cow_grouped,posture_svm,42,1,222,52,0,-0.8927148153706527
mild,cow_grouped,posture_svm,42,1,231,11,0,-1.0210513096622842
mild,cow_grouped,posture_svm,42,1,237,18,0,-1.323697274929456
mild,cow_grouped,posture_svm,42,1,249,17,1,1.4498626186541552
mild,cow_grouped,posture_svm,42,1,252,18,0,-0.20399224806476585
mild,cow_grouped,posture_svm,42,1,265,18,0,-1.0996224393624086
mild,cow_grouped,posture_extratrees,42,1,016,84,1,0.32999999999999996
mild,cow_grouped,posture_extratrees,42,1,030,57,1,-0.42
mild,cow_grouped,posture_extratrees,42,1,039,40,0,-0.29500000000000004
mild,cow_grouped,posture_extratrees,42,1,042,23,0,0.13
mild,cow_grouped,posture_extratrees,42,1,068,22,1,0.19999999999999996
mild,cow_grouped,posture_extratrees,42,1,071,23,1,0.45999999999999996
mild,cow_grouped,posture_extratrees,42,1,073,13,1,0.42500000000000004
mild,cow_grouped,posture_extratrees,42,1,076,4,1,0.010000000000000009
mild,cow_grouped,posture_extratrees,42,1,081,40,0,-0.25
mild,cow_grouped,posture_extratrees,42,1,083,79,0,-0.28
mild,cow_grouped,posture_extratrees,42,1,085,18,0,-0.455
mild,cow_grouped,posture_extratrees,42,1,086,18,0,-0.425
mild,cow_grouped,posture_extratrees,42,1,096,17,0,-0.455
mild,cow_grouped,posture_extratrees,42,1,098,4,1,0.16000000000000003
mild,cow_grouped,posture_extratrees,42,1,110,22,1,0.33499999999999996
mild,cow_grouped,posture_extratrees,42,1,112,94,0,-0.29000000000000004
mild,cow_grouped,posture_extratrees,42,1,119,40,0,-0.305
mild,cow_grouped,posture_extratrees,42,1,120,52,0,-0.405
mild,cow_grouped,posture_extratrees,42,1,122,71,0,-0.175
mild,cow_grouped,posture_extratrees,42,1,135,64,1,0.395
mild,cow_grouped,posture_extratrees,42,1,140,84,1,0.04500000000000004
mild,cow_grouped,posture_extratrees,42,1,149,40,0,-0.16999999999999998
mild,cow_grouped,posture_extratrees,42,1,152,58,1,0.20499999999999996
mild,cow_grouped,posture_extratrees,42,1,156,5,0,-0.21500000000000002
mild,cow_grouped,posture_extratrees,42,1,159,52,0,-0.35
mild,cow_grouped,posture_extratrees,42,1,161,79,1,0.030000000000000027
mild,cow_grouped,posture_extratrees,42,1,162,23,0,0.07499999999999996
mild,cow_grouped,posture_extratrees,42,1,165,30,0,-0.25
mild,cow_grouped,posture_extratrees,42,1,167,22,1,0.235
mild,cow_grouped,posture_extratrees,42,1,168,4,1,0.010000000000000009
mild,cow_grouped,posture_extratrees,42,1,172,18,0,-0.45
mild,cow_grouped,posture_extratrees,42,1,182,79,1,-0.065
mild,cow_grouped,posture_extratrees,42,1,185,71,0,-0.33499999999999996
mild,cow_grouped,posture_extratrees,42,1,187,17,0,-0.36
mild,cow_grouped,posture_extratrees,42,1,189,22,1,0.26
mild,cow_grouped,posture_extratrees,42,1,194,5,0,-0.265
mild,cow_grouped,posture_extratrees,42,1,195,94,0,-0.275
mild,cow_grouped,posture_extratrees,42,1,201,66,1,-0.22999999999999998
mild,cow_grouped,posture_extratrees,42,1,208,79,1,-0.025000000000000022
mild,cow_grouped,posture_extratrees,42,1,209,64,0,0.14
mild,cow_grouped,posture_extratrees,42,1,212,12,0,-0.33499999999999996
mild,cow_grouped,posture_extratrees,42,1,222,52,0,-0.455
mild,cow_grouped,posture_extratrees,42,1,231,11,0,-0.435
mild,cow_grouped,posture_extratrees,42,1,237,18,0,-0.39
mild,cow_grouped,posture_extratrees,42,1,249,17,1,0.405
mild,cow_grouped,posture_extratrees,42,1,252,18,0,-0.22999999999999998
mild,cow_grouped,posture_extratrees,42,1,265,18,0,-0.385
mild,cow_grouped,posture_knn,42,1,016,84,1,0.10612390203829192
mild,cow_grouped,posture_knn,42,1,030,57,1,-0.17622960691808986
mild,cow_grouped,posture_knn,42,1,039,40,0,-0.22242013397871457
mild,cow_grouped,posture_knn,42,1,042,23,0,-0.10567015472297753
mild,cow_grouped,posture_knn,42,1,068,22,1,0.2473069861529068
mild,cow_grouped,posture_knn,42,1,071,23,1,0.43835008425957556
mild,cow_grouped,posture_knn,42,1,073,13,1,0.43907193381178433
mild,cow_grouped,posture_knn,42,1,076,4,1,-0.10780330648001019
mild,cow_grouped,posture_knn,42,1,081,40,0,-0.23690489056303254
mild,cow_grouped,posture_knn,42,1,083,79,0,-0.4350852305806482
mild,cow_grouped,posture_knn,42,1,085,18,0,-0.5
mild,cow_grouped,posture_knn,42,1,086,18,0,-0.5
mild,cow_grouped,posture_knn,42,1,096,17,0,-0.5
mild,cow_grouped,posture_knn,42,1,098,4,1,0.10175398079900344
mild,cow_grouped,posture_knn,42,1,110,22,1,0.30975976527961724
mild,cow_grouped,posture_knn,42,1,112,94,0,-0.18370451256357123
mild,cow_grouped,posture_knn,42,1,119,40,0,-0.28613643737478994
mild,cow_grouped,posture_knn,42,1,120,52,0,-0.2422863501592925
mild,cow_grouped,posture_knn,42,1,122,71,0,-0.36228239642804805
mild,cow_grouped,posture_knn,42,1,135,64,1,0.5
mild,cow_grouped,posture_knn,42,1,140,84,1,-0.22692283950941844
mild,cow_grouped,posture_knn,42,1,149,40,0,-0.07894202963318253
mild,cow_grouped,posture_knn,42,1,152,58,1,0.30371513844139975
mild,cow_grouped,posture_knn,42,1,156,5,0,-0.2975372593921851
mild,cow_grouped,posture_knn,42,1,159,52,0,-0.3132363965462901
mild,cow_grouped,posture_knn,42,1,161,79,1,0.03497543323178398
mild,cow_grouped,posture_knn,42,1,162,23,0,-0.03653052096775494
mild,cow_grouped,posture_knn,42,1,165,30,0,-0.24416763791364576
mild,cow_grouped,posture_knn,42,1,167,22,1,0.2587009286036588
mild,cow_grouped,posture_knn,42,1,168,4,1,-0.03715986020663331
mild,cow_grouped,posture_knn,42,1,172,18,0,-0.5
mild,cow_grouped,posture_knn,42,1,182,79,1,-0.16684467032625294
mild,cow_grouped,posture_knn,42,1,185,71,0,-0.24020697141358255
mild,cow_grouped,posture_knn,42,1,187,17,0,-0.36898897343213044
mild,cow_grouped,posture_knn,42,1,189,22,1,0.2445703586476794
mild,cow_grouped,posture_knn,42,1,194,5,0,-0.23694270826780794
mild,cow_grouped,posture_knn,42,1,195,94,0,-0.22296096117914777
mild,cow_grouped,posture_knn,42,1,201,66,1,-0.42927527118735587
mild,cow_grouped,posture_knn,42,1,208,79,1,-0.09418507095262596
mild,cow_grouped,posture_knn,42,1,209,64,0,0.03449630453957997
mild,cow_grouped,posture_knn,42,1,212,12,0,-0.2180472570784494
mild,cow_grouped,posture_knn,42,1,222,52,0,-0.24466259855724082
mild,cow_grouped,posture_knn,42,1,231,11,0,-0.36187569739956393
mild,cow_grouped,posture_knn,42,1,237,18,0,-0.4390269660969468
mild,cow_grouped,posture_knn,42,1,249,17,1,0.5
mild,cow_grouped,posture_knn,42,1,252,18,0,-0.3111461710278947
mild,cow_grouped,posture_knn,42,1,265,18,0,-0.37626889769940236
mild,cow_grouped,posture_gnb,42,1,016,84,1,0.4999999713499794
mild,cow_grouped,posture_gnb,42,1,030,57,1,-0.5
mild,cow_grouped,posture_gnb,42,1,039,40,0,-0.04073110323973461
mild,cow_grouped,posture_gnb,42,1,042,23,0,0.49999995753408744
mild,cow_grouped,posture_gnb,42,1,068,22,1,0.5
mild,cow_grouped,posture_gnb,42,1,071,23,1,0.5
mild,cow_grouped,posture_gnb,42,1,073,13,1,0.4999999999997584
mild,cow_grouped,posture_gnb,42,1,076,4,1,0.4999357773557427
mild,cow_grouped,posture_gnb,42,1,081,40,0,0.4987562890382329
mild,cow_grouped,posture_gnb,42,1,083,79,0,-0.49922427544823855
mild,cow_grouped,posture_gnb,42,1,085,18,0,-0.4999999837596658
mild,cow_grouped,posture_gnb,42,1,086,18,0,-0.5
mild,cow_grouped,posture_gnb,42,1,096,17,0,-0.49999999990434474
mild,cow_grouped,posture_gnb,42,1,098,4,1,0.49999732834428046
mild,cow_grouped,posture_gnb,42,1,110,22,1,0.4999990687038933
mild,cow_grouped,posture_gnb,42,1,112,94,0,-0.5
mild,cow_grouped,posture_gnb,42,1,119,40,0,-0.48841025973046115
mild,cow_grouped,posture_gnb,42,1,120,52,0,-0.5
mild,cow_grouped,posture_gnb,42,1,122,71,0,-0.5
mild,cow_grouped,posture_gnb,42,1,135,64,1,0.5
mild,cow_grouped,posture_gnb,42,1,140,84,1,-0.44255894346882535
mild,cow_grouped,posture_gnb,42,1,149,40,0,-0.4681906661777326
mild,cow_grouped,posture_gnb,42,1,152,58,1,0.49999999983943155
mild,cow_grouped,posture_gnb,42,1,156,5,0,-0.499999999999997
mild,cow_grouped,posture_gnb,42,1,159,52,0,-0.5
mild,cow_grouped,posture_gnb,42,1,161,79,1,-0.49999993877607385
mild,cow_grouped,posture_gnb,42,1,162,23,0,-0.4987650026822111
mild,cow_grouped,posture_gnb,42,1,165,30,0,-0.5
mild,cow_grouped,posture_gnb,42,1,167,22,1,0.48545879654210977
mild,cow_grouped,posture_gnb,42,1,168,4,1,0.47218264108150965
mild,cow_grouped,posture_gnb,42,1,172,18,0,-0.49999982584656755
mild,cow_grouped,posture_gnb,42,1,182,79,1,-0.06741563888993463
mild,cow_grouped,posture_gnb,42,1,185,71,0,-0.4999999999999996
mild,cow_grouped,posture_gnb,42,1,187,17,0,-0.49914766528091487
mild,cow_grouped,posture_gnb,42,1,189,22,1,0.4997453180157184
mild,cow_grouped,posture_gnb,42,1,194,5,0,-0.5
mild,cow_grouped,posture_gnb,42,1,195,94,0,-0.4999999999999914
mild,cow_grouped,posture_gnb,42,1,201,66,1,-0.49360382243086215
mild,cow_grouped,posture_gnb,42,1,208,79,1,-0.49750734086684023
mild,cow_grouped,posture_gnb,42,1,209,64,0,0.4999471710286021
mild,cow_grouped,posture_gnb,42,1,212,12,0,-0.49999999999452144
mild,cow_grouped,posture_gnb,42,1,222,52,0,-0.5
mild,cow_grouped,posture_gnb,42,1,231,11,0,-0.4999999670801111
mild,cow_grouped,posture_gnb,42,1,237,18,0,-0.5
mild,cow_grouped,posture_gnb,42,1,249,17,1,0.4999999999877076
mild,cow_grouped,posture_gnb,42,1,252,18,0,-0.4920011440920914
mild,cow_grouped,posture_gnb,42,1,265,18,0,-0.4999999999698617
mild,cow_grouped,mkl,42,2,002,78,0,-0.12627168076637463
mild,cow_grouped,mkl,42,2,003,1,0,-1.1473962046088138
mild,cow_grouped,mkl,42,2,014,39,1,0.033639195416961254
mild,cow_grouped,mkl,42,2,021,70,0,0.6596686097518842
mild,cow_grouped,mkl,42,2,026,86,1,1.76518931607394
mild,cow_grouped,mkl,42,2,028,55,0,-0.9520751582020932
mild,cow_grouped,mkl,42,2,041,26,1,0.9192774062473561
mild,cow_grouped,mkl,42,2,046,70,1,0.67861276888147
mild,cow_grouped,mkl,42,2,053,78,0,0.8231504685603044
mild,cow_grouped,mkl,42,2,057,69,1,1.6072174312837537
mild,cow_grouped,mkl,42,2,058,50,0,0.7164623407892707
mild,cow_grouped,mkl,42,2,062,55,0,-1.7589124877157758
mild,cow_grouped,mkl,42,2,065,41,1,1.3490274394008763
mild,cow_grouped,mkl,42,2,069,1,0,-1.3412210896946326
mild,cow_grouped,mkl,42,2,072,70,1,0.17465403161725745
mild,cow_grouped,mkl,42,2,077,86,1,1.708991024144934
mild,cow_grouped,mkl,42,2,080,25,0,-0.141245275276367
mild,cow_grouped,mkl,42,2,090,69,0,1.0618380848349889
mild,cow_grouped,mkl,42,2,095,86,1,1.8290416908300113
mild,cow_grouped,mkl,42,2,097,2,1,0.8750782450399381
mild,cow_grouped,mkl,42,2,113,78,0,0.33547063115466225
mild,cow_grouped,mkl,42,2,115,41,1,0.8199338202906252
mild,cow_grouped,mkl,42,2,125,42,0,-2.244226176532794
mild,cow_grouped,mkl,42,2,129,69,1,0.9982313241708896
mild,cow_grouped,mkl,42,2,134,69,1,0.8680194950188354
mild,cow_grouped,mkl,42,2,136,39,0,1.1710176333559796
mild,cow_grouped,mkl,42,2,146,78,0,-0.13370431127944504
mild,cow_grouped,mkl,42,2,150,29,0,0.4269426834183868
mild,cow_grouped,mkl,42,2,169,39,1,0.46588113325353686
mild,cow_grouped,mkl,42,2,171,42,0,-1.8109904209037027
mild,cow_grouped,mkl,42,2,174,1,0,-2.012617017820874
mild,cow_grouped,mkl,42,2,176,41,0,-0.7716014491179533
mild,cow_grouped,mkl,42,2,180,73,1,1.507755156135144
mild,cow_grouped,mkl,42,2,205,95,0,-0.6168488891401066
mild,cow_grouped,mkl,42,2,206,42,0,-2.070851454590886
mild,cow_grouped,mkl,42,2,215,50,0,-1.9621580664020444
mild,cow_grouped,mkl,42,2,219,73,1,1.6103209870741455
mild,cow_grouped,mkl,42,2,226,41,1,-0.11083301243808108
mild,cow_grouped,mkl,42,2,227,78,0,-1.294308397031974
mild,cow_grouped,mkl,42,2,234,39,0,0.24352843619006614
mild,cow_grouped,mkl,42,2,239,1,0,-1.4815684418463877
mild,cow_grouped,mkl,42,2,241,29,0,-0.3934331873447767
mild,cow_grouped,mkl,42,2,246,50,0,-1.0196585064070396
mild,cow_grouped,mkl,42,2,254,86,1,1.2742715220924046
mild,cow_grouped,mkl,42,2,260,60,0,-0.6428184813074578
mild,cow_grouped,mkl,42,2,262,14,0,-0.26306728416369873
mild,cow_grouped,mkl,42,2,267,98,1,-0.6461309883006873
mild,cow_grouped,mkl,42,2,272,33,1,-0.020295247412527972
mild,cow_grouped,posture_svm,42,2,002,78,0,-0.12562287925314874
mild,cow_grouped,posture_svm,42,2,003,1,0,-1.1462469227738534
mild,cow_grouped,posture_svm,42,2,014,39,1,0.03473445435734657
mild,cow_grouped,posture_svm,42,2,021,70,0,0.659863705263436
mild,cow_grouped,posture_svm,42,2,026,86,1,1.7663688038640248
mild,cow_grouped,posture_svm,42,2,028,55,0,-0.9532018811356419
mild,cow_grouped,posture_svm,42,2,041,26,1,0.9190019817399608
mild,cow_grouped,posture_svm,42,2,046,70,1,0.6788058286349774
mild,cow_grouped,posture_svm,42,2,053,78,0,0.8236658710927098
mild,cow_grouped,posture_svm,42,2,057,69,1,1.6086930956998582
mild,cow_grouped,posture_svm,42,2,058,50,0,0.7161913133787998
mild,cow_grouped,posture_svm,42,2,062,55,0,-1.7600814270321579
mild,cow_grouped,posture_svm,42,2,065,41,1,1.3495721705343051
mild,cow_grouped,posture_svm,42,2,069,1,0,-1.3406593744379325
mild,cow_grouped,posture_svm,42,2,072,70,1,0.1758195489168225
mild,cow_grouped,posture_svm,42,2,077,86,1,1.7090417348289197
mild,cow_grouped,posture_svm,42,2,080,25,0,-0.1404148737974521
mild,cow_grouped,posture_svm,42,2,090,69,0,1.0634712617861835
mild,cow_grouped,posture_svm,42,2,095,86,1,1.8303543200878483
mild,cow_grouped,posture_svm,42,2,097,2,1,0.875323718779845
mild,cow_grouped,posture_svm,42,2,113,78,0,0.335432444805131
mild,cow_grouped,posture_svm,42,2,115,41,1,0.8185735170721149
mild,cow_grouped,posture_svm,42,2,125,42,0,-2.244639593033047
mild,cow_grouped,posture_svm,42,2,129,69,1,0.9988556577493257
mild,cow_grouped,posture_svm,42,2,134,69,1,0.8690762959817
mild,cow_grouped,posture_svm,42,2,136,39,0,1.1728989447862348
mild,cow_grouped,posture_svm,42,2,146,78,0,-0.13383793745823958
mild,cow_grouped,posture_svm,42,2,150,29,0,0.42787561268970775
mild,cow_grouped,posture_svm,42,2,169,39,1,0.46678352702634573
mild,cow_grouped,posture_svm,42,2,171,42,0,-1.8101387283073431
mild,cow_grouped,posture_svm,42,2,174,1,0,-2.0127144470341873
mild,cow_grouped,posture_svm,42,2,176,41,0,-0.7716106102836997
mild,cow_grouped,posture_svm,42,2,180,73,1,1.5082131579059126
mild,cow_grouped,posture_svm,42,2,205,95,0,-0.6168773531896358
mild,cow_grouped,posture_svm,42,2,206,42,0,-2.0714261612675795
mild,cow_grouped,posture_svm,42,2,215,50,0,-1.9634753971330698
mild,cow_grouped,posture_svm,42,2,219,73,1,1.6105234701395854
mild,cow_grouped,posture_svm,42,2,226,41,1,-0.10980841878240788
mild,cow_grouped,posture_svm,42,2,227,78,0,-1.2928157943211271
mild,cow_grouped,posture_svm,42,2,234,39,0,0.24492973474057278
mild,cow_grouped,posture_svm,42,2,239,1,0,-1.4821419275170018
mild,cow_grouped,posture_svm,42,2,241,29,0,-0.3921364626777486
mild,cow_grouped,posture_svm,42,2,246,50,0,-1.0193891641165431
mild,cow_grouped,posture_svm,42,2,254,86,1,1.274868755022886
mild,cow_grouped,posture_svm,42,2,260,60,0,-0.6434010557168247
mild,cow_grouped,posture_svm,42,2,262,14,0,-0.2627349511079189
mild,cow_grouped,posture_svm,42,2,267,98,1,-0.6446230276528837
mild,cow_grouped,posture_svm,42,2,272,33,1,-0.02013981776355689
mild,cow_grouped,posture_extratrees,42,2,002,78,0,-0.07158255737285324
mild,cow_grouped,posture_extratrees,42,2,003,1,0,-0.29232442892349964
mild,cow_grouped,posture_extratrees,42,2,014,39,1,0.11670580629973937
mild,cow_grouped,posture_extratrees,42,2,021,70,0,0.18113790300129073
mild,cow_grouped,posture_extratrees,42,2,026,86,1,0.361422348843101
mild,cow_grouped,posture_extratrees,42,2,028,55,0,-0.44279252420870485
mild,cow_grouped,posture_extratrees,42,2,041,26,1,0.28900059662113253
mild,cow_grouped,posture_extratrees,42,2,046,70,1,0.26192443314323965
mild,cow_grouped,posture_extratrees,42,2,053,78,0,0.3474061800312218
mild,cow_grouped,posture_extratrees,42,2,057,69,1,0.40823615315419415
mild,cow_grouped,posture_extratrees,42,2,058,50,0,0.13576085615305933
mild,cow_grouped,posture_extratrees,42,2,062,55,0,-0.4131823939819236
mild,cow_grouped,posture_extratrees,42,2,065,41,1,0.46066549227067466
mild,cow_grouped,posture_extratrees,42,2,069,1,0,-0.4350803183521941
mild,cow_grouped,posture_extratrees,42,2,072,70,1,0.11488933546703639
mild,cow_grouped,posture_extratrees,42,2,077,86,1,0.3763627064783275
mild,cow_grouped,posture_extratrees,42,2,080,25,0,0.017331125464957742
mild,cow_grouped,posture_extratrees,42,2,090,69,0,0.24415522246922228
mild,cow_grouped,posture_extratrees,42,2,095,86,1,0.446051624219891
mild,cow_grouped,posture_extratrees,42,2,097,2,1,0.19053987963113428
mild,cow_grouped,posture_extratrees,42,2,113,78,0,0.10962455564577889
mild,cow_grouped,posture_extratrees,42,2,115,41,1,0.2528844988404936
mild,cow_grouped,posture_extratrees,42,2,125,42,0,-0.46886121050894025
mild,cow_grouped,posture_extratrees,42,2,129,69,1,0.251502220296869
mild,cow_grouped,posture_extratrees,42,2,134,69,1,0.1838407826743702
mild,cow_grouped,posture_extratrees,42,2,136,39,0,0.2927083202731875
mild,cow_grouped,posture_extratrees,42,2,146,78,0,0.04119655899717012
mild,cow_grouped,posture_extratrees,42,2,150,29,0,0.08890042762541539
mild,cow_grouped,posture_extratrees,42,2,169,39,1,0.2134702508057904
mild,cow_grouped,posture_extratrees,42,2,171,42,0,-0.4628881266137067
mild,cow_grouped,posture_extratrees,42,2,174,1,0,-0.4619415561638342
mild,cow_grouped,posture_extratrees,42,2,176,41,0,-0.23939686519582076
mild,cow_grouped,posture_extratrees,42,2,180,73,1,0.29896082108341193
mild,cow_grouped,posture_extratrees,42,2,205,95,0,-0.27417970537035485
mild,cow_grouped,posture_extratrees,42,2,206,42,0,-0.45851987098687735
mild,cow_grouped,posture_extratrees,42,2,215,50,0,-0.46366223593154937
mild,cow_grouped,posture_extratrees,42,2,219,73,1,0.3912354941195122
mild,cow_grouped,posture_extratrees,42,2,226,41,1,-0.04376143913964581
mild,cow_grouped,posture_extratrees,42,2,227,78,0,-0.412505985864297
mild,cow_grouped,posture_extratrees,42,2,234,39,0,0.11256299372291645
mild,cow_grouped,posture_extratrees,42,2,239,1,0,-0.3910368485019496
mild,cow_grouped,posture_extratrees,42,2,241,29,0,-0.21245724434446622
mild,cow_grouped,posture_extratrees,42,2,246,50,0,-0.4150434649429327
mild,cow_grouped,posture_extratrees,42,2,254,86,1,0.3727285508156597
mild,cow_grouped,posture_extratrees,42,2,260,60,0,-0.34282440380787826
mild,cow_grouped,posture_extratrees,42,2,262,14,0,-0.1706997878304779
mild,cow_grouped,posture_extratrees,42,2,267,98,1,-0.1557200659217976
mild,cow_grouped,posture_extratrees,42,2,272,33,1,-0.009894834082786241
mild,cow_grouped,posture_knn,42,2,002,78,0,-0.18074415644309416
mild,cow_grouped,posture_knn,42,2,003,1,0,-0.36943604320756424
mild,cow_grouped,posture_knn,42,2,014,39,1,-0.10078420189645237
mild,cow_grouped,posture_knn,42,2,021,70,0,0.03686723046724294
mild,cow_grouped,posture_knn,42,2,026,86,1,0.43364652390910263
mild,cow_grouped,posture_knn,42,2,028,55,0,-0.4361201726455496
mild,cow_grouped,posture_knn,42,2,041,26,1,0.3818255400188042
mild,cow_grouped,posture_knn,42,2,046,70,1,0.24601987760188537
mild,cow_grouped,posture_knn,42,2,053,78,0,0.03646121264024238
mild,cow_grouped,posture_knn,42,2,057,69,1,0.4322975996614322
mild,cow_grouped,posture_knn,42,2,058,50,0,0.12208715044256546
mild,cow_grouped,posture_knn,42,2,062,55,0,-0.4414022096366056
mild,cow_grouped,posture_knn,42,2,065,41,1,0.382248056919263
mild,cow_grouped,posture_knn,42,2,069,1,0,-0.4328426053956471
mild,cow_grouped,posture_knn,42,2,072,70,1,-0.24750321371519607
mild,cow_grouped,posture_knn,42,2,077,86,1,0.3058206213155119
mild,cow_grouped,posture_knn,42,2,080,25,0,0.23792425317363652
mild,cow_grouped,posture_knn,42,2,090,69,0,0.30186613510532756
mild,cow_grouped,posture_knn,42,2,095,86,1,0.43081156484840444
mild,cow_grouped,posture_knn,42,2,097,2,1,0.047948005729936405
mild,cow_grouped,posture_knn,42,2,113,78,0,0.01928740426254283
mild,cow_grouped,posture_knn,42,2,115,41,1,0.24150092121646127
mild,cow_grouped,posture_knn,42,2,125,42,0,-0.5
mild,cow_grouped,posture_knn,42,2,129,69,1,0.3801872537355837
mild,cow_grouped,posture_knn,42,2,134,69,1,0.16891767759906373
mild,cow_grouped,posture_knn,42,2,136,39,0,0.5
mild,cow_grouped,posture_knn,42,2,146,78,0,-0.23373728126831483
mild,cow_grouped,posture_knn,42,2,150,29,0,-0.02279957200131677
mild,cow_grouped,posture_knn,42,2,169,39,1,0.21952912966249194
mild,cow_grouped,posture_knn,42,2,171,42,0,-0.437209951869195
mild,cow_grouped,posture_knn,42,2,174,1,0,-0.43262985054616926
mild,cow_grouped,posture_knn,42,2,176,41,0,-0.17151997871323915
mild,cow_grouped,posture_knn,42,2,180,73,1,0.041149418648220304
mild,cow_grouped,posture_knn,42,2,205,95,0,0.024294757106872678
mild,cow_grouped,posture_knn,42,2,206,42,0,-0.5
mild,cow_grouped,posture_knn,42,2,215,50,0,-0.37245326846356586
mild,cow_grouped,posture_knn,42,2,219,73,1,0.3633680808430564
mild,cow_grouped,posture_knn,42,2,226,41,1,-0.10048434390843392
mild,cow_grouped,posture_knn,42,2,227,78,0,-0.3106050336582392
mild,cow_grouped,posture_knn,42,2,234,39,0,-0.09938179494429988
mild,cow_grouped,posture_knn,42,2,239,1,0,-0.3599058878062567
mild,cow_grouped,posture_knn,42,2,241,29,0,-0.17551226065336267
mild,cow_grouped,posture_knn,42,2,246,50,0,-0.36508627578382635
mild,cow_grouped,posture_knn,42,2,254,86,1,0.43709389245683594
mild,cow_grouped,posture_knn,42,2,260,60,0,-0.24139845818812566
mild,cow_grouped,posture_knn,42,2,262,14,0,-0.10071828264987986
mild,cow_grouped,posture_knn,42,2,267,98,1,-0.17777068606286134
mild,cow_grouped,posture_knn,42,2,272,33,1,0.021703553418805033
mild,cow_grouped,posture_gnb,42,2,002,78,0,0.4999839363142391
mild,cow_grouped,posture_gnb,42,2,003,1,0,-0.4999988605791338
mild,cow_grouped,posture_gnb,42,2,014,39,1,-0.49990807434907847
mild,cow_grouped,posture_gnb,42,2,021,70,0,0.4999988323351299
mild,cow_grouped,posture_gnb,42,2,026,86,1,0.4999999999995879
mild,cow_grouped,posture_gnb,42,2,028,55,0,-0.5
mild,cow_grouped,posture_gnb,42,2,041,26,1,0.4999999603865469
mild,cow_grouped,posture_gnb,42,2,046,70,1,0.4998447068702295
mild,cow_grouped,posture_gnb,42,2,053,78,0,0.499999939440004
mild,cow_grouped,posture_gnb,42,2,057,69,1,0.4999999999999005
mild,cow_grouped,posture_gnb,42,2,058,50,0,0.4999999951438525
mild,cow_grouped,posture_gnb,42,2,062,55,0,-0.4999999999999973
mild,cow_grouped,posture_gnb,42,2,065,41,1,0.5
mild,cow_grouped,posture_gnb,42,2,069,1,0,-0.49999999994457595
mild,cow_grouped,posture_gnb,42,2,072,70,1,0.4937715390862857
mild,cow_grouped,posture_gnb,42,2,077,86,1,0.4999999998297966
mild,cow_grouped,posture_gnb,42,2,080,25,0,-0.4839627576518496
mild,cow_grouped,posture_gnb,42,2,090,69,0,0.49998072380216296
mild,cow_grouped,posture_gnb,42,2,095,86,1,0.4999999999999858
mild,cow_grouped,posture_gnb,42,2,097,2,1,0.4999982255514337
mild,cow_grouped,posture_gnb,42,2,113,78,0,0.4999898234432123
mild,cow_grouped,posture_gnb,42,2,115,41,1,0.4999998421406797
mild,cow_grouped,posture_gnb,42,2,125,42,0,-0.49999999999912254
mild,cow_grouped,posture_gnb,42,2,129,69,1,0.4872657275052171
mild,cow_grouped,posture_gnb,42,2,134,69,1,0.4924193384218687
mild,cow_grouped,posture_gnb,42,2,136,39,0,0.4999999946367666
mild,cow_grouped,posture_gnb,42,2,146,78,0,0.49610361699111427
mild,cow_grouped,posture_gnb,42,2,150,29,0,0.4999518129493403
mild,cow_grouped,posture_gnb,42,2,169,39,1,0.3737049703235422
mild,cow_grouped,posture_gnb,42,2,171,42,0,-0.49999978215306484
mild,cow_grouped,posture_gnb,42,2,174,1,0,-0.4999999999988416
mild,cow_grouped,posture_gnb,42,2,176,41,0,-0.4953390210442233
mild,cow_grouped,posture_gnb,42,2,180,73,1,0.49999999966398434
mild,cow_grouped,posture_gnb,42,2,205,95,0,-0.49999999792713123
mild,cow_grouped,posture_gnb,42,2,206,42,0,-0.49999998900948284
mild,cow_grouped,posture_gnb,42,2,215,50,0,-0.49999999999999395
mild,cow_grouped,posture_gnb,42,2,219,73,1,0.49999999999074873
mild,cow_grouped,posture_gnb,42,2,226,41,1,0.49991772849651306
mild,cow_grouped,posture_gnb,42,2,227,78,0,-0.43359250540859035
mild,cow_grouped,posture_gnb,42,2,234,39,0,-0.4992302941131115
mild,cow_grouped,posture_gnb,42,2,239,1,0,-0.4999999999980938
mild,cow_grouped,posture_gnb,42,2,241,29,0,0.496581648739588
mild,cow_grouped,posture_gnb,42,2,246,50,0,-0.49999223438265955
mild,cow_grouped,posture_gnb,42,2,254,86,1,0.49999999963337416
mild,cow_grouped,posture_gnb,42,2,260,60,0,-0.4999999998784845
mild,cow_grouped,posture_gnb,42,2,262,14,0,0.43780241198741165
mild,cow_grouped,posture_gnb,42,2,267,98,1,-0.4999999427899049
mild,cow_grouped,posture_gnb,42,2,272,33,1,-0.4999999219090615
mild,cow_grouped,mkl,42,3,001,87,0,-1.3930397415280464
mild,cow_grouped,mkl,42,3,008,28,0,0.16782902270339595
mild,cow_grouped,mkl,42,3,010,72,0,-0.9437858093182382
mild,cow_grouped,mkl,42,3,015,75,1,-0.8125419400479414
mild,cow_grouped,mkl,42,3,023,44,0,-1.7423630412508122
mild,cow_grouped,mkl,42,3,027,85,1,-0.13710928291087982
mild,cow_grouped,mkl,42,3,029,35,0,-0.7002271728778736
mild,cow_grouped,mkl,42,3,034,91,1,1.1204879660395304
mild,cow_grouped,mkl,42,3,049,87,0,-1.5589481468253612
mild,cow_grouped,mkl,42,3,051,28,0,-0.41177754278679274
mild,cow_grouped,mkl,42,3,060,44,0,-0.41954832016859994
mild,cow_grouped,mkl,42,3,070,75,1,-0.09954055228308267
mild,cow_grouped,mkl,42,3,078,93,0,-0.9907376710405015
mild,cow_grouped,mkl,42,3,094,93,1,-0.11174930871834876
mild,cow_grouped,mkl,42,3,100,72,1,0.10458391923440025
mild,cow_grouped,mkl,42,3,106,48,1,-0.155769686288649
mild,cow_grouped,mkl,42,3,107,35,0,-1.0070511217817864
mild,cow_grouped,mkl,42,3,116,85,0,-0.0707547836674488
mild,cow_grouped,mkl,42,3,117,7,0,-1.5943308025493517
mild,cow_grouped,mkl,42,3,118,91,1,1.260945028254282
mild,cow_grouped,mkl,42,3,127,75,1,0.17799833405593468
mild,cow_grouped,mkl,42,3,138,75,1,-0.13113867157991543
mild,cow_grouped,mkl,42,3,142,44,0,-0.6459130946638458
mild,cow_grouped,mkl,42,3,143,28,0,-0.8524211648991857
mild,cow_grouped,mkl,42,3,147,72,0,0.7796772014082763
mild,cow_grouped,mkl,42,3,148,7,0,-1.4669390348267495
mild,cow_grouped,mkl,42,3,151,85,1,0.10168451224382913
mild,cow_grouped,mkl,42,3,163,48,0,0.36125162521554455
mild,cow_grouped,mkl,42,3,179,37,0,0.5709170149713624
mild,cow_grouped,mkl,42,3,188,85,0,-0.8179409410523946
mild,cow_grouped,mkl,42,3,190,44,0,-1.1896767043023724
mild,cow_grouped,mkl,42,3,191,87,0,-1.7812601729201765
mild,cow_grouped,mkl,42,3,193,56,1,0.7932776807196403
mild,cow_grouped,mkl,42,3,197,35,0,-1.0204248933401423
mild,cow_grouped,mkl,42,3,198,93,0,-1.0924318241637132
mild,cow_grouped,mkl,42,3,202,46,0,-1.058752100398527
mild,cow_grouped,mkl,42,3,211,87,0,-1.7200546047246843
mild,cow_grouped,mkl,42,3,213,44,1,0.5345022489699911
mild,cow_grouped,mkl,42,3,221,72,1,-0.8724916264844658
mild,cow_grouped,mkl,42,3,233,37,1,1.25148402513189
mild,cow_grouped,mkl,42,3,236,44,0,-0.19430461338419153
mild,cow_grouped,mkl,42,3,240,72,0,-0.8458541434217384
mild,cow_grouped,mkl,42,3,243,85,1,0.5855163385334123
mild,cow_grouped,mkl,42,3,244,75,1,0.6407999098127862
mild,cow_grouped,mkl,42,3,256,10,1,0.5319352986806847
mild,cow_grouped,mkl,42,3,258,85,1,-0.3274971878197931
mild,cow_grouped,mkl,42,3,264,31,0,0.19865441433052777
mild,cow_grouped,mkl,42,3,269,44,0,-0.5070532890777018
mild,cow_grouped,posture_svm,42,3,001,87,0,-1.3959581700942083
mild,cow_grouped,posture_svm,42,3,008,28,0,0.16233010952742633
mild,cow_grouped,posture_svm,42,3,010,72,0,-0.9514949396853887
mild,cow_grouped,posture_svm,42,3,015,75,1,-0.8239167041544314
mild,cow_grouped,posture_svm,42,3,023,44,0,-1.743094747574981
mild,cow_grouped,posture_svm,42,3,027,85,1,-0.14453539110375702
mild,cow_grouped,posture_svm,42,3,029,35,0,-0.7126475245219238
mild,cow_grouped,posture_svm,42,3,034,91,1,1.117121645350726
mild,cow_grouped,posture_svm,42,3,049,87,0,-1.562831387488971
mild,cow_grouped,posture_svm,42,3,051,28,0,-0.41159945696856287
mild,cow_grouped,posture_svm,42,3,060,44,0,-0.4206735317987812
mild,cow_grouped,posture_svm,42,3,070,75,1,-0.10807878434218937
mild,cow_grouped,posture_svm,42,3,078,93,0,-0.9771680052212934
mild,cow_grouped,posture_svm,42,3,094,93,1,-0.10923619377341176
mild,cow_grouped,posture_svm,42,3,100,72,1,0.10528819962897751
mild,cow_grouped,posture_svm,42,3,106,48,1,-0.1548116924806861
mild,cow_grouped,posture_svm,42,3,107,35,0,-1.0098208318719424
mild,cow_grouped,posture_svm,42,3,116,85,0,-0.08268399830547357
mild,cow_grouped,posture_svm,42,3,117,7,0,-1.5781409150517671
mild,cow_grouped,posture_svm,42,3,118,91,1,1.2577327486194374
mild,cow_grouped,posture_svm,42,3,127,75,1,0.1684518827068533
mild,cow_grouped,posture_svm,42,3,138,75,1,-0.14133408704791994
mild,cow_grouped,posture_svm,42,3,142,44,0,-0.6408932235519074
mild,cow_grouped,posture_svm,42,3,143,28,0,-0.8521002644274461
mild,cow_grouped,posture_svm,42,3,147,72,0,0.7643770565130772
mild,cow_grouped,posture_svm,42,3,148,7,0,-1.447153821759984
mild,cow_grouped,posture_svm,42,3,151,85,1,0.09189635143142616
mild,cow_grouped,posture_svm,42,3,163,48,0,0.34864912634791523
mild,cow_grouped,posture_svm,42,3,179,37,0,0.5738303359534
mild,cow_grouped,posture_svm,42,3,188,85,0,-0.8210565754161818
mild,cow_grouped,posture_svm,42,3,190,44,0,-1.1776382270162633
mild,cow_grouped,posture_svm,42,3,191,87,0,-1.7588179726591169
mild,cow_grouped,posture_svm,42,3,193,56,1,0.7935326102873912
mild,cow_grouped,posture_svm,42,3,197,35,0,-1.030046114930955
mild,cow_grouped,posture_svm,42,3,198,93,0,-1.0846797777040962
mild,cow_grouped,posture_svm,42,3,202,46,0,-1.0607199201154425
mild,cow_grouped,posture_svm,42,3,211,87,0,-1.696959272554117
mild,cow_grouped,posture_svm,42,3,213,44,1,0.5244675438015809
mild,cow_grouped,posture_svm,42,3,221,72,1,-0.8684587099878094
mild,cow_grouped,posture_svm,42,3,233,37,1,1.2555311837593122
mild,cow_grouped,posture_svm,42,3,236,44,0,-0.19126014684955883
mild,cow_grouped,posture_svm,42,3,240,72,0,-0.8410324012105679
mild,cow_grouped,posture_svm,42,3,243,85,1,0.5763135269027311
mild,cow_grouped,posture_svm,42,3,244,75,1,0.6325802304191923
mild,cow_grouped,posture_svm,42,3,256,10,1,0.5141258465887585
mild,cow_grouped,posture_svm,42,3,258,85,1,-0.3348542144997623
mild,cow_grouped,posture_svm,42,3,264,31,0,0.20537027691343623
mild,cow_grouped,posture_svm,42,3,269,44,0,-0.5040517257845238
mild,cow_grouped,posture_extratrees,42,3,001,87,0,-0.3501615500451085
mild,cow_grouped,posture_extratrees,42,3,008,28,0,0.005812657287355916
mild,cow_grouped,posture_extratrees,42,3,010,72,0,-0.2577860886996586
mild,cow_grouped,posture_extratrees,42,3,015,75,1,-0.2692905824838279
mild,cow_grouped,posture_extratrees,42,3,023,44,0,-0.45618821722558583
mild,cow_grouped,posture_extratrees,42,3,027,85,1,0.09906723244485416
mild,cow_grouped,posture_extratrees,42,3,029,35,0,-0.29281410258080226
mild,cow_grouped,posture_extratrees,42,3,034,91,1,0.4363774989721869
mild,cow_grouped,posture_extratrees,42,3,049,87,0,-0.34767020884839095
mild,cow_grouped,posture_extratrees,42,3,051,28,0,-0.26545550042433486
mild,cow_grouped,posture_extratrees,42,3,060,44,0,-0.26431110905669264
mild,cow_grouped,posture_extratrees,42,3,070,75,1,-0.1168769966524284
mild,cow_grouped,posture_extratrees,42,3,078,93,0,-0.22496349570376967
mild,cow_grouped,posture_extratrees,42,3,094,93,1,-0.0024602407233614287
mild,cow_grouped,posture_extratrees,42,3,100,72,1,0.024344249030705534
mild,cow_grouped,posture_extratrees,42,3,106,48,1,-0.10102277593539549
mild,cow_grouped,posture_extratrees,42,3,107,35,0,-0.3024936537950934
mild,cow_grouped,posture_extratrees,42,3,116,85,0,0.1377490306306013
mild,cow_grouped,posture_extratrees,42,3,117,7,0,-0.4642182849001596
mild,cow_grouped,posture_extratrees,42,3,118,91,1,0.43606290689797755
mild,cow_grouped,posture_extratrees,42,3,127,75,1,-0.04247932892745321
mild,cow_grouped,posture_extratrees,42,3,138,75,1,-0.0804734839454187
mild,cow_grouped,posture_extratrees,42,3,142,44,0,-0.32103416563050047
mild,cow_grouped,posture_extratrees,42,3,143,28,0,-0.26035835502779314
mild,cow_grouped,posture_extratrees,42,3,147,72,0,0.3638478473879768
mild,cow_grouped,posture_extratrees,42,3,148,7,0,-0.45736401097639906
mild,cow_grouped,posture_extratrees,42,3,151,85,1,0.22473667461882751
mild,cow_grouped,posture_extratrees,42,3,163,48,0,0.08946410762849022
mild,cow_grouped,posture_extratrees,42,3,179,37,0,0.21526890641621133
mild,cow_grouped,posture_extratrees,42,3,188,85,0,-0.23175763117355364
mild,cow_grouped,posture_extratrees,42,3,190,44,0,-0.37326398182238096
mild,cow_grouped,posture_extratrees,42,3,191,87,0,-0.4410902757848608
mild,cow_grouped,posture_extratrees,42,3,193,56,1,0.08578067489984731
mild,cow_grouped,posture_extratrees,42,3,197,35,0,-0.4085550695096964
mild,cow_grouped,posture_extratrees,42,3,198,93,0,-0.4568028142431116
mild,cow_grouped,posture_extratrees,42,3,202,46,0,-0.2403597024999814
mild,cow_grouped,posture_extratrees,42,3,211,87,0,-0.4246279115980832
mild,cow_grouped,posture_extratrees,42,3,213,44,1,0.15797137343575496
mild,cow_grouped,posture_extratrees,42,3,221,72,1,-0.34780697866665167
mild,cow_grouped,posture_extratrees,42,3,233,37,1,0.40674221302937486
mild,cow_grouped,posture_extratrees,42,3,236,44,0,-0.22913096854960707
mild,cow_grouped,posture_extratrees,42,3,240,72,0,-0.3485304566188907
mild,cow_grouped,posture_extratrees,42,3,243,85,1,0.1396779083187457
mild,cow_grouped,posture_extratrees,42,3,244,75,1,0.21316124909394574
mild,cow_grouped,posture_extratrees,42,3,256,10,1,0.34690887853092944
mild,cow_grouped,posture_extratrees,42,3,258,85,1,-0.026903756681445345
mild,cow_grouped,posture_extratrees,42,3,264,31,0,0.06768273690186499
mild,cow_grouped,posture_extratrees,42,3,269,44,0,-0.26773546627802436
mild,cow_grouped,posture_knn,42,3,001,87,0,-0.5
mild,cow_grouped,posture_knn,42,3,008,28,0,-0.2259220930642553
mild,cow_grouped,posture_knn,42,3,010,72,0,-0.23685237757255312
mild,cow_grouped,posture_knn,42,3,015,75,1,-0.23813612227678838
mild,cow_grouped,posture_knn,42,3,023,44,0,-0.42497829901597006
mild,cow_grouped,posture_knn,42,3,027,85,1,-0.04610853183232477
mild,cow_grouped,posture_knn,42,3,029,35,0,-0.24466918898378742
mild,cow_grouped,posture_knn,42,3,034,91,1,0.18351691413639393
mild,cow_grouped,posture_knn,42,3,049,87,0,-0.4402265389643483
mild,cow_grouped,posture_knn,42,3,051,28,0,-0.30209561537417107
mild,cow_grouped,posture_knn,42,3,060,44,0,-0.16603891178459412
mild,cow_grouped,posture_knn,42,3,070,75,1,-0.16602107626534035
mild,cow_grouped,posture_knn,42,3,078,93,0,-0.17358568995408596
mild,cow_grouped,posture_knn,42,3,094,93,1,-0.17545126471910472
mild,cow_grouped,posture_knn,42,3,100,72,1,0.0215372500732256
mild,cow_grouped,posture_knn,42,3,106,48,1,0.09982353051641912
mild,cow_grouped,posture_knn,42,3,107,35,0,-0.30393674491360323
mild,cow_grouped,posture_knn,42,3,116,85,0,-0.04218983210034216
mild,cow_grouped,posture_knn,42,3,117,7,0,-0.4364755276395665
mild,cow_grouped,posture_knn,42,3,118,91,1,0.25113755313240094
mild,cow_grouped,posture_knn,42,3,127,75,1,0.030193844560077343
mild,cow_grouped,posture_knn,42,3,138,75,1,-0.16403259500545775
mild,cow_grouped,posture_knn,42,3,142,44,0,-0.17383920898094185
mild,cow_grouped,posture_knn,42,3,143,28,0,-0.30079434463681143
mild,cow_grouped,posture_knn,42,3,147,72,0,0.2999413541214144
mild,cow_grouped,posture_knn,42,3,148,7,0,-0.43861718037340747
mild,cow_grouped,posture_knn,42,3,151,85,1,0.09886308615610073
mild,cow_grouped,posture_knn,42,3,163,48,0,0.3088060930551467
mild,cow_grouped,posture_knn,42,3,179,37,0,0.09174284590981396
mild,cow_grouped,posture_knn,42,3,188,85,0,-0.23520805951067808
mild,cow_grouped,posture_knn,42,3,190,44,0,-0.16169038324033624
mild,cow_grouped,posture_knn,42,3,191,87,0,-0.5
mild,cow_grouped,posture_knn,42,3,193,56,1,0.3221491960110825
mild,cow_grouped,posture_knn,42,3,197,35,0,-0.2927311500147419
mild,cow_grouped,posture_knn,42,3,198,93,0,-0.41861676404381076
mild,cow_grouped,posture_knn,42,3,202,46,0,-0.3600991886131469
mild,cow_grouped,posture_knn,42,3,211,87,0,-0.5
mild,cow_grouped,posture_knn,42,3,213,44,1,0.10691673989467632
mild,cow_grouped,posture_knn,42,3,221,72,1,-0.30604549997852265
mild,cow_grouped,posture_knn,42,3,233,37,1,0.4335068100473851
mild,cow_grouped,posture_knn,42,3,236,44,0,-0.10012711235852723
mild,cow_grouped,posture_knn,42,3,240,72,0,-0.3645131885086835
mild,cow_grouped,posture_knn,42,3,243,85,1,-0.02184117487661036
mild,cow_grouped,posture_knn,42,3,244,75,1,0.1082046141004358
mild,cow_grouped,posture_knn,42,3,256,10,1,0.2360673114871058
mild,cow_grouped,posture_knn,42,3,258,85,1,-0.23750820754778068
mild,cow_grouped,posture_knn,42,3,264,31,0,0.03524112988867478
mild,cow_grouped,posture_knn,42,3,269,44,0,-0.1680514741739167
mild,cow_grouped,posture_gnb,42,3,001,87,0,-0.4997935243465581
mild,cow_grouped,posture_gnb,42,3,008,28,0,0.499623884063896
mild,cow_grouped,posture_gnb,42,3,010,72,0,-0.4341399516345411
mild,cow_grouped,posture_gnb,42,3,015,75,1,-0.13250626682976063
mild,cow_grouped,posture_gnb,42,3,023,44,0,-0.49999998669085005
mild,cow_grouped,posture_gnb,42,3,027,85,1,0.09530391317898956
mild,cow_grouped,posture_gnb,42,3,029,35,0,0.1288224002678331
mild,cow_grouped,posture_gnb,42,3,034,91,1,0.4999999999999858
mild,cow_grouped,posture_gnb,42,3,049,87,0,-0.49365868292088794
mild,cow_grouped,posture_gnb,42,3,051,28,0,-0.5
mild,cow_grouped,posture_gnb,42,3,060,44,0,-0.49999999969485737
mild,cow_grouped,posture_gnb,42,3,070,75,1,0.4999864055601284
mild,cow_grouped,posture_gnb,42,3,078,93,0,-0.4999999999999989
mild,cow_grouped,posture_gnb,42,3,094,93,1,0.49844635224642064
mild,cow_grouped,posture_gnb,42,3,100,72,1,0.4885903604110218
mild,cow_grouped,posture_gnb,42,3,106,48,1,-0.49999999765301323
mild,cow_grouped,posture_gnb,42,3,107,35,0,-0.36997344358358
mild,cow_grouped,posture_gnb,42,3,116,85,0,0.49649916444387854
mild,cow_grouped,posture_gnb,42,3,117,7,0,-0.5
mild,cow_grouped,posture_gnb,42,3,118,91,1,0.49999999999981526
mild,cow_grouped,posture_gnb,42,3,127,75,1,0.5
mild,cow_grouped,posture_gnb,42,3,138,75,1,0.4999937439246632
mild,cow_grouped,posture_gnb,42,3,142,44,0,-0.49999999999999994
mild,cow_grouped,posture_gnb,42,3,143,28,0,-0.4999051589794716
mild,cow_grouped,posture_gnb,42,3,147,72,0,0.4999999977941485
mild,cow_grouped,posture_gnb,42,3,148,7,0,-0.5
mild,cow_grouped,posture_gnb,42,3,151,85,1,0.49998689751665404
mild,cow_grouped,posture_gnb,42,3,163,48,0,0.49984894203137464
mild,cow_grouped,posture_gnb,42,3,179,37,0,0.49999714711475984
mild,cow_grouped,posture_gnb,42,3,188,85,0,0.3180793332743507
mild,cow_grouped,posture_gnb,42,3,190,44,0,-0.4999887895644282
mild,cow_grouped,posture_gnb,42,3,191,87,0,-0.49999999999839734
mild,cow_grouped,posture_gnb,42,3,193,56,1,0.4999992499736804
mild,cow_grouped,posture_gnb,42,3,197,35,0,-0.4995024001103092
mild,cow_grouped,posture_gnb,42,3,198,93,0,-0.4999964061963085
mild,cow_grouped,posture_gnb,42,3,202,46,0,-0.19487993298975798
mild,cow_grouped,posture_gnb,42,3,211,87,0,-0.4999999999916863
mild,cow_grouped,posture_gnb,42,3,213,44,1,0.4999999980892085
mild,cow_grouped,posture_gnb,42,3,221,72,1,-0.49999999438081316
mild,cow_grouped,posture_gnb,42,3,233,37,1,0.499999999846537
mild,cow_grouped,posture_gnb,42,3,236,44,0,0.49985535829019234
mild,cow_grouped,posture_gnb,42,3,240,72,0,-0.4999999514286743
mild,cow_grouped,posture_gnb,42,3,243,85,1,0.49999998764222653
mild,cow_grouped,posture_gnb,42,3,244,75,1,0.4999999999725162
mild,cow_grouped,posture_gnb,42,3,256,10,1,0.4999999956218204
mild,cow_grouped,posture_gnb,42,3,258,85,1,0.41267602812110094
mild,cow_grouped,posture_gnb,42,3,264,31,0,0.22061861016924245
mild,cow_grouped,posture_gnb,42,3,269,44,0,-0.391792684220263
mild,cow_grouped,mkl,42,4,006,49,1,0.9532666373880909
mild,cow_grouped,mkl,42,4,007,90,1,0.25495806819626204
mild,cow_grouped,mkl,42,4,024,89,0,-0.2053024190023866
mild,cow_grouped,mkl,42,4,031,38,1,-0.6801412950655794
mild,cow_grouped,mkl,42,4,032,19,0,-1.5140392659737771
mild,cow_grouped,mkl,42,4,036,77,0,-0.32099701608937176
mild,cow_grouped,mkl,42,4,037,90,0,-0.1514378381595462
mild,cow_grouped,mkl,42,4,038,43,1,-0.355560446342584
mild,cow_grouped,mkl,42,4,045,49,1,1.0450729257062594
mild,cow_grouped,mkl,42,4,048,67,0,-0.3130243863469031
mild,cow_grouped,mkl,42,4,054,16,1,0.5213669295972787
mild,cow_grouped,mkl,42,4,055,15,1,-1.3549598412661792
mild,cow_grouped,mkl,42,4,064,88,0,-1.2183334797474938
mild,cow_grouped,mkl,42,4,066,90,1,0.0710900927980806
mild,cow_grouped,mkl,42,4,075,38,1,-0.8620796088146305
mild,cow_grouped,mkl,42,4,079,43,1,-0.7215259645439669
mild,cow_grouped,mkl,42,4,104,19,0,-0.8800051767681315
mild,cow_grouped,mkl,42,4,108,61,0,-0.40534953451186506
mild,cow_grouped,mkl,42,4,111,77,0,-0.05309000563024685
mild,cow_grouped,mkl,42,4,121,74,1,0.3222852774066433
mild,cow_grouped,mkl,42,4,130,88,0,-1.507632573500161
mild,cow_grouped,mkl,42,4,131,54,1,0.24056610906953052
mild,cow_grouped,mkl,42,4,132,38,0,-0.5023909335261754
mild,cow_grouped,mkl,42,4,137,19,0,-1.4351774587799142
mild,cow_grouped,mkl,42,4,139,89,0,-0.20738062400132806
mild,cow_grouped,mkl,42,4,144,63,1,0.8065941817351843
mild,cow_grouped,mkl,42,4,155,68,1,0.9474462307148772
mild,cow_grouped,mkl,42,4,157,77,0,-1.1055965332244244
mild,cow_grouped,mkl,42,4,158,74,1,1.1680048547395465
mild,cow_grouped,mkl,42,4,166,19,0,-1.0419700806216001
mild,cow_grouped,mkl,42,4,173,89,0,-0.18034411252874
mild,cow_grouped,mkl,42,4,175,74,1,1.7644910022889708
mild,cow_grouped,mkl,42,4,184,68,0,-0.13516162918977642
mild,cow_grouped,mkl,42,4,192,38,0,-0.8488067534506334
mild,cow_grouped,mkl,42,4,196,67,0,-0.756807178623149
mild,cow_grouped,mkl,42,4,203,77,1,0.573915857018487
mild,cow_grouped,mkl,42,4,220,88,0,-1.6280526221807246
mild,cow_grouped,mkl,42,4,223,38,0,-0.4720855878495074
mild,cow_grouped,mkl,42,4,225,67,0,-0.811329742661599
mild,cow_grouped,mkl,42,4,228,43,1,-0.06175540527295692
mild,cow_grouped,mkl,42,4,235,89,0,0.26143714062279405
mild,cow_grouped,mkl,42,4,238,54,1,-0.44641548622775173
mild,cow_grouped,mkl,42,4,247,88,0,-0.7615674745582026
mild,cow_grouped,mkl,42,4,251,38,0,0.18467563654186342
mild,cow_grouped,mkl,42,4,266,88,0,-1.4875426647721393
mild,cow_grouped,mkl,42,4,270,49,0,-0.18288941187716262
mild,cow_grouped,posture_svm,42,4,006,49,1,0.9051678747642512
mild,cow_grouped,posture_svm,42,4,007,90,1,0.19168002597556766
mild,cow_grouped,posture_svm,42,4,024,89,0,-0.15981801378245597
mild,cow_grouped,posture_svm,42,4,031,38,1,-0.7310383863047138
mild,cow_grouped,posture_svm,42,4,032,19,0,-1.564452034810512
mild,cow_grouped,posture_svm,42,4,036,77,0,-0.23594112916787546
mild,cow_grouped,posture_svm,42,4,037,90,0,-0.05215354939610284
mild,cow_grouped,posture_svm,42,4,038,43,1,-0.23882545548000533
mild,cow_grouped,posture_svm,42,4,045,49,1,1.2593303718075717
mild,cow_grouped,posture_svm,42,4,048,67,0,-0.24199584828066018
mild,cow_grouped,posture_svm,42,4,054,16,1,0.6319078476055723
mild,cow_grouped,posture_svm,42,4,055,15,1,-1.331079903238991
mild,cow_grouped,posture_svm,42,4,064,88,0,-1.2096634006089597
mild,cow_grouped,posture_svm,42,4,066,90,1,0.05489837455641644
mild,cow_grouped,posture_svm,42,4,075,38,1,-0.8478897177388758
mild,cow_grouped,posture_svm,42,4,079,43,1,-0.7693775875774622
mild,cow_grouped,posture_svm,42,4,104,19,0,-0.8784632995578691
mild,cow_grouped,posture_svm,42,4,108,61,0,-0.33421791035416326
mild,cow_grouped,posture_svm,42,4,111,77,0,0.07367253768212112
mild,cow_grouped,posture_svm,42,4,121,74,1,0.26066718436575453
mild,cow_grouped,posture_svm,42,4,130,88,0,-1.534495114985765
mild,cow_grouped,posture_svm,42,4,131,54,1,0.17044768842350166
mild,cow_grouped,posture_svm,42,4,132,38,0,-0.5095634099622051
mild,cow_grouped,posture_svm,42,4,137,19,0,-1.4335625498652504
mild,cow_grouped,posture_svm,42,4,139,89,0,-0.13537772838955697
mild,cow_grouped,posture_svm,42,4,144,63,1,0.805273560083721
mild,cow_grouped,posture_svm,42,4,155,68,1,0.9666557918379003
mild,cow_grouped,posture_svm,42,4,157,77,0,-1.17004915015903
mild,cow_grouped,posture_svm,42,4,158,74,1,1.1248378618430839
mild,cow_grouped,posture_svm,42,4,166,19,0,-1.0776668952998762
mild,cow_grouped,posture_svm,42,4,173,89,0,-0.1284292991615309
mild,cow_grouped,posture_svm,42,4,175,74,1,1.7622302342477032
mild,cow_grouped,posture_svm,42,4,184,68,0,-0.17186666759609787
mild,cow_grouped,posture_svm,42,4,192,38,0,-0.8404679009964188
mild,cow_grouped,posture_svm,42,4,196,67,0,-0.7238156764574758
mild,cow_grouped,posture_svm,42,4,203,77,1,0.6284427174252855
mild,cow_grouped,posture_svm,42,4,220,88,0,-1.5491231913459798
mild,cow_grouped,posture_svm,42,4,223,38,0,-0.48979913354836824
mild,cow_grouped,posture_svm,42,4,225,67,0,-0.8145047858707744
mild,cow_grouped,posture_svm,42,4,228,43,1,-0.13187370051256997
mild,cow_grouped,posture_svm,42,4,235,89,0,0.27001077729872136
mild,cow_grouped,posture_svm,42,4,238,54,1,-0.5375536772754381
mild,cow_grouped,posture_svm,42,4,247,88,0,-0.7661720661829949
mild,cow_grouped,posture_svm,42,4,251,38,0,0.2471650854484564
mild,cow_grouped,posture_svm,42,4,266,88,0,-1.467685814697421
mild,cow_grouped,posture_svm,42,4,270,49,0,-0.0791209643148692
mild,cow_grouped,posture_extratrees,42,4,006,49,1,0.28500000000000003
mild,cow_grouped,posture_extratrees,42,4,007,90,1,-0.15000000000000002
mild,cow_grouped,posture_extratrees,42,4,024,89,0,-0.10499999999999998
mild,cow_grouped,posture_extratrees,42,4,031,38,1,-0.325
mild,cow_grouped,posture_extratrees,42,4,032,19,0,-0.4
mild,cow_grouped,posture_extratrees,42,4,036,77,0,-0.2
mild,cow_grouped,posture_extratrees,42,4,037,90,0,-0.305
mild,cow_grouped,posture_extratrees,42,4,038,43,1,-0.11499999999999999
mild,cow_grouped,posture_extratrees,42,4,045,49,1,0.25
mild,cow_grouped,posture_extratrees,42,4,048,67,0,-0.06
mild,cow_grouped,posture_extratrees,42,4,054,16,1,0.275
mild,cow_grouped,posture_extratrees,42,4,055,15,1,-0.32999999999999996
mild,cow_grouped,posture_extratrees,42,4,064,88,0,-0.46499999999999997
mild,cow_grouped,posture_extratrees,42,4,066,90,1,-0.030000000000000027
mild,cow_grouped,posture_extratrees,42,4,075,38,1,-0.33999999999999997
mild,cow_grouped,posture_extratrees,42,4,079,43,1,-0.38
mild,cow_grouped,posture_extratrees,42,4,104,19,0,-0.325
mild,cow_grouped,posture_extratrees,42,4,108,61,0,-0.19
mild,cow_grouped,posture_extratrees,42,4,111,77,0,-0.04999999999999999
mild,cow_grouped,posture_extratrees,42,4,121,74,1,0.05500000000000005
mild,cow_grouped,posture_extratrees,42,4,130,88,0,-0.47
mild,cow_grouped,posture_extratrees,42,4,131,54,1,-0.034999999999999976
mild,cow_grouped,posture_extratrees,42,4,132,38,0,-0.29500000000000004
mild,cow_grouped,posture_extratrees,42,4,137,19,0,-0.425
mild,cow_grouped,posture_extratrees,42,4,139,89,0,-0.10999999999999999
mild,cow_grouped,posture_extratrees,42,4,144,63,1,0.32999999999999996
mild,cow_grouped,posture_extratrees,42,4,155,68,1,0.245
mild,cow_grouped,posture_extratrees,42,4,157,77,0,-0.45
mild,cow_grouped,posture_extratrees,42,4,158,74,1,0.21999999999999997
mild,cow_grouped,posture_extratrees,42,4,166,19,0,-0.375
mild,cow_grouped,posture_extratrees,42,4,173,89,0,-0.07500000000000001
mild,cow_grouped,posture_extratrees,42,4,175,74,1,0.355
mild,cow_grouped,posture_extratrees,42,4,184,68,0,-0.010000000000000009
mild,cow_grouped,posture_extratrees,42,4,192,38,0,-0.435
mild,cow_grouped,posture_extratrees,42,4,196,67,0,-0.185
mild,cow_grouped,posture_extratrees,42,4,203,77,1,0.22999999999999998
mild,cow_grouped,posture_extratrees,42,4,220,88,0,-0.46499999999999997
mild,cow_grouped,posture_extratrees,42,4,223,38,0,-0.375
mild,cow_grouped,posture_extratrees,42,4,225,67,0,-0.265
mild,cow_grouped,posture_extratrees,42,4,228,43,1,-0.135
mild,cow_grouped,posture_extratrees,42,4,235,89,0,0.08499999999999996
mild,cow_grouped,posture_extratrees,42,4,238,54,1,-0.175
mild,cow_grouped,posture_extratrees,42,4,247,88,0,-0.44
mild,cow_grouped,posture_extratrees,42,4,251,38,0,0.08499999999999996
mild,cow_grouped,posture_extratrees,42,4,266,88,0,-0.455
mild,cow_grouped,posture_extratrees,42,4,270,49,0,-0.04999999999999999
mild,cow_grouped,posture_knn,42,4,006,49,1,0.23089547469721572
mild,cow_grouped,posture_knn,42,4,007,90,1,0.13861132315774272
mild,cow_grouped,posture_knn,42,4,024,89,0,-0.16026288874670058
mild,cow_grouped,posture_knn,42,4,031,38,1,-0.36511013980744095
mild,cow_grouped,posture_knn,42,4,032,19,0,-0.36681349633475613
mild,cow_grouped,posture_knn,42,4,036,77,0,-0.11315660391977805
mild,cow_grouped,posture_knn,42,4,037,90,0,-0.11504433476618497
mild,cow_grouped,posture_knn,42,4,038,43,1,-0.31502806849212317
mild,cow_grouped,posture_knn,42,4,045,49,1,0.4332368634983289
mild,cow_grouped,posture_knn,42,4,048,67,0,0.03131800713844879
mild,cow_grouped,posture_knn,42,4,054,16,1,0.0975935064852258
mild,cow_grouped,posture_knn,42,4,055,15,1,-0.24015994190341855
mild,cow_grouped,posture_knn,42,4,064,88,0,-0.4376857637674603
mild,cow_grouped,posture_knn,42,4,066,90,1,0.11409475249382683
mild,cow_grouped,posture_knn,42,4,075,38,1,-0.43106225001802057
mild,cow_grouped,posture_knn,42,4,079,43,1,-0.308999145453712
mild,cow_grouped,posture_knn,42,4,104,19,0,-0.22292631344895336
mild,cow_grouped,posture_knn,42,4,108,61,0,0.03106250356185014
mild,cow_grouped,posture_knn,42,4,111,77,0,-0.099050911083571
mild,cow_grouped,posture_knn,42,4,121,74,1,-0.02723489950086505
mild,cow_grouped,posture_knn,42,4,130,88,0,-0.43909793514043655
mild,cow_grouped,posture_knn,42,4,131,54,1,0.10401831236682357
mild,cow_grouped,posture_knn,42,4,132,38,0,-0.36996017944195436
mild,cow_grouped,posture_knn,42,4,137,19,0,-0.36328564757513077
mild,cow_grouped,posture_knn,42,4,139,89,0,-0.22893373108671589
mild,cow_grouped,posture_knn,42,4,144,63,1,0.17276766114196562
mild,cow_grouped,posture_knn,42,4,155,68,1,0.10187717177788358
mild,cow_grouped,posture_knn,42,4,157,77,0,-0.3682712220597193
mild,cow_grouped,posture_knn,42,4,158,74,1,0.16066020929645808
mild,cow_grouped,posture_knn,42,4,166,19,0,-0.28829189594322063
mild,cow_grouped,posture_knn,42,4,173,89,0,-0.03494509840497667
mild,cow_grouped,posture_knn,42,4,175,74,1,0.24990641104701128
mild,cow_grouped,posture_knn,42,4,184,68,0,-0.17805256104587192
mild,cow_grouped,posture_knn,42,4,192,38,0,-0.4367497221229659
mild,cow_grouped,posture_knn,42,4,196,67,0,-0.3670139814165372
mild,cow_grouped,posture_knn,42,4,203,77,1,0.023751876379128678
mild,cow_grouped,posture_knn,42,4,220,88,0,-0.5
mild,cow_grouped,posture_knn,42,4,223,38,0,-0.21947681461040003
mild,cow_grouped,posture_knn,42,4,225,67,0,-0.37445334022362853
mild,cow_grouped,posture_knn,42,4,228,43,1,-0.23438411742887116
mild,cow_grouped,posture_knn,42,4,235,89,0,0.16945170188985892
mild,cow_grouped,posture_knn,42,4,238,54,1,0.038084241220650905
mild,cow_grouped,posture_knn,42,4,247,88,0,-0.36324676105462284
mild,cow_grouped,posture_knn,42,4,251,38,0,0.05453228659964404
mild,cow_grouped,posture_knn,42,4,266,88,0,-0.434900286524847
mild,cow_grouped,posture_knn,42,4,270,49,0,-0.024352285100356474
mild,cow_grouped,posture_gnb,42,4,006,49,1,0.5
mild,cow_grouped,posture_gnb,42,4,007,90,1,0.4999999999954525
mild,cow_grouped,posture_gnb,42,4,024,89,0,0.4999980804956101
mild,cow_grouped,posture_gnb,42,4,031,38,1,-0.4999975577841834
mild,cow_grouped,posture_gnb,42,4,032,19,0,-0.499999999996746
mild,cow_grouped,posture_gnb,42,4,036,77,0,0.4995236518731825
mild,cow_grouped,posture_gnb,42,4,037,90,0,0.45763809368979946
mild,cow_grouped,posture_gnb,42,4,038,43,1,0.49994926694148656
mild,cow_grouped,posture_gnb,42,4,045,49,1,0.49999996359345356
mild,cow_grouped,posture_gnb,42,4,048,67,0,-0.4860108591865553
mild,cow_grouped,posture_gnb,42,4,054,16,1,0.4998575687749559
mild,cow_grouped,posture_gnb,42,4,055,15,1,-0.4883036984646006
mild,cow_grouped,posture_gnb,42,4,064,88,0,-0.49999998491599196
mild,cow_grouped,posture_gnb,42,4,066,90,1,0.032030080083297996
mild,cow_grouped,posture_gnb,42,4,075,38,1,-0.5
mild,cow_grouped,posture_gnb,42,4,079,43,1,0.4978101053258591
mild,cow_grouped,posture_gnb,42,4,104,19,0,-0.4656339219295492
mild,cow_grouped,posture_gnb,42,4,108,61,0,-0.4999999999996784
mild,cow_grouped,posture_gnb,42,4,111,77,0,0.4985134175783753
mild,cow_grouped,posture_gnb,42,4,121,74,1,-0.4970175745359902
mild,cow_grouped,posture_gnb,42,4,130,88,0,-0.49999999999999994
mild,cow_grouped,posture_gnb,42,4,131,54,1,-0.49987459209144874
mild,cow_grouped,posture_gnb,42,4,132,38,0,0.14403907818831496
mild,cow_grouped,posture_gnb,42,4,137,19,0,-0.49986868903926757
mild,cow_grouped,posture_gnb,42,4,139,89,0,0.49926145818996337
mild,cow_grouped,posture_gnb,42,4,144,63,1,0.49999999998395595
mild,cow_grouped,posture_gnb,42,4,155,68,1,0.4959571721366004
mild,cow_grouped,posture_gnb,42,4,157,77,0,-0.4999999999671421
mild,cow_grouped,posture_gnb,42,4,158,74,1,0.4999999999815401
mild,cow_grouped,posture_gnb,42,4,166,19,0,-0.49927849144478514
mild,cow_grouped,posture_gnb,42,4,173,89,0,0.49983469766625965
mild,cow_grouped,posture_gnb,42,4,175,74,1,0.4999999999999858
mild,cow_grouped,posture_gnb,42,4,184,68,0,-0.4999999916862306
mild,cow_grouped,posture_gnb,42,4,192,38,0,-0.49999999999604006
mild,cow_grouped,posture_gnb,42,4,196,67,0,-0.5
mild,cow_grouped,posture_gnb,42,4,203,77,1,0.49999950455686293
mild,cow_grouped,posture_gnb,42,4,220,88,0,-0.4999999999958024
mild,cow_grouped,posture_gnb,42,4,223,38,0,0.4999999999979252
mild,cow_grouped,posture_gnb,42,4,225,67,0,-0.5
mild,cow_grouped,posture_gnb,42,4,228,43,1,-0.498885683667839
mild,cow_grouped,posture_gnb,42,4,235,89,0,0.49999999934416905
mild,cow_grouped,posture_gnb,42,4,238,54,1,-0.4999994147167291
mild,cow_grouped,posture_gnb,42,4,247,88,0,-0.4993076048871258
mild,cow_grouped,posture_gnb,42,4,251,38,0,-0.4993694677124424
mild,cow_grouped,posture_gnb,42,4,266,88,0,-0.49999923724648243
mild,cow_grouped,posture_gnb,42,4,270,49,0,0.10728568406153383
mild,cow_grouped,mkl,123,0,013,92,0,-0.5421852682056341
mild,cow_grouped,mkl,123,0,017,8,0,-0.5828701715166766
mild,cow_grouped,mkl,123,0,020,20,1,1.023231295777987
mild,cow_grouped,mkl,123,0,021,70,0,0.6675259785683846
mild,cow_grouped,mkl,123,0,030,57,1,-1.0122717751036894
mild,cow_grouped,mkl,123,0,032,19,0,-0.9842383380301782
mild,cow_grouped,mkl,123,0,040,8,0,0.18223682229123406
mild,cow_grouped,mkl,123,0,046,70,1,0.7942163475515064
mild,cow_grouped,mkl,123,0,047,51,0,-0.7376678765627959
mild,cow_grouped,mkl,123,0,050,51,0,0.4595078752094358
mild,cow_grouped,mkl,123,0,052,8,0,0.48481067378534115
mild,cow_grouped,mkl,123,0,055,15,1,-1.1992570328869765
mild,cow_grouped,mkl,123,0,072,70,1,0.4827522219637964
mild,cow_grouped,mkl,123,0,073,13,1,1.4359450404815965
mild,cow_grouped,mkl,123,0,087,51,0,-0.5211611029918354
mild,cow_grouped,mkl,123,0,089,20,1,1.6030327630427803
mild,cow_grouped,mkl,123,0,092,51,0,-0.26588318433574
mild,cow_grouped,mkl,123,0,102,76,1,0.5756508092572669
mild,cow_grouped,mkl,123,0,104,19,0,-0.5730526221462164
mild,cow_grouped,mkl,123,0,106,48,1,-0.4092789916199341
mild,cow_grouped,mkl,123,0,112,94,0,-0.7467549914928068
mild,cow_grouped,mkl,123,0,114,92,1,1.2215889734290477
mild,cow_grouped,mkl,123,0,121,74,1,0.37403979939219734
mild,cow_grouped,mkl,123,0,122,71,0,-1.0488636074518403
mild,cow_grouped,mkl,123,0,133,51,0,0.47821606147169793
mild,cow_grouped,mkl,123,0,135,64,1,1.2138064895656924
mild,cow_grouped,mkl,123,0,137,19,0,-1.0717140759945938
mild,cow_grouped,mkl,123,0,156,5,0,-0.6333720874399307
mild,cow_grouped,mkl,123,0,158,74,1,1.0394517250512538
mild,cow_grouped,mkl,123,0,160,51,0,-0.22664594454672754
mild,cow_grouped,mkl,123,0,163,48,0,0.3945125832574664
mild,cow_grouped,mkl,123,0,165,30,0,-0.8861094607469865
mild,cow_grouped,mkl,123,0,166,19,0,-0.6618523392159652
mild,cow_grouped,mkl,123,0,175,74,1,1.6501034823252083
mild,cow_grouped,mkl,123,0,178,76,1,1.1992340699921082
mild,cow_grouped,mkl,123,0,179,37,0,0.5432991680900764
mild,cow_grouped,mkl,123,0,180,73,1,1.3420150670062587
mild,cow_grouped,mkl,123,0,185,71,0,-1.0227439409741788
mild,cow_grouped,mkl,123,0,186,51,0,-0.918842715910302
mild,cow_grouped,mkl,123,0,194,5,0,-0.5894011779666558
mild,cow_grouped,mkl,123,0,195,94,0,-0.8853703024459275
mild,cow_grouped,mkl,123,0,209,64,0,0.43049953342861513
mild,cow_grouped,mkl,123,0,210,20,1,1.4044301323319215
mild,cow_grouped,mkl,123,0,214,92,0,-0.8519025706501866
mild,cow_grouped,mkl,123,0,219,73,1,1.57036309638975
mild,cow_grouped,mkl,123,0,229,51,0,-0.9102001289087567
mild,cow_grouped,mkl,123,0,233,37,1,1.127318294296038
mild,cow_grouped,mkl,123,0,260,60,0,-0.6821751415140493
mild,cow_grouped,mkl,123,0,272,33,1,-0.022356319351371945
mild,cow_grouped,posture_svm,123,0,013,92,0,-0.6295721483485991
mild,cow_grouped,posture_svm,123,0,017,8,0,-0.6844401142846177
mild,cow_grouped,posture_svm,123,0,020,20,1,0.9037503194824675
mild,cow_grouped,posture_svm,123,0,021,70,0,0.7181572901576389
mild,cow_grouped,posture_svm,123,0,030,57,1,-0.8949105738368053
mild,cow_grouped,posture_svm,123,0,032,19,0,-1.0530958274537192
mild,cow_grouped,posture_svm,123,0,040,8,0,0.18053619879984206
mild,cow_grouped,posture_svm,123,0,046,70,1,0.5787281114389117
mild,cow_grouped,posture_svm,123,0,047,51,0,-0.7297428167954814
mild,cow_grouped,posture_svm,123,0,050,51,0,0.6225734483887183
mild,cow_grouped,posture_svm,123,0,052,8,0,0.5668221586938543
mild,cow_grouped,posture_svm,123,0,055,15,1,-1.0706780948756318
mild,cow_grouped,posture_svm,123,0,072,70,1,0.31642916937617693
mild,cow_grouped,posture_svm,123,0,073,13,1,1.4699668305715194
mild,cow_grouped,posture_svm,123,0,087,51,0,-0.7535409808170993
mild,cow_grouped,posture_svm,123,0,089,20,1,1.4966460665774202
mild,cow_grouped,posture_svm,123,0,092,51,0,-0.5841871790617851
mild,cow_grouped,posture_svm,123,0,102,76,1,0.48913885490622133
mild,cow_grouped,posture_svm,123,0,104,19,0,-0.5528056521658835
mild,cow_grouped,posture_svm,123,0,106,48,1,-0.2728006683980192
mild,cow_grouped,posture_svm,123,0,112,94,0,-0.8083483101357244
mild,cow_grouped,posture_svm,123,0,114,92,1,1.1228813803222306
mild,cow_grouped,posture_svm,123,0,121,74,1,0.3785607608099234
mild,cow_grouped,posture_svm,123,0,122,71,0,-0.9871891234516575
mild,cow_grouped,posture_svm,123,0,133,51,0,0.6332395756101897
mild,cow_grouped,posture_svm,123,0,135,64,1,1.2661247098065695
mild,cow_grouped,posture_svm,123,0,137,19,0,-1.158840221256963
mild,cow_grouped,posture_svm,123,0,156,5,0,-0.6279696191193305
mild,cow_grouped,posture_svm,123,0,158,74,1,0.9873990719455165
mild,cow_grouped,posture_svm,123,0,160,51,0,-0.40944335281229094
mild,cow_grouped,posture_svm,123,0,163,48,0,0.23480977376030376
mild,cow_grouped,posture_svm,123,0,165,30,0,-0.8673478841237465
mild,cow_grouped,posture_svm,123,0,166,19,0,-0.9086606840955639
mild,cow_grouped,posture_svm,123,0,175,74,1,1.7839586833927745
mild,cow_grouped,posture_svm,123,0,178,76,1,1.211152745927607
mild,cow_grouped,posture_svm,123,0,179,37,0,0.5647755351695934
mild,cow_grouped,posture_svm,123,0,180,73,1,1.393585036149282
mild,cow_grouped,posture_svm,123,0,185,71,0,-0.9509813192602555
mild,cow_grouped,posture_svm,123,0,186,51,0,-0.9880476879836423
mild,cow_grouped,posture_svm,123,0,194,5,0,-0.5950315505490763
mild,cow_grouped,posture_svm,123,0,195,94,0,-0.8029026122087299
mild,cow_grouped,posture_svm,123,0,209,64,0,0.5248165437768962
mild,cow_grouped,posture_svm,123,0,210,20,1,1.4197813340376553
mild,cow_grouped,posture_svm,123,0,214,92,0,-1.2661865317163714
mild,cow_grouped,posture_svm,123,0,219,73,1,1.44138543808424
mild,cow_grouped,posture_svm,123,0,229,51,0,-1.2198271347514043
mild,cow_grouped,posture_svm,123,0,233,37,1,1.0397063387810865
mild,cow_grouped,posture_svm,123,0,260,60,0,-0.642089140399472
mild,cow_grouped,posture_svm,123,0,272,33,1,-0.10598080345565108
mild,cow_grouped,mkl,123,1,001,87,0,-1.184824525898069
mild,cow_grouped,mkl,123,1,004,45,1,0.9602710382495308
mild,cow_grouped,mkl,123,1,005,65,0,-1.3971339844645339
mild,cow_grouped,mkl,123,1,028,55,0,-0.8069535002118913
mild,cow_grouped,mkl,123,1,048,67,0,-0.5233327191725371
mild,cow_grouped,mkl,123,1,049,87,0,-1.3520208128926745
mild,cow_grouped,mkl,123,1,058,50,0,0.438546614376185
mild,cow_grouped,mkl,123,1,062,55,0,-1.5012110869367559
mild,cow_grouped,mkl,123,1,068,22,1,0.19129743326981435
mild,cow_grouped,mkl,123,1,076,4,1,0.24630102221967404
mild,cow_grouped,mkl,123,1,078,93,0,-1.1212635988507902
mild,cow_grouped,mkl,123,1,083,79,0,-0.805857407670685
mild,cow_grouped,mkl,123,1,085,18,0,-1.7839089630349576
mild,cow_grouped,mkl,123,1,086,18,0,-1.7252939926492736
mild,cow_grouped,mkl,123,1,091,96,1,0.5875798331073445
mild,cow_grouped,mkl,123,1,094,93,1,-0.4290094192371596
mild,cow_grouped,mkl,123,1,098,4,1,0.9425650441472797
mild,cow_grouped,mkl,123,1,101,36,0,-1.3074963166608076
mild,cow_grouped,mkl,123,1,110,22,1,1.382414130442489
mild,cow_grouped,mkl,123,1,128,96,1,1.836448644701981
mild,cow_grouped,mkl,123,1,144,63,1,0.8553634793632794
mild,cow_grouped,mkl,123,1,145,36,0,-1.4006877921583256
mild,cow_grouped,mkl,123,1,154,45,0,-0.5393884150332222
mild,cow_grouped,mkl,123,1,161,79,1,0.5546878932167896
mild,cow_grouped,mkl,123,1,167,22,1,1.2421693937405935
mild,cow_grouped,mkl,123,1,168,4,1,0.21063310028047127
mild,cow_grouped,mkl,123,1,172,18,0,-1.8878133567069573
mild,cow_grouped,mkl,123,1,182,79,1,-0.047959971134018786
mild,cow_grouped,mkl,123,1,189,22,1,0.9839736072473619
mild,cow_grouped,mkl,123,1,191,87,0,-1.6421985907084562
mild,cow_grouped,mkl,123,1,196,67,0,-0.8549298311582765
mild,cow_grouped,mkl,123,1,198,93,0,-1.2413474142975496
mild,cow_grouped,mkl,123,1,200,21,0,-0.8978343482767264
mild,cow_grouped,mkl,123,1,201,66,1,-0.9819810603040144
mild,cow_grouped,mkl,123,1,202,46,0,-0.6371139570984501
mild,cow_grouped,mkl,123,1,208,79,1,0.379658332514423
mild,cow_grouped,mkl,123,1,211,87,0,-1.5244883274360863
mild,cow_grouped,mkl,123,1,215,50,0,-1.7515259814850348
mild,cow_grouped,mkl,123,1,216,36,1,0.4675411814176545
mild,cow_grouped,mkl,123,1,225,67,0,-0.8575333220893353
mild,cow_grouped,mkl,123,1,237,18,0,-1.3048010625031607
mild,cow_grouped,mkl,123,1,246,50,0,-0.9704604432870394
mild,cow_grouped,mkl,123,1,248,36,1,0.6271777272111527
mild,cow_grouped,mkl,123,1,252,18,0,-0.3755669269694506
mild,cow_grouped,mkl,123,1,253,45,1,-0.1382356514171939
mild,cow_grouped,mkl,123,1,262,14,0,-0.4718089549487582
mild,cow_grouped,mkl,123,1,264,31,0,0.28909144217176524
mild,cow_grouped,mkl,123,1,265,18,0,-1.1172077323542813
mild,cow_grouped,mkl,123,1,268,21,0,-1.011820131033188
mild,cow_grouped,posture_svm,123,1,001,87,0,-1.285019326787744
mild,cow_grouped,posture_svm,123,1,004,45,1,0.8979795608940659
mild,cow_grouped,posture_svm,123,1,005,65,0,-1.5345713654399384
mild,cow_grouped,posture_svm,123,1,028,55,0,-0.7993710804733207
mild,cow_grouped,posture_svm,123,1,048,67,0,-0.4394850215442316
mild,cow_grouped,posture_svm,123,1,049,87,0,-1.5425153889902834
mild,cow_grouped,posture_svm,123,1,058,50,0,0.424846692949894
mild,cow_grouped,posture_svm,123,1,062,55,0,-1.5176384358568322
mild,cow_grouped,posture_svm,123,1,068,22,1,0.2635408172937325
mild,cow_grouped,posture_svm,123,1,076,4,1,0.5037060456557165
mild,cow_grouped,posture_svm,123,1,078,93,0,-1.0101587614905627
mild,cow_grouped,posture_svm,123,1,083,79,0,-0.874593782457764
mild,cow_grouped,posture_svm,123,1,085,18,0,-1.8089915320030547
mild,cow_grouped,posture_svm,123,1,086,18,0,-1.7479170355407667
mild,cow_grouped,posture_svm,123,1,091,96,1,0.7138952063779886
mild,cow_grouped,posture_svm,123,1,094,93,1,-0.26249636707955504
mild,cow_grouped,posture_svm,123,1,098,4,1,0.930378275546855
mild,cow_grouped,posture_svm,123,1,101,36,0,-1.3165648554568083
mild,cow_grouped,posture_svm,123,1,110,22,1,1.602171219316899
mild,cow_grouped,posture_svm,123,1,128,96,1,1.8035875434882311
mild,cow_grouped,posture_svm,123,1,144,63,1,0.7772248316736368
mild,cow_grouped,posture_svm,123,1,145,36,0,-1.3323478810256986
mild,cow_grouped,posture_svm,123,1,154,45,0,-0.6073655529731503
mild,cow_grouped,posture_svm,123,1,161,79,1,0.48426046489281943
mild,cow_grouped,posture_svm,123,1,167,22,1,1.3455884205032558
mild,cow_grouped,posture_svm,123,1,168,4,1,0.15568700044634748
mild,cow_grouped,posture_svm,123,1,172,18,0,-1.8602660454223539
mild,cow_grouped,posture_svm,123,1,182,79,1,-0.05212125872452311
mild,cow_grouped,posture_svm,123,1,189,22,1,1.2484138602495616
mild,cow_grouped,posture_svm,123,1,191,87,0,-1.746096268119902
mild,cow_grouped,posture_svm,123,1,196,67,0,-0.769684247230652
mild,cow_grouped,posture_svm,123,1,198,93,0,-1.232892084689104
mild,cow_grouped,posture_svm,123,1,200,21,0,-0.7725685926297081
mild,cow_grouped,posture_svm,123,1,201,66,1,-0.9753208315180439
mild,cow_grouped,posture_svm,123,1,202,46,0,-0.6449239848114171
mild,cow_grouped,posture_svm,123,1,208,79,1,0.31660168168747943
mild,cow_grouped,posture_svm,123,1,211,87,0,-1.6721344835276972
mild,cow_grouped,posture_svm,123,1,215,50,0,-1.9152456545148517
mild,cow_grouped,posture_svm,123,1,216,36,1,0.5024454689578475
mild,cow_grouped,posture_svm,123,1,225,67,0,-0.868037939365142
mild,cow_grouped,posture_svm,123,1,237,18,0,-1.4365126099290542
mild,cow_grouped,posture_svm,123,1,246,50,0,-1.0219389735328126
mild,cow_grouped,posture_svm,123,1,248,36,1,0.6483782537378842
mild,cow_grouped,posture_svm,123,1,252,18,0,-0.286165250468583
mild,cow_grouped,posture_svm,123,1,253,45,1,-0.1525139339635263
mild,cow_grouped,posture_svm,123,1,262,14,0,-0.5042967054828371
mild,cow_grouped,posture_svm,123,1,264,31,0,0.45012770185126444
mild,cow_grouped,posture_svm,123,1,265,18,0,-1.2121185823226905
mild,cow_grouped,posture_svm,123,1,268,21,0,-1.1760656577091284
mild,cow_grouped,mkl,123,2,003,1,0,-0.9651875508114388
mild,cow_grouped,mkl,123,2,006,49,1,1.0150799160493014
mild,cow_grouped,mkl,123,2,007,90,1,0.2521123009856914
mild,cow_grouped,mkl,123,2,026,86,1,1.525429703843196
mild,cow_grouped,mkl,123,2,036,77,0,-0.41450834694859023
mild,cow_grouped,mkl,123,2,037,90,0,-0.3011933145423355
mild,cow_grouped,mkl,123,2,038,43,1,-0.36232007760885465
mild,cow_grouped,mkl,123,2,039,40,0,-1.2114170619635583
mild,cow_grouped,mkl,123,2,041,26,1,0.7454497259790213
mild,cow_grouped,mkl,123,2,045,49,1,1.0718338581889526
mild,cow_grouped,mkl,123,2,061,24,1,1.1676673781913807
mild,cow_grouped,mkl,123,2,064,88,0,-1.070600619132571
mild,cow_grouped,mkl,123,2,065,41,1,1.02484962342646
mild,cow_grouped,mkl,123,2,066,90,1,0.12567002406815964
mild,cow_grouped,mkl,123,2,069,1,0,-0.7155412210136604
mild,cow_grouped,mkl,123,2,077,86,1,1.7310583474956154
mild,cow_grouped,mkl,123,2,079,43,1,-0.552311028574005
mild,cow_grouped,mkl,123,2,081,40,0,-0.7307712393962466
mild,cow_grouped,mkl,123,2,095,86,1,1.4734853920589202
mild,cow_grouped,mkl,123,2,097,2,1,0.9739638953736943
mild,cow_grouped,mkl,123,2,111,77,0,-0.07093044372927348
mild,cow_grouped,mkl,123,2,115,41,1,0.4965483219805983
mild,cow_grouped,mkl,123,2,119,40,0,-1.6351072394722883
mild,cow_grouped,mkl,123,2,130,88,0,-1.263511607369125
mild,cow_grouped,mkl,123,2,149,40,0,-0.006263987546009098
mild,cow_grouped,mkl,123,2,150,29,0,0.6064307107306152
mild,cow_grouped,mkl,123,2,155,68,1,1.0625809343367907
mild,cow_grouped,mkl,123,2,157,77,0,-0.976265792872446
mild,cow_grouped,mkl,123,2,164,53,0,-0.895241670070208
mild,cow_grouped,mkl,123,2,170,53,0,-0.8052309331829626
mild,cow_grouped,mkl,123,2,174,1,0,-1.5880775913895397
mild,cow_grouped,mkl,123,2,176,41,0,-0.5046988851456566
mild,cow_grouped,mkl,123,2,184,68,0,0.1364801388553326
mild,cow_grouped,mkl,123,2,203,77,1,0.8296824964922823
mild,cow_grouped,mkl,123,2,205,95,0,-0.736483203136147
mild,cow_grouped,mkl,123,2,212,12,0,-0.6703434610513302
mild,cow_grouped,mkl,123,2,220,88,0,-1.5424551549376733
mild,cow_grouped,mkl,123,2,226,41,1,-0.16765775045827214
mild,cow_grouped,mkl,123,2,228,43,1,0.07385413926710727
mild,cow_grouped,mkl,123,2,231,11,0,-0.5896081345503594
mild,cow_grouped,mkl,123,2,239,1,0,-1.0936632789265919
mild,cow_grouped,mkl,123,2,241,29,0,-0.08548869993531893
mild,cow_grouped,mkl,123,2,247,88,0,-0.7683518287661357
mild,cow_grouped,mkl,123,2,254,86,1,1.3253621465478567
mild,cow_grouped,mkl,123,2,255,97,0,0.1549520798409011
mild,cow_grouped,mkl,123,2,266,88,0,-1.492339966712605
mild,cow_grouped,mkl,123,2,270,49,0,-0.05102298726174681
mild,cow_grouped,posture_svm,123,2,003,1,0,-0.9216398024766026
mild,cow_grouped,posture_svm,123,2,006,49,1,0.9206972312152802
mild,cow_grouped,posture_svm,123,2,007,90,1,0.16195471846508014
mild,cow_grouped,posture_svm,123,2,026,86,1,1.5427890332197145
mild,cow_grouped,posture_svm,123,2,036,77,0,-0.32524735014175515
mild,cow_grouped,posture_svm,123,2,037,90,0,-0.234505171686461
mild,cow_grouped,posture_svm,123,2,038,43,1,-0.23046714592288675
mild,cow_grouped,posture_svm,123,2,039,40,0,-1.0541213064361956
mild,cow_grouped,posture_svm,123,2,041,26,1,0.9293650867302005
mild,cow_grouped,posture_svm,123,2,045,49,1,1.37292077518554
mild,cow_grouped,posture_svm,123,2,061,24,1,1.0064309708921177
mild,cow_grouped,posture_svm,123,2,064,88,0,-1.0915608387300901
mild,cow_grouped,posture_svm,123,2,065,41,1,1.1521378210687327
mild,cow_grouped,posture_svm,123,2,066,90,1,0.0940731482295184
mild,cow_grouped,posture_svm,123,2,069,1,0,-0.8751818124088389
mild,cow_grouped,posture_svm,123,2,077,86,1,1.6848612653195607
mild,cow_grouped,posture_svm,123,2,079,43,1,-0.638750237757727
mild,cow_grouped,posture_svm,123,2,081,40,0,-0.6021305295048829
mild,cow_grouped,posture_svm,123,2,095,86,1,1.6448132307811236
mild,cow_grouped,posture_svm,123,2,097,2,1,0.9372487516924372
mild,cow_grouped,posture_svm,123,2,111,77,0,0.017307987394968527
mild,cow_grouped,posture_svm,123,2,115,41,1,0.5862211687722444
mild,cow_grouped,posture_svm,123,2,119,40,0,-1.5795329437433083
mild,cow_grouped,posture_svm,123,2,130,88,0,-1.3507783186786995
mild,cow_grouped,posture_svm,123,2,149,40,0,-0.14823991238902845
mild,cow_grouped,posture_svm,123,2,150,29,0,0.6802106430477733
mild,cow_grouped,posture_svm,123,2,155,68,1,1.031622958290146
mild,cow_grouped,posture_svm,123,2,157,77,0,-1.0486041740312153
mild,cow_grouped,posture_svm,123,2,164,53,0,-0.8870303501027013
mild,cow_grouped,posture_svm,123,2,170,53,0,-0.8633180841238526
mild,cow_grouped,posture_svm,123,2,174,1,0,-1.687270397477307
mild,cow_grouped,posture_svm,123,2,176,41,0,-0.5961568028124274
mild,cow_grouped,posture_svm,123,2,184,68,0,0.022395348461155096
mild,cow_grouped,posture_svm,123,2,203,77,1,0.7940187241533511
mild,cow_grouped,posture_svm,123,2,205,95,0,-0.6176983534533671
mild,cow_grouped,posture_svm,123,2,212,12,0,-0.8121888340512686
mild,cow_grouped,posture_svm,123,2,220,88,0,-1.419041495569227
mild,cow_grouped,posture_svm,123,2,226,41,1,-0.004836656215947532
mild,cow_grouped,posture_svm,123,2,228,43,1,-0.03416521220060287
mild,cow_grouped,posture_svm,123,2,231,11,0,-0.6880405197827667
mild,cow_grouped,posture_svm,123,2,239,1,0,-1.2967506077479654
mild,cow_grouped,posture_svm,123,2,241,29,0,-0.12173252270281432
mild,cow_grouped,posture_svm,123,2,247,88,0,-0.7065112458770325
mild,cow_grouped,posture_svm,123,2,254,86,1,1.3276856216906925
mild,cow_grouped,posture_svm,123,2,255,97,0,0.04952731423841683
mild,cow_grouped,posture_svm,123,2,266,88,0,-1.3701770837755158
mild,cow_grouped,posture_svm,123,2,270,49,0,0.08219520000278413
mild,cow_grouped,mkl,123,3,008,28,0,0.22023627335987017
mild,cow_grouped,mkl,123,3,014,39,1,-0.08290131753565294
mild,cow_grouped,mkl,123,3,022,34,1,-0.10284368696873775
mild,cow_grouped,mkl,123,3,023,44,0,-1.2318492146666302
mild,cow_grouped,mkl,123,3,024,89,0,-0.5224508507234897
mild,cow_grouped,mkl,123,3,027,85,1,-0.2169050603582734
mild,cow_grouped,mkl,123,3,029,35,0,-0.5318979860037967
mild,cow_grouped,mkl,123,3,034,91,1,0.8974052232816087
mild,cow_grouped,mkl,123,3,035,83,1,0.4127320060463483
mild,cow_grouped,mkl,123,3,051,28,0,-0.3977487093303032
mild,cow_grouped,mkl,123,3,054,16,1,0.5240087696152674
mild,cow_grouped,mkl,123,3,057,69,1,1.1921770176800708
mild,cow_grouped,mkl,123,3,060,44,0,-0.18718349217611097
mild,cow_grouped,mkl,123,3,067,34,1,0.2015909116713851
mild,cow_grouped,mkl,123,3,080,25,0,-0.05319641102904543
mild,cow_grouped,mkl,123,3,090,69,0,0.8318369139569418
mild,cow_grouped,mkl,123,3,103,6,0,-0.9208873261401973
mild,cow_grouped,mkl,123,3,107,35,0,-1.015701710631264
mild,cow_grouped,mkl,123,3,108,61,0,-0.8008187265094031
mild,cow_grouped,mkl,123,3,116,85,0,-0.04694409622518236
mild,cow_grouped,mkl,123,3,118,91,1,1.0217845844253306
mild,cow_grouped,mkl,123,3,129,69,1,1.1937620177666814
mild,cow_grouped,mkl,123,3,134,69,1,0.7852350600867269
mild,cow_grouped,mkl,123,3,136,39,0,1.4250199371700178
mild,cow_grouped,mkl,123,3,139,89,0,-0.349402297443028
mild,cow_grouped,mkl,123,3,142,44,0,-0.43427911104269246
mild,cow_grouped,mkl,123,3,143,28,0,-0.4300395266733732
mild,cow_grouped,mkl,123,3,151,85,1,0.07839508086103841
mild,cow_grouped,mkl,123,3,153,83,1,0.6357795207225657
mild,cow_grouped,mkl,123,3,169,39,1,0.7210951808859051
mild,cow_grouped,mkl,123,3,173,89,0,-0.45359647828646404
mild,cow_grouped,mkl,123,3,177,32,0,0.42401302173425937
mild,cow_grouped,mkl,123,3,181,6,0,-1.7229514720044548
mild,cow_grouped,mkl,123,3,188,85,0,-0.8294883392104342
mild,cow_grouped,mkl,123,3,190,44,0,-0.44119094527906055
mild,cow_grouped,mkl,123,3,197,35,0,-0.7679520592423564
mild,cow_grouped,mkl,123,3,204,27,0,-0.8918165734408825
mild,cow_grouped,mkl,123,3,213,44,1,0.7247554215170292
mild,cow_grouped,mkl,123,3,230,34,0,-0.7685089827760488
mild,cow_grouped,mkl,123,3,234,39,0,0.6584036821369014
mild,cow_grouped,mkl,123,3,235,89,0,0.06423355015170412
mild,cow_grouped,mkl,123,3,236,44,0,0.20864248308000566
mild,cow_grouped,mkl,123,3,243,85,1,0.5000347847575753
mild,cow_grouped,mkl,123,3,257,83,1,0.9785035412791242
mild,cow_grouped,mkl,123,3,258,85,1,-0.36664656143639696
mild,cow_grouped,mkl,123,3,259,62,1,0.5510069368763936
mild,cow_grouped,mkl,123,3,269,44,0,-0.595383382787831
mild,cow_grouped,posture_svm,123,3,008,28,0,0.18814939833490102
mild,cow_grouped,posture_svm,123,3,014,39,1,0.15923705536013372
mild,cow_grouped,posture_svm,123,3,022,34,1,-0.04273045430995365
mild,cow_grouped,posture_svm,123,3,023,44,0,-1.6107361902064627
mild,cow_grouped,posture_svm,123,3,024,89,0,-0.3634768090816324
mild,cow_grouped,posture_svm,123,3,027,85,1,-0.19116152699385142
mild,cow_grouped,posture_svm,123,3,029,35,0,-0.6524972677632124
mild,cow_grouped,posture_svm,123,3,034,91,1,1.237882229924206
mild,cow_grouped,posture_svm,123,3,035,83,1,0.34661810074178784
mild,cow_grouped,posture_svm,123,3,051,28,0,-0.40354897515546395
mild,cow_grouped,posture_svm,123,3,054,16,1,0.9245313942104185
mild,cow_grouped,posture_svm,123,3,057,69,1,1.2222903055866126
mild,cow_grouped,posture_svm,123,3,060,44,0,-0.44449208768064413
mild,cow_grouped,posture_svm,123,3,067,34,1,0.33101184400315004
mild,cow_grouped,posture_svm,123,3,080,25,0,0.0901333951928765
mild,cow_grouped,posture_svm,123,3,090,69,0,1.0522124063061538
mild,cow_grouped,posture_svm,123,3,103,6,0,-1.1137003768802427
mild,cow_grouped,posture_svm,123,3,107,35,0,-0.9524046689166392
mild,cow_grouped,posture_svm,123,3,108,61,0,-0.4784246410154183
mild,cow_grouped,posture_svm,123,3,116,85,0,-0.1988459216613204
mild,cow_grouped,posture_svm,123,3,118,91,1,1.2658253127775678
mild,cow_grouped,posture_svm,123,3,129,69,1,1.0804688936736173
mild,cow_grouped,posture_svm,123,3,134,69,1,0.9640465288722062
mild,cow_grouped,posture_svm,123,3,136,39,0,1.0816865003052087
mild,cow_grouped,posture_svm,123,3,139,89,0,-0.2247866777192261
mild,cow_grouped,posture_svm,123,3,142,44,0,-0.5633789805204897
mild,cow_grouped,posture_svm,123,3,143,28,0,-0.5802912820031723
mild,cow_grouped,posture_svm,123,3,151,85,1,-0.028010828629473628
mild,cow_grouped,posture_svm,123,3,153,83,1,0.812791317950754
mild,cow_grouped,posture_svm,123,3,169,39,1,0.5695181232365072
mild,cow_grouped,posture_svm,123,3,173,89,0,-0.33325652765647007
mild,cow_grouped,posture_svm,123,3,177,32,0,0.07868483678608462
mild,cow_grouped,posture_svm,123,3,181,6,0,-1.695857722295763
mild,cow_grouped,posture_svm,123,3,188,85,0,-0.836722347600803
mild,cow_grouped,posture_svm,123,3,190,44,0,-0.7335941199405324
mild,cow_grouped,posture_svm,123,3,197,35,0,-0.6216956287089497
mild,cow_grouped,posture_svm,123,3,204,27,0,-0.6718269221344237
mild,cow_grouped,posture_svm,123,3,213,44,1,0.5253664608003095
mild,cow_grouped,posture_svm,123,3,230,34,0,-0.9176670561725229
mild,cow_grouped,posture_svm,123,3,234,39,0,0.3753135359354394
mild,cow_grouped,posture_svm,123,3,235,89,0,0.06829855101996424
mild,cow_grouped,posture_svm,123,3,236,44,0,-0.2650276329048436
mild,cow_grouped,posture_svm,123,3,243,85,1,0.401592787173722
mild,cow_grouped,posture_svm,123,3,257,83,1,0.7782161029195858
mild,cow_grouped,posture_svm,123,3,258,85,1,-0.5171767997503829
mild,cow_grouped,posture_svm,123,3,259,62,1,0.5875298592426279
mild,cow_grouped,posture_svm,123,3,269,44,0,-0.617063825047047
mild,cow_grouped,mkl,123,4,002,78,0,-0.24985916332715835
mild,cow_grouped,mkl,123,4,010,72,0,-0.8531782601575226
mild,cow_grouped,mkl,123,4,015,75,1,-0.5820802707135757
mild,cow_grouped,mkl,123,4,016,84,1,1.0613165800492814
mild,cow_grouped,mkl,123,4,019,82,0,-2.163204967115026
mild,cow_grouped,mkl,123,4,031,38,1,-0.4914378566673177
mild,cow_grouped,mkl,123,4,042,23,0,-0.3082911038965895
mild,cow_grouped,mkl,123,4,053,78,0,0.7890617789110617
mild,cow_grouped,mkl,123,4,070,75,1,0.04842392544754931
mild,cow_grouped,mkl,123,4,071,23,1,1.1727483885783554
mild,cow_grouped,mkl,123,4,075,38,1,-0.7945130593800345
mild,cow_grouped,mkl,123,4,088,82,0,-0.8369721619867754
mild,cow_grouped,mkl,123,4,096,17,0,-1.5663221100605307
mild,cow_grouped,mkl,123,4,100,72,1,0.10981724886374672
mild,cow_grouped,mkl,123,4,113,78,0,0.07732778781077204
mild,cow_grouped,mkl,123,4,117,7,0,-1.5800392375030363
mild,cow_grouped,mkl,123,4,120,52,0,-1.0347059961555416
mild,cow_grouped,mkl,123,4,125,42,0,-2.0319400315830864
mild,cow_grouped,mkl,123,4,126,82,0,-2.020244312180997
mild,cow_grouped,mkl,123,4,127,75,1,0.20018553711072545
mild,cow_grouped,mkl,123,4,131,54,1,-0.0730872876377785
mild,cow_grouped,mkl,123,4,132,38,0,-0.4151084644187572
mild,cow_grouped,mkl,123,4,138,75,1,-0.1662812833784722
mild,cow_grouped,mkl,123,4,140,84,1,-0.42926691266775746
mild,cow_grouped,mkl,123,4,146,78,0,-0.24713149155711883
mild,cow_grouped,mkl,123,4,147,72,0,0.6337189720941732
mild,cow_grouped,mkl,123,4,148,7,0,-1.4841521994184563
mild,cow_grouped,mkl,123,4,152,58,1,1.2895535681158437
mild,cow_grouped,mkl,123,4,159,52,0,-0.7161216332538826
mild,cow_grouped,mkl,123,4,162,23,0,-0.1454694710739138
mild,cow_grouped,mkl,123,4,171,42,0,-1.7099829590359945
mild,cow_grouped,mkl,123,4,187,17,0,-0.7929310233192983
mild,cow_grouped,mkl,123,4,192,38,0,-0.7896685859628751
mild,cow_grouped,mkl,123,4,193,56,1,0.8679843777191623
mild,cow_grouped,mkl,123,4,199,82,0,-0.7561334300722872
mild,cow_grouped,mkl,123,4,206,42,0,-2.0895422603780482
mild,cow_grouped,mkl,123,4,221,72,1,-0.9028034106560543
mild,cow_grouped,mkl,123,4,222,52,0,-1.07257163566257
mild,cow_grouped,mkl,123,4,223,38,0,-0.3000249640617543
mild,cow_grouped,mkl,123,4,227,78,0,-1.251942279389862
mild,cow_grouped,mkl,123,4,238,54,1,-0.5811558478408863
mild,cow_grouped,mkl,123,4,240,72,0,-1.0361342226782289
mild,cow_grouped,mkl,123,4,244,75,1,0.6980878024888191
mild,cow_grouped,mkl,123,4,249,17,1,1.1402391334649995
mild,cow_grouped,mkl,123,4,251,38,0,0.2966442348992548
mild,cow_grouped,mkl,123,4,256,10,1,0.8545465616706547
mild,cow_grouped,mkl,123,4,267,98,1,-0.6005885471081556
mild,cow_grouped,posture_svm,123,4,002,78,0,-0.23818661401905494
mild,cow_grouped,posture_svm,123,4,010,72,0,-0.8432722161924281
mild,cow_grouped,posture_svm,123,4,015,75,1,-0.5746268329690796
mild,cow_grouped,posture_svm,123,4,016,84,1,1.0559512942301075
mild,cow_grouped,posture_svm,123,4,019,82,0,-2.1945022088532693
mild,cow_grouped,posture_svm,123,4,031,38,1,-0.5009042785873731
mild,cow_grouped,posture_svm,123,4,042,23,0,-0.3012123236104329
mild,cow_grouped,posture_svm,123,4,053,78,0,0.7957165100582986
mild,cow_grouped,posture_svm,123,4,070,75,1,0.05524286502406828
mild,cow_grouped,posture_svm,123,4,071,23,1,1.1907617376404687
mild,cow_grouped,posture_svm,123,4,075,38,1,-0.8012094321382919
mild,cow_grouped,posture_svm,123,4,088,82,0,-0.8328093717169267
mild,cow_grouped,posture_svm,123,4,096,17,0,-1.5839972682646768
mild,cow_grouped,posture_svm,123,4,100,72,1,0.10971034883607217
mild,cow_grouped,posture_svm,123,4,113,78,0,0.09115680780233087
mild,cow_grouped,posture_svm,123,4,117,7,0,-1.6043041099556785
mild,cow_grouped,posture_svm,123,4,120,52,0,-1.0480100509019465
mild,cow_grouped,posture_svm,123,4,125,42,0,-2.051445045826753
mild,cow_grouped,posture_svm,123,4,126,82,0,-2.039658179513384
mild,cow_grouped,posture_svm,123,4,127,75,1,0.20729411703089812
mild,cow_grouped,posture_svm,123,4,131,54,1,-0.07452065862654644
mild,cow_grouped,posture_svm,123,4,132,38,0,-0.4204136235334908
mild,cow_grouped,posture_svm,123,4,138,75,1,-0.15945475771631507
mild,cow_grouped,posture_svm,123,4,140,84,1,-0.4337279955070014
mild,cow_grouped,posture_svm,123,4,146,78,0,-0.2314421222087774
mild,cow_grouped,posture_svm,123,4,147,72,0,0.654300671247023
mild,cow_grouped,posture_svm,123,4,148,7,0,-1.5130791803607986
mild,cow_grouped,posture_svm,123,4,152,58,1,1.3058938784299046
mild,cow_grouped,posture_svm,123,4,159,52,0,-0.731748489747909
mild,cow_grouped,posture_svm,123,4,162,23,0,-0.13064468668597215
mild,cow_grouped,posture_svm,123,4,171,42,0,-1.7083217341904582
mild,cow_grouped,posture_svm,123,4,187,17,0,-0.7936375033085938
mild,cow_grouped,posture_svm,123,4,192,38,0,-0.801593223610952
mild,cow_grouped,posture_svm,123,4,193,56,1,0.8702601735926798
mild,cow_grouped,posture_svm,123,4,199,82,0,-0.791959841039286
mild,cow_grouped,posture_svm,123,4,206,42,0,-2.1023362673965833
mild,cow_grouped,posture_svm,123,4,221,72,1,-0.9092519177610938
mild,cow_grouped,posture_svm,123,4,222,52,0,-1.087691077248943
mild,cow_grouped,posture_svm,123,4,223,38,0,-0.30423303043563976
mild,cow_grouped,posture_svm,123,4,227,78,0,-1.2402077241634841
mild,cow_grouped,posture_svm,123,4,238,54,1,-0.5792174938022876
mild,cow_grouped,posture_svm,123,4,240,72,0,-1.0432606211452462
mild,cow_grouped,posture_svm,123,4,244,75,1,0.7053170940537661
mild,cow_grouped,posture_svm,123,4,249,17,1,1.1572979779330799
mild,cow_grouped,posture_svm,123,4,251,38,0,0.3014094049392004
mild,cow_grouped,posture_svm,123,4,256,10,1,0.8752668869816698
mild,cow_grouped,posture_svm,123,4,267,98,1,-0.5895951762252887
mild,cow_grouped,mkl,456,0,001,87,0,-1.1709115585976384
mild,cow_grouped,mkl,456,0,016,84,1,1.1085214293551622
mild,cow_grouped,mkl,456,0,021,70,0,0.4195250522589633
mild,cow_grouped,mkl,456,0,030,57,1,-0.8706453979159368
mild,cow_grouped,mkl,456,0,035,83,1,0.16706635791006197
mild,cow_grouped,mkl,456,0,038,43,1,-0.49060513129720773
mild,cow_grouped,mkl,456,0,046,70,1,0.5364376673686895
mild,cow_grouped,mkl,456,0,047,51,0,-0.5838396684268435
mild,cow_grouped,mkl,456,0,049,87,0,-1.1661184525286177
mild,cow_grouped,mkl,456,0,050,51,0,0.4192676534283307
mild,cow_grouped,mkl,456,0,072,70,1,0.0033270801019028573
mild,cow_grouped,mkl,456,0,079,43,1,-0.44374352548721924
mild,cow_grouped,mkl,456,0,087,51,0,-0.5847840153547107
mild,cow_grouped,mkl,456,0,092,51,0,-0.625623623021585
mild,cow_grouped,mkl,456,0,097,2,1,0.5854263637901542
mild,cow_grouped,mkl,456,0,102,76,1,0.5529979591635479
mild,cow_grouped,mkl,456,0,103,6,0,-0.9150862111607213
mild,cow_grouped,mkl,456,0,120,52,0,-0.785585524376589
mild,cow_grouped,mkl,456,0,122,71,0,-0.9375236210339136
mild,cow_grouped,mkl,456,0,133,51,0,0.4476929768148936
mild,cow_grouped,mkl,456,0,140,84,1,-0.3436929287353535
mild,cow_grouped,mkl,456,0,153,83,1,0.5065776662280916
mild,cow_grouped,mkl,456,0,155,68,1,0.9707649548163386
mild,cow_grouped,mkl,456,0,156,5,0,-0.608326760830656
mild,cow_grouped,mkl,456,0,159,52,0,-0.7755788816190701
mild,cow_grouped,mkl,456,0,160,51,0,-0.3679084027001901
mild,cow_grouped,mkl,456,0,177,32,0,0.2688481880610566
mild,cow_grouped,mkl,456,0,178,76,1,1.29784375480471
mild,cow_grouped,mkl,456,0,180,73,1,1.042582297195621
mild,cow_grouped,mkl,456,0,181,6,0,-1.7785061241832294
mild,cow_grouped,mkl,456,0,184,68,0,0.1954867690074471
mild,cow_grouped,mkl,456,0,185,71,0,-1.0564450056571544
mild,cow_grouped,mkl,456,0,186,51,0,-1.1857823354903425
mild,cow_grouped,mkl,456,0,191,87,0,-1.6702942750124852
mild,cow_grouped,mkl,456,0,193,56,1,0.7822398335051595
mild,cow_grouped,mkl,456,0,194,5,0,-0.5473742388403943
mild,cow_grouped,mkl,456,0,205,95,0,-0.8132136562144331
mild,cow_grouped,mkl,456,0,211,87,0,-1.5820255135418808
mild,cow_grouped,mkl,456,0,219,73,1,1.266162135581199
mild,cow_grouped,mkl,456,0,222,52,0,-0.8209968323031738
mild,cow_grouped,mkl,456,0,228,43,1,0.1931982292432206
mild,cow_grouped,mkl,456,0,229,51,0,-0.9818987908156666
mild,cow_grouped,mkl,456,0,231,11,0,-0.6123331076688526
mild,cow_grouped,mkl,456,0,255,97,0,0.5130861877026052
mild,cow_grouped,mkl,456,0,257,83,1,0.732605846494295
mild,cow_grouped,mkl,456,0,267,98,1,-0.8225877756640231
mild,cow_grouped,posture_svm,456,0,001,87,0,-1.2840840226873937
mild,cow_grouped,posture_svm,456,0,016,84,1,1.219564125857727
mild,cow_grouped,posture_svm,456,0,021,70,0,0.4617667754588094
mild,cow_grouped,posture_svm,456,0,030,57,1,-0.7992897555156687
mild,cow_grouped,posture_svm,456,0,035,83,1,0.19896949748423753
mild,cow_grouped,posture_svm,456,0,038,43,1,-0.3922978719117025
mild,cow_grouped,posture_svm,456,0,046,70,1,0.4683179152701218
mild,cow_grouped,posture_svm,456,0,047,51,0,-0.6419240937013478
mild,cow_grouped,posture_svm,456,0,049,87,0,-1.4039445701400943
mild,cow_grouped,posture_svm,456,0,050,51,0,0.5314383495848046
mild,cow_grouped,posture_svm,456,0,072,70,1,-0.052961525781908436
mild,cow_grouped,posture_svm,456,0,079,43,1,-0.6612067862350842
mild,cow_grouped,posture_svm,456,0,087,51,0,-0.7594764894085975
mild,cow_grouped,posture_svm,456,0,092,51,0,-0.8341583570046227
mild,cow_grouped,posture_svm,456,0,097,2,1,0.5660340901473732
mild,cow_grouped,posture_svm,456,0,102,76,1,0.4892099576262049
mild,cow_grouped,posture_svm,456,0,103,6,0,-0.9857889112058382
mild,cow_grouped,posture_svm,456,0,120,52,0,-0.7662286423940727
mild,cow_grouped,posture_svm,456,0,122,71,0,-0.8776967150371505
mild,cow_grouped,posture_svm,456,0,133,51,0,0.5069832774491106
mild,cow_grouped,posture_svm,456,0,140,84,1,-0.24776274968073286
mild,cow_grouped,posture_svm,456,0,153,83,1,0.5464534792470427
mild,cow_grouped,posture_svm,456,0,155,68,1,0.9631121352942756
mild,cow_grouped,posture_svm,456,0,156,5,0,-0.6207429113240053
mild,cow_grouped,posture_svm,456,0,159,52,0,-0.7552340768505538
mild,cow_grouped,posture_svm,456,0,160,51,0,-0.5282080203411821
mild,cow_grouped,posture_svm,456,0,177,32,0,0.060131265660508526
mild,cow_grouped,posture_svm,456,0,178,76,1,1.2808513367269048
mild,cow_grouped,posture_svm,456,0,180,73,1,1.079560474840347
mild,cow_grouped,posture_svm,456,0,181,6,0,-1.7961872930599685
mild,cow_grouped,posture_svm,456,0,184,68,0,0.0904821168991995
mild,cow_grouped,posture_svm,456,0,185,71,0,-1.035408788173441
mild,cow_grouped,posture_svm,456,0,186,51,0,-1.2721183690268822
mild,cow_grouped,posture_svm,456,0,191,87,0,-1.7420480246826053
mild,cow_grouped,posture_svm,456,0,193,56,1,0.7164809213560913
mild,cow_grouped,posture_svm,456,0,194,5,0,-0.5431289114716376
mild,cow_grouped,posture_svm,456,0,205,95,0,-0.7278013254433269
mild,cow_grouped,posture_svm,456,0,211,87,0,-1.7196229602838122
mild,cow_grouped,posture_svm,456,0,219,73,1,1.2259245775972833
mild,cow_grouped,posture_svm,456,0,222,52,0,-0.7761934971350766
mild,cow_grouped,posture_svm,456,0,228,43,1,-0.03767955750960572
mild,cow_grouped,posture_svm,456,0,229,51,0,-1.1336740792084292
mild,cow_grouped,posture_svm,456,0,231,11,0,-0.62793462452957
mild,cow_grouped,posture_svm,456,0,255,97,0,0.4582706363497199
mild,cow_grouped,posture_svm,456,0,257,83,1,0.6682654681441692
mild,cow_grouped,posture_svm,456,0,267,98,1,-0.770883479441502
mild,cow_grouped,mkl,456,1,004,45,1,0.8437724759503797
mild,cow_grouped,mkl,456,1,005,65,0,-1.1048626167297653
mild,cow_grouped,mkl,456,1,008,28,0,0.3153556652626237
mild,cow_grouped,mkl,456,1,010,72,0,-0.5121891586937193
mild,cow_grouped,mkl,456,1,026,86,1,1.507180842168317
mild,cow_grouped,mkl,456,1,034,91,1,0.8909934514184243
mild,cow_grouped,mkl,456,1,036,77,0,-0.13128106427515485
mild,cow_grouped,mkl,456,1,039,40,0,-0.9815216068274708
mild,cow_grouped,mkl,456,1,051,28,0,-0.3725094218331599
mild,cow_grouped,mkl,456,1,058,50,0,0.6321681836770601
mild,cow_grouped,mkl,456,1,061,24,1,1.2466185702488695
mild,cow_grouped,mkl,456,1,077,86,1,1.6688465801097203
mild,cow_grouped,mkl,456,1,080,25,0,0.028405399259288866
mild,cow_grouped,mkl,456,1,081,40,0,-0.5336107765986237
mild,cow_grouped,mkl,456,1,083,79,0,-0.5318685315551615
mild,cow_grouped,mkl,456,1,085,18,0,-1.694854113569029
mild,cow_grouped,mkl,456,1,086,18,0,-1.4904760912605035
mild,cow_grouped,mkl,456,1,091,96,1,0.5726339233792801
mild,cow_grouped,mkl,456,1,095,86,1,1.2686069729749028
mild,cow_grouped,mkl,456,1,100,72,1,-0.001305273815021657
mild,cow_grouped,mkl,456,1,111,77,0,-0.07063130375996285
mild,cow_grouped,mkl,456,1,118,91,1,0.9278254394903034
mild,cow_grouped,mkl,456,1,119,40,0,-1.4574165184846246
mild,cow_grouped,mkl,456,1,128,96,1,1.75378467955523
mild,cow_grouped,mkl,456,1,143,28,0,-0.6083234218976498
mild,cow_grouped,mkl,456,1,144,63,1,0.9742814688913826
mild,cow_grouped,mkl,456,1,147,72,0,0.23878142075293396
mild,cow_grouped,mkl,456,1,149,40,0,0.11360335964062013
mild,cow_grouped,mkl,456,1,154,45,0,-0.317648031099821
mild,cow_grouped,mkl,456,1,157,77,0,-0.821539733504336
mild,cow_grouped,mkl,456,1,161,79,1,0.41091051332799244
mild,cow_grouped,mkl,456,1,172,18,0,-1.749640353365684
mild,cow_grouped,mkl,456,1,182,79,1,0.3805611385741332
mild,cow_grouped,mkl,456,1,203,77,1,0.7213847554804846
mild,cow_grouped,mkl,456,1,204,27,0,-0.777704458626879
mild,cow_grouped,mkl,456,1,208,79,1,0.5522110925176869
mild,cow_grouped,mkl,456,1,212,12,0,-0.5135869716860129
mild,cow_grouped,mkl,456,1,215,50,0,-1.7438943244594545
mild,cow_grouped,mkl,456,1,221,72,1,-0.55179521963766
mild,cow_grouped,mkl,456,1,237,18,0,-1.1478723117407013
mild,cow_grouped,mkl,456,1,240,72,0,-0.5163587116780287
mild,cow_grouped,mkl,456,1,246,50,0,-0.8367916810032809
mild,cow_grouped,mkl,456,1,252,18,0,-0.37511688000018484
mild,cow_grouped,mkl,456,1,253,45,1,0.12172864723818921
mild,cow_grouped,mkl,456,1,254,86,1,1.313701512944315
mild,cow_grouped,mkl,456,1,265,18,0,-1.0955695154440557
mild,cow_grouped,mkl,456,1,272,33,1,-0.02921437610652311
mild,cow_grouped,posture_svm,456,1,004,45,1,0.9729085079208681
mild,cow_grouped,posture_svm,456,1,005,65,0,-1.3787302354286215
mild,cow_grouped,posture_svm,456,1,008,28,0,0.33438980341228947
mild,cow_grouped,posture_svm,456,1,010,72,0,-0.5594014262613103
mild,cow_grouped,posture_svm,456,1,026,86,1,1.634334704950466
mild,cow_grouped,posture_svm,456,1,034,91,1,1.1332672160786446
mild,cow_grouped,posture_svm,456,1,036,77,0,0.04350370327401348
mild,cow_grouped,posture_svm,456,1,039,40,0,-0.8479385583018142
mild,cow_grouped,posture_svm,456,1,051,28,0,-0.4456614153288851
mild,cow_grouped,posture_svm,456,1,058,50,0,0.7214260528037202
mild,cow_grouped,posture_svm,456,1,061,24,1,1.1451318785359406
mild,cow_grouped,posture_svm,456,1,077,86,1,1.6059408797435575
mild,cow_grouped,posture_svm,456,1,080,25,0,0.09596811992870063
mild,cow_grouped,posture_svm,456,1,081,40,0,-0.40366419713577345
mild,cow_grouped,posture_svm,456,1,083,79,0,-0.6081864565669306
mild,cow_grouped,posture_svm,456,1,085,18,0,-1.6479414647749686
mild,cow_grouped,posture_svm,456,1,086,18,0,-1.6698811351180525
mild,cow_grouped,posture_svm,456,1,091,96,1,0.662851436119865
mild,cow_grouped,posture_svm,456,1,095,86,1,1.5477025592796037
mild,cow_grouped,posture_svm,456,1,100,72,1,0.30229672717699047
mild,cow_grouped,posture_svm,456,1,111,77,0,0.16876417829898233
mild,cow_grouped,posture_svm,456,1,118,91,1,1.0644455929149417
mild,cow_grouped,posture_svm,456,1,119,40,0,-1.4232912705553444
mild,cow_grouped,posture_svm,456,1,128,96,1,1.882057446972524
mild,cow_grouped,posture_svm,456,1,143,28,0,-0.650721470930832
mild,cow_grouped,posture_svm,456,1,144,63,1,0.9776278952806603
mild,cow_grouped,posture_svm,456,1,147,72,0,0.45651638336242756
mild,cow_grouped,posture_svm,456,1,149,40,0,0.044506650594245245
mild,cow_grouped,posture_svm,456,1,154,45,0,-0.45240363970405945
mild,cow_grouped,posture_svm,456,1,157,77,0,-0.9508378466201237
mild,cow_grouped,posture_svm,456,1,161,79,1,0.38192564192869244
mild,cow_grouped,posture_svm,456,1,172,18,0,-1.747452914613326
mild,cow_grouped,posture_svm,456,1,182,79,1,0.23469939872060913
mild,cow_grouped,posture_svm,456,1,203,77,1,0.7870325457814253
mild,cow_grouped,posture_svm,456,1,204,27,0,-0.610612925913862
mild,cow_grouped,posture_svm,456,1,208,79,1,0.46763055411588733
mild,cow_grouped,posture_svm,456,1,212,12,0,-0.6508081737067242
mild,cow_grouped,posture_svm,456,1,215,50,0,-1.9379820016092437
mild,cow_grouped,posture_svm,456,1,221,72,1,-0.7342178884638018
mild,cow_grouped,posture_svm,456,1,237,18,0,-1.382201066560202
mild,cow_grouped,posture_svm,456,1,240,72,0,-0.7458030354869618
mild,cow_grouped,posture_svm,456,1,246,50,0,-0.9947466226855288
mild,cow_grouped,posture_svm,456,1,252,18,0,-0.22525605789527187
mild,cow_grouped,posture_svm,456,1,253,45,1,0.05004923713221837
mild,cow_grouped,posture_svm,456,1,254,86,1,1.375137098342508
mild,cow_grouped,posture_svm,456,1,265,18,0,-1.244703713771357
mild,cow_grouped,posture_svm,456,1,272,33,1,-0.14618942361707143
mild,cow_grouped,mkl,456,2,002,78,0,-0.06388296592023945
mild,cow_grouped,mkl,456,2,014,39,1,0.024725444139717834
mild,cow_grouped,mkl,456,2,017,8,0,-0.42357906552625063
mild,cow_grouped,mkl,456,2,022,34,1,0.1390415443205365
mild,cow_grouped,mkl,456,2,024,89,0,-0.258476814130757
mild,cow_grouped,mkl,456,2,027,85,1,-0.40803285685536395
mild,cow_grouped,mkl,456,2,040,8,0,-0.008025374400410623
mild,cow_grouped,mkl,456,2,041,26,1,0.6624741395059754
mild,cow_grouped,mkl,456,2,048,67,0,-0.585947151921397
mild,cow_grouped,mkl,456,2,052,8,0,0.3929971697805754
mild,cow_grouped,mkl,456,2,053,78,0,0.8298543018586757
mild,cow_grouped,mkl,456,2,067,34,1,0.5781122260357672
mild,cow_grouped,mkl,456,2,068,22,1,0.13171375548648934
mild,cow_grouped,mkl,456,2,096,17,0,-1.5120753380212808
mild,cow_grouped,mkl,456,2,108,61,0,-0.6901941902822493
mild,cow_grouped,mkl,456,2,110,22,1,1.2986176988447309
mild,cow_grouped,mkl,456,2,113,78,0,0.4582096310838687
mild,cow_grouped,mkl,456,2,116,85,0,-0.06941671656901693
mild,cow_grouped,mkl,456,2,117,7,0,-1.3644933617741621
mild,cow_grouped,mkl,456,2,121,74,1,0.24211332373419836
mild,cow_grouped,mkl,456,2,136,39,0,1.0695750756740934
mild,cow_grouped,mkl,456,2,139,89,0,-0.31268584417157497
mild,cow_grouped,mkl,456,2,146,78,0,0.06600389651822813
mild,cow_grouped,mkl,456,2,148,7,0,-1.598764648396643
mild,cow_grouped,mkl,456,2,151,85,1,-0.05594172122799895
mild,cow_grouped,mkl,456,2,158,74,1,0.9590354153704321
mild,cow_grouped,mkl,456,2,164,53,0,-0.7404245846016293
mild,cow_grouped,mkl,456,2,165,30,0,-0.893094428608789
mild,cow_grouped,mkl,456,2,167,22,1,1.1459920502608854
mild,cow_grouped,mkl,456,2,169,39,1,0.6620404479318445
mild,cow_grouped,mkl,456,2,170,53,0,-0.7084564826919189
mild,cow_grouped,mkl,456,2,173,89,0,-0.15513448623323328
mild,cow_grouped,mkl,456,2,175,74,1,1.5299272078478288
mild,cow_grouped,mkl,456,2,179,37,0,0.5038810765205692
mild,cow_grouped,mkl,456,2,187,17,0,-0.692406730688591
mild,cow_grouped,mkl,456,2,188,85,0,-0.6150237806011944
mild,cow_grouped,mkl,456,2,189,22,1,0.8092619834240915
mild,cow_grouped,mkl,456,2,196,67,0,-0.8717892053098384
mild,cow_grouped,mkl,456,2,201,66,1,-0.82391212589934
mild,cow_grouped,mkl,456,2,225,67,0,-0.7951896350572236
mild,cow_grouped,mkl,456,2,227,78,0,-0.9171706153834717
mild,cow_grouped,mkl,456,2,230,34,0,-0.8601425307247994
mild,cow_grouped,mkl,456,2,233,37,1,1.1581135167827867
mild,cow_grouped,mkl,456,2,234,39,0,0.42979651382711215
mild,cow_grouped,mkl,456,2,235,89,0,0.4028390034407755
mild,cow_grouped,mkl,456,2,243,85,1,0.5316876208429857
mild,cow_grouped,mkl,456,2,249,17,1,0.9354685671491003
mild,cow_grouped,mkl,456,2,256,10,1,0.5450003855714567
mild,cow_grouped,mkl,456,2,258,85,1,-0.2547104595424571
mild,cow_grouped,mkl,456,2,264,31,0,0.14076374546614556
mild,cow_grouped,posture_svm,456,2,002,78,0,-0.053241243819238504
mild,cow_grouped,posture_svm,456,2,014,39,1,0.14591016041922328
mild,cow_grouped,posture_svm,456,2,017,8,0,-0.5433942668022861
mild,cow_grouped,posture_svm,456,2,022,34,1,0.1711071652907437
mild,cow_grouped,posture_svm,456,2,024,89,0,-0.19530364060800687
mild,cow_grouped,posture_svm,456,2,027,85,1,-0.39941568992706417
mild,cow_grouped,posture_svm,456,2,040,8,0,0.12695711415340988
mild,cow_grouped,posture_svm,456,2,041,26,1,1.0446204127135974
mild,cow_grouped,posture_svm,456,2,048,67,0,-0.38182335178659743
mild,cow_grouped,posture_svm,456,2,052,8,0,0.3402315754343839
mild,cow_grouped,posture_svm,456,2,053,78,0,0.8077747005434872
mild,cow_grouped,posture_svm,456,2,067,34,1,0.6409772602928183
mild,cow_grouped,posture_svm,456,2,068,22,1,0.33496043911874324
mild,cow_grouped,posture_svm,456,2,096,17,0,-1.5628600075874934
mild,cow_grouped,posture_svm,456,2,108,61,0,-0.33764421087323865
mild,cow_grouped,posture_svm,456,2,110,22,1,1.685843238770295
mild,cow_grouped,posture_svm,456,2,113,78,0,0.33790221359639344
mild,cow_grouped,posture_svm,456,2,116,85,0,-0.19612720626432872
mild,cow_grouped,posture_svm,456,2,117,7,0,-1.3213997281472039
mild,cow_grouped,posture_svm,456,2,121,74,1,0.22784802585738168
mild,cow_grouped,posture_svm,456,2,136,39,0,0.9459571809817156
mild,cow_grouped,posture_svm,456,2,139,89,0,-0.11192397356274086
mild,cow_grouped,posture_svm,456,2,146,78,0,-0.17319164471696702
mild,cow_grouped,posture_svm,456,2,148,7,0,-1.5777035583739936
mild,cow_grouped,posture_svm,456,2,151,85,1,-0.04939579223160989
mild,cow_grouped,posture_svm,456,2,158,74,1,0.9500353128059693
mild,cow_grouped,posture_svm,456,2,164,53,0,-0.7255638048677406
mild,cow_grouped,posture_svm,456,2,165,30,0,-0.9284087256994293
mild,cow_grouped,posture_svm,456,2,167,22,1,1.460614306763846
mild,cow_grouped,posture_svm,456,2,169,39,1,0.6007619739949484
mild,cow_grouped,posture_svm,456,2,170,53,0,-0.7918251485189369
mild,cow_grouped,posture_svm,456,2,173,89,0,-0.06882551151689703
mild,cow_grouped,posture_svm,456,2,175,74,1,1.643661053368161
mild,cow_grouped,posture_svm,456,2,179,37,0,0.6630814885701974
mild,cow_grouped,posture_svm,456,2,187,17,0,-0.7822892277085212
mild,cow_grouped,posture_svm,456,2,188,85,0,-0.7149630381845453
mild,cow_grouped,posture_svm,456,2,189,22,1,1.3314900446907256
mild,cow_grouped,posture_svm,456,2,196,67,0,-0.7970808819343522
mild,cow_grouped,posture_svm,456,2,201,66,1,-0.7762453381066265
mild,cow_grouped,posture_svm,456,2,225,67,0,-0.8764537002323367
mild,cow_grouped,posture_svm,456,2,227,78,0,-1.1795807966904739
mild,cow_grouped,posture_svm,456,2,230,34,0,-1.0016113947527385
mild,cow_grouped,posture_svm,456,2,233,37,1,1.0997594592560271
mild,cow_grouped,posture_svm,456,2,234,39,0,0.2565824728206217
mild,cow_grouped,posture_svm,456,2,235,89,0,0.42407419374700855
mild,cow_grouped,posture_svm,456,2,243,85,1,0.48859306432213306
mild,cow_grouped,posture_svm,456,2,249,17,1,0.9086261373068203
mild,cow_grouped,posture_svm,456,2,256,10,1,0.4622208937555971
mild,cow_grouped,posture_svm,456,2,258,85,1,-0.46924090948552627
mild,cow_grouped,posture_svm,456,2,264,31,0,0.4200543301612332
mild,cow_grouped,mkl,456,3,015,75,1,-0.8664786495771213
mild,cow_grouped,mkl,456,3,019,82,0,-2.0853985637220145
mild,cow_grouped,mkl,456,3,023,44,0,-1.456704859208416
mild,cow_grouped,mkl,456,3,029,35,0,-0.6772026182477867
mild,cow_grouped,mkl,456,3,031,38,1,-0.48482997778983516
mild,cow_grouped,mkl,456,3,042,23,0,-0.10229610665888195
mild,cow_grouped,mkl,456,3,054,16,1,0.6602106269172967
mild,cow_grouped,mkl,456,3,055,15,1,-1.371858296003337
mild,cow_grouped,mkl,456,3,057,69,1,1.532184752202017
mild,cow_grouped,mkl,456,3,060,44,0,-0.36133880756830267
mild,cow_grouped,mkl,456,3,070,75,1,-0.18639276688471723
mild,cow_grouped,mkl,456,3,071,23,1,1.506366704395953
mild,cow_grouped,mkl,456,3,073,13,1,1.4383799600785567
mild,cow_grouped,mkl,456,3,075,38,1,-0.804473098287221
mild,cow_grouped,mkl,456,3,078,93,0,-0.802251056120661
mild,cow_grouped,mkl,456,3,088,82,0,-0.8047890060369649
mild,cow_grouped,mkl,456,3,090,69,0,0.940673555175378
mild,cow_grouped,mkl,456,3,094,93,1,-0.3095887651510155
mild,cow_grouped,mkl,456,3,101,36,0,-1.101549631500801
mild,cow_grouped,mkl,456,3,107,35,0,-0.9625232547369877
mild,cow_grouped,mkl,456,3,125,42,0,-1.986194446356153
mild,cow_grouped,mkl,456,3,126,82,0,-1.8091619847850213
mild,cow_grouped,mkl,456,3,127,75,1,0.513386963367138
mild,cow_grouped,mkl,456,3,129,69,1,1.3722635387389228
mild,cow_grouped,mkl,456,3,132,38,0,-0.5068076487382583
mild,cow_grouped,mkl,456,3,134,69,1,0.9570707029017909
mild,cow_grouped,mkl,456,3,135,64,1,1.54104956628831
mild,cow_grouped,mkl,456,3,138,75,1,0.09559225156229018
mild,cow_grouped,mkl,456,3,142,44,0,-0.5877154060720309
mild,cow_grouped,mkl,456,3,145,36,0,-1.258229392524697
mild,cow_grouped,mkl,456,3,152,58,1,1.0815714599136845
mild,cow_grouped,mkl,456,3,162,23,0,-0.009020298011673977
mild,cow_grouped,mkl,456,3,171,42,0,-1.7686771600405795
mild,cow_grouped,mkl,456,3,190,44,0,-0.7696316102639917
mild,cow_grouped,mkl,456,3,192,38,0,-0.8500430226329442
mild,cow_grouped,mkl,456,3,197,35,0,-1.1456493777445664
mild,cow_grouped,mkl,456,3,198,93,0,-1.170980114376125
mild,cow_grouped,mkl,456,3,199,82,0,-0.9413770981337999
mild,cow_grouped,mkl,456,3,202,46,0,-1.014246035086825
mild,cow_grouped,mkl,456,3,206,42,0,-1.9864243784520919
mild,cow_grouped,mkl,456,3,209,64,0,0.3808509308476677
mild,cow_grouped,mkl,456,3,213,44,1,0.7346289057930968
mild,cow_grouped,mkl,456,3,216,36,1,0.4610156746210074
mild,cow_grouped,mkl,456,3,223,38,0,-0.39272418897902417
mild,cow_grouped,mkl,456,3,236,44,0,-0.044799056052364894
mild,cow_grouped,mkl,456,3,244,75,1,0.9513750120496849
mild,cow_grouped,mkl,456,3,248,36,1,0.6654219733985107
mild,cow_grouped,mkl,456,3,251,38,0,0.2559281180192708
mild,cow_grouped,mkl,456,3,262,14,0,-0.2222158194811446
mild,cow_grouped,mkl,456,3,269,44,0,-0.6823961764597506
mild,cow_grouped,posture_svm,456,3,015,75,1,-0.961986906598518
mild,cow_grouped,posture_svm,456,3,019,82,0,-1.689399211403507
mild,cow_grouped,posture_svm,456,3,023,44,0,-1.7378420756919446
mild,cow_grouped,posture_svm,456,3,029,35,0,-1.0385641431358759
mild,cow_grouped,posture_svm,456,3,031,38,1,-0.41612021445374336
mild,cow_grouped,posture_svm,456,3,042,23,0,-0.1819511763245593
mild,cow_grouped,posture_svm,456,3,054,16,1,1.0058993077479705
mild,cow_grouped,posture_svm,456,3,055,15,1,-1.3401081139413207
mild,cow_grouped,posture_svm,456,3,057,69,1,1.317997120063696
mild,cow_grouped,posture_svm,456,3,060,44,0,-0.4725518208417404
mild,cow_grouped,posture_svm,456,3,070,75,1,-0.3323926961240695
mild,cow_grouped,posture_svm,456,3,071,23,1,1.0311217674491946
mild,cow_grouped,posture_svm,456,3,073,13,1,1.2461516828085066
mild,cow_grouped,posture_svm,456,3,075,38,1,-0.6691021823313016
mild,cow_grouped,posture_svm,456,3,078,93,0,-0.5083908744750032
mild,cow_grouped,posture_svm,456,3,088,82,0,-0.757554514855129
mild,cow_grouped,posture_svm,456,3,090,69,0,0.9675223942923346
mild,cow_grouped,posture_svm,456,3,094,93,1,-0.0844603482291732
mild,cow_grouped,posture_svm,456,3,101,36,0,-1.0032913636611538
mild,cow_grouped,posture_svm,456,3,107,35,0,-0.8546024331084463
mild,cow_grouped,posture_svm,456,3,125,42,0,-1.7045160679256182
mild,cow_grouped,posture_svm,456,3,126,82,0,-1.6326490359841141
mild,cow_grouped,posture_svm,456,3,127,75,1,0.051420258488614146
mild,cow_grouped,posture_svm,456,3,129,69,1,1.2998314765998937
mild,cow_grouped,posture_svm,456,3,132,38,0,-0.40491383060382896
mild,cow_grouped,posture_svm,456,3,134,69,1,0.9487218174053842
mild,cow_grouped,posture_svm,456,3,135,64,1,1.000180103806944
mild,cow_grouped,posture_svm,456,3,138,75,1,-0.24970641790722828
mild,cow_grouped,posture_svm,456,3,142,44,0,-0.595560989611142
mild,cow_grouped,posture_svm,456,3,145,36,0,-1.1430702977431972
mild,cow_grouped,posture_svm,456,3,152,58,1,0.9383380601302633
mild,cow_grouped,posture_svm,456,3,162,23,0,-0.13535580931325486
mild,cow_grouped,posture_svm,456,3,171,42,0,-1.689453587456937
mild,cow_grouped,posture_svm,456,3,190,44,0,-0.8143938069455434
mild,cow_grouped,posture_svm,456,3,192,38,0,-0.6687453827871057
mild,cow_grouped,posture_svm,456,3,197,35,0,-1.1873579836961254
mild,cow_grouped,posture_svm,456,3,198,93,0,-1.0659928889147583
mild,cow_grouped,posture_svm,456,3,199,82,0,-0.5899891945462477
mild,cow_grouped,posture_svm,456,3,202,46,0,-1.0133813544961865
mild,cow_grouped,posture_svm,456,3,206,42,0,-1.9929783902966725
mild,cow_grouped,posture_svm,456,3,209,64,0,0.5760934096182382
mild,cow_grouped,posture_svm,456,3,213,44,1,0.4479195084874524
mild,cow_grouped,posture_svm,456,3,216,36,1,0.46050064349763603
mild,cow_grouped,posture_svm,456,3,223,38,0,-0.3365785146277924
mild,cow_grouped,posture_svm,456,3,236,44,0,-0.21735524241974422
mild,cow_grouped,posture_svm,456,3,244,75,1,0.5526225258082773
mild,cow_grouped,posture_svm,456,3,248,36,1,0.6337654373209043
mild,cow_grouped,posture_svm,456,3,251,38,0,0.4401397390402522
mild,cow_grouped,posture_svm,456,3,262,14,0,-0.23108350831341715
mild,cow_grouped,posture_svm,456,3,269,44,0,-0.6654920901105708
mild,cow_grouped,mkl,456,4,003,1,0,-0.9965382211477904
mild,cow_grouped,mkl,456,4,006,49,1,0.8817697194281102
mild,cow_grouped,mkl,456,4,007,90,1,0.14210843966440684
mild,cow_grouped,mkl,456,4,013,92,0,-0.6143659061216598
mild,cow_grouped,mkl,456,4,020,20,1,0.7718595466510978
mild,cow_grouped,mkl,456,4,028,55,0,-0.8416095068056368
mild,cow_grouped,mkl,456,4,032,19,0,-1.1654039686816882
mild,cow_grouped,mkl,456,4,037,90,0,-0.3625022512248643
mild,cow_grouped,mkl,456,4,045,49,1,1.144280784458703
mild,cow_grouped,mkl,456,4,062,55,0,-1.3266989243425584
mild,cow_grouped,mkl,456,4,064,88,0,-1.1005975767298264
mild,cow_grouped,mkl,456,4,065,41,1,1.1905172769194734
mild,cow_grouped,mkl,456,4,066,90,1,-0.05353299908537629
mild,cow_grouped,mkl,456,4,069,1,0,-0.9658670400919784
mild,cow_grouped,mkl,456,4,076,4,1,0.7552284220125767
mild,cow_grouped,mkl,456,4,089,20,1,1.4169195198265454
mild,cow_grouped,mkl,456,4,098,4,1,1.0671660156862663
mild,cow_grouped,mkl,456,4,104,19,0,-0.6451622795371454
mild,cow_grouped,mkl,456,4,106,48,1,-0.09707153386242551
mild,cow_grouped,mkl,456,4,112,94,0,-0.6920997130967785
mild,cow_grouped,mkl,456,4,114,92,1,1.0970482238978172
mild,cow_grouped,mkl,456,4,115,41,1,0.48192559683143427
mild,cow_grouped,mkl,456,4,130,88,0,-1.2766132591054835
mild,cow_grouped,mkl,456,4,131,54,1,-0.038021505059440186
mild,cow_grouped,mkl,456,4,137,19,0,-1.1211294092609017
mild,cow_grouped,mkl,456,4,150,29,0,0.6443035733877864
mild,cow_grouped,mkl,456,4,163,48,0,0.2724121505832496
mild,cow_grouped,mkl,456,4,166,19,0,-0.9889414004863633
mild,cow_grouped,mkl,456,4,168,4,1,0.03934801093547108
mild,cow_grouped,mkl,456,4,174,1,0,-1.6672599130076842
mild,cow_grouped,mkl,456,4,176,41,0,-0.5948934303328528
mild,cow_grouped,mkl,456,4,195,94,0,-0.9527447583550166
mild,cow_grouped,mkl,456,4,200,21,0,-0.6772020001177913
mild,cow_grouped,mkl,456,4,210,20,1,1.2876368476518125
mild,cow_grouped,mkl,456,4,214,92,0,-1.1718654032295945
mild,cow_grouped,mkl,456,4,220,88,0,-1.1942718243183352
mild,cow_grouped,mkl,456,4,226,41,1,0.01891724553201085
mild,cow_grouped,mkl,456,4,238,54,1,-0.6690860263973686
mild,cow_grouped,mkl,456,4,239,1,0,-1.6066520618977198
mild,cow_grouped,mkl,456,4,241,29,0,-0.0793394190920309
mild,cow_grouped,mkl,456,4,247,88,0,-0.657946713857601
mild,cow_grouped,mkl,456,4,259,62,1,0.5572594770310317
mild,cow_grouped,mkl,456,4,260,60,0,-0.753654341395587
mild,cow_grouped,mkl,456,4,266,88,0,-1.2497368715489985
mild,cow_grouped,mkl,456,4,268,21,0,-1.376216116775625
mild,cow_grouped,mkl,456,4,270,49,0,0.03489608536420202
mild,cow_grouped,posture_svm,456,4,003,1,0,-0.9959962168132845
mild,cow_grouped,posture_svm,456,4,006,49,1,0.8820367886826233
mild,cow_grouped,posture_svm,456,4,007,90,1,0.14212278520115534
mild,cow_grouped,posture_svm,456,4,013,92,0,-0.6146324994861172
mild,cow_grouped,posture_svm,456,4,020,20,1,0.7718446414182114
mild,cow_grouped,posture_svm,456,4,028,55,0,-0.8417327607415914
mild,cow_grouped,posture_svm,456,4,032,19,0,-1.1656098793129548
mild,cow_grouped,posture_svm,456,4,037,90,0,-0.36279845065984945
mild,cow_grouped,posture_svm,456,4,045,49,1,1.1439319470192595
mild,cow_grouped,posture_svm,456,4,062,55,0,-1.3270664069642537
mild,cow_grouped,posture_svm,456,4,064,88,0,-1.1008705980605864
mild,cow_grouped,posture_svm,456,4,065,41,1,1.1908579775684809
mild,cow_grouped,posture_svm,456,4,066,90,1,-0.054026612373671845
mild,cow_grouped,posture_svm,456,4,069,1,0,-0.965724688243039
mild,cow_grouped,posture_svm,456,4,076,4,1,0.7551359340954145
mild,cow_grouped,posture_svm,456,4,089,20,1,1.417366739969086
mild,cow_grouped,posture_svm,456,4,098,4,1,1.0671926294808558
mild,cow_grouped,posture_svm,456,4,104,19,0,-0.6447599347722148
mild,cow_grouped,posture_svm,456,4,106,48,1,-0.09725111720784457
mild,cow_grouped,posture_svm,456,4,112,94,0,-0.6921081622619327
mild,cow_grouped,posture_svm,456,4,114,92,1,1.096778556786373
mild,cow_grouped,posture_svm,456,4,115,41,1,0.48147860419558813
mild,cow_grouped,posture_svm,456,4,130,88,0,-1.276707276423197
mild,cow_grouped,posture_svm,456,4,131,54,1,-0.03800201448622559
mild,cow_grouped,posture_svm,456,4,137,19,0,-1.1209655283667985
mild,cow_grouped,posture_svm,456,4,150,29,0,0.644427072578621
mild,cow_grouped,posture_svm,456,4,163,48,0,0.2725388398902729
mild,cow_grouped,posture_svm,456,4,166,19,0,-0.9889106465869462
mild,cow_grouped,posture_svm,456,4,168,4,1,0.03960767872821075
mild,cow_grouped,posture_svm,456,4,174,1,0,-1.6675206696288054
mild,cow_grouped,posture_svm,456,4,176,41,0,-0.5950073958725532
mild,cow_grouped,posture_svm,456,4,195,94,0,-0.9529513276899781
mild,cow_grouped,posture_svm,456,4,200,21,0,-0.6775328019247375
mild,cow_grouped,posture_svm,456,4,210,20,1,1.2874865642941673
mild,cow_grouped,posture_svm,456,4,214,92,0,-1.1718385908942777
mild,cow_grouped,posture_svm,456,4,220,88,0,-1.1944621177601282
mild,cow_grouped,posture_svm,456,4,226,41,1,0.01887204767820022
mild,cow_grouped,posture_svm,456,4,238,54,1,-0.6691161887533066
mild,cow_grouped,posture_svm,456,4,239,1,0,-1.606528572285748
mild,cow_grouped,posture_svm,456,4,241,29,0,-0.07915019946557139
mild,cow_grouped,posture_svm,456,4,247,88,0,-0.6577243559214612
mild,cow_grouped,posture_svm,456,4,259,62,1,0.5575679359297387
mild,cow_grouped,posture_svm,456,4,260,60,0,-0.7536322195984759
mild,cow_grouped,posture_svm,456,4,266,88,0,-1.2497719346199876
mild,cow_grouped,posture_svm,456,4,268,21,0,-1.3763414802609482
mild,cow_grouped,posture_svm,456,4,270,49,0,0.03467359949899579
mild,cow_grouped,mkl,789,0,006,49,1,1.2358993815961314
mild,cow_grouped,mkl,789,0,007,90,1,0.5597281829831701
mild,cow_grouped,mkl,789,0,026,86,1,1.4518834535107925
mild,cow_grouped,mkl,789,0,035,83,1,0.13457624744543517
mild,cow_grouped,mkl,789,0,037,90,0,-0.01358037362745379
mild,cow_grouped,mkl,789,0,039,40,0,-0.7908053652881601
mild,cow_grouped,mkl,789,0,045,49,1,1.1991377613250735
mild,cow_grouped,mkl,789,0,047,51,0,-0.5576027302790002
mild,cow_grouped,mkl,789,0,050,51,0,0.3995363537900257
mild,cow_grouped,mkl,789,0,058,50,0,0.7951940801587648
mild,cow_grouped,mkl,789,0,066,90,1,0.33144175126982256
mild,cow_grouped,mkl,789,0,077,86,1,1.642288237118784
mild,cow_grouped,mkl,789,0,078,93,0,-1.0112634856264724
mild,cow_grouped,mkl,789,0,080,25,0,0.002102632762007839
mild,cow_grouped,mkl,789,0,081,40,0,-0.4881040868353535
mild,cow_grouped,mkl,789,0,083,79,0,-0.5872710645667207
mild,cow_grouped,mkl,789,0,087,51,0,-0.4094184429556954
mild,cow_grouped,mkl,789,0,092,51,0,-0.3046309121322051
mild,cow_grouped,mkl,789,0,094,93,1,-0.14154607615198717
mild,cow_grouped,mkl,789,0,095,86,1,1.389482973380669
mild,cow_grouped,mkl,789,0,097,2,1,0.8014910358357058
mild,cow_grouped,mkl,789,0,108,61,0,-0.690532988619865
mild,cow_grouped,mkl,789,0,112,94,0,-0.6741214852505276
mild,cow_grouped,mkl,789,0,119,40,0,-1.3397016335564045
mild,cow_grouped,mkl,789,0,133,51,0,0.346233606215251
mild,cow_grouped,mkl,789,0,149,40,0,0.014295770863896107
mild,cow_grouped,mkl,789,0,150,29,0,0.44952269087753793
mild,cow_grouped,mkl,789,0,153,83,1,0.5677885034148401
mild,cow_grouped,mkl,789,0,155,68,1,1.2299622524495684
mild,cow_grouped,mkl,789,0,160,51,0,-0.0923604357623733
mild,cow_grouped,mkl,789,0,161,79,1,0.7847259501287659
mild,cow_grouped,mkl,789,0,182,79,1,0.3373198237249445
mild,cow_grouped,mkl,789,0,184,68,0,0.25742127742710286
mild,cow_grouped,mkl,789,0,186,51,0,-0.8712811778106537
mild,cow_grouped,mkl,789,0,195,94,0,-0.8410809282660752
mild,cow_grouped,mkl,789,0,198,93,0,-1.092203099520115
mild,cow_grouped,mkl,789,0,201,66,1,-0.816248935090308
mild,cow_grouped,mkl,789,0,208,79,1,0.6735770902761474
mild,cow_grouped,mkl,789,0,212,12,0,-0.7500428900282679
mild,cow_grouped,mkl,789,0,215,50,0,-1.672325137398634
mild,cow_grouped,mkl,789,0,229,51,0,-0.8356053327787643
mild,cow_grouped,mkl,789,0,241,29,0,-0.10842520962287205
mild,cow_grouped,mkl,789,0,246,50,0,-0.692273780509873
mild,cow_grouped,mkl,789,0,254,86,1,1.2716487915232877
mild,cow_grouped,mkl,789,0,257,83,1,0.7308730884592097
mild,cow_grouped,mkl,789,0,267,98,1,-0.4389551735181756
mild,cow_grouped,mkl,789,0,270,49,0,0.25636452231866125
mild,cow_grouped,posture_svm,789,0,006,49,1,1.0271249932044113
mild,cow_grouped,posture_svm,789,0,007,90,1,0.4989337537502395
mild,cow_grouped,posture_svm,789,0,026,86,1,1.220866926327754
mild,cow_grouped,posture_svm,789,0,035,83,1,0.1262211887333976
mild,cow_grouped,posture_svm,789,0,037,90,0,0.022170191022165664
mild,cow_grouped,posture_svm,789,0,039,40,0,-0.6820468161564625
mild,cow_grouped,posture_svm,789,0,045,49,1,1.417528539905148
mild,cow_grouped,posture_svm,789,0,047,51,0,-0.46304646552904244
mild,cow_grouped,posture_svm,789,0,050,51,0,0.32572254088815866
mild,cow_grouped,posture_svm,789,0,058,50,0,0.8371537652410287
mild,cow_grouped,posture_svm,789,0,066,90,1,0.36298520590152306
mild,cow_grouped,posture_svm,789,0,077,86,1,1.397180225381089
mild,cow_grouped,posture_svm,789,0,078,93,0,-0.7957900427242632
mild,cow_grouped,posture_svm,789,0,080,25,0,0.018652892995852932
mild,cow_grouped,posture_svm,789,0,081,40,0,-0.35193500777866393
mild,cow_grouped,posture_svm,789,0,083,79,0,-0.8328311438446766
mild,cow_grouped,posture_svm,789,0,087,51,0,-0.5711120690215438
mild,cow_grouped,posture_svm,789,0,092,51,0,-0.5433025817330117
mild,cow_grouped,posture_svm,789,0,094,93,1,0.10851519534647858
mild,cow_grouped,posture_svm,789,0,095,86,1,1.3946863451991867
mild,cow_grouped,posture_svm,789,0,097,2,1,0.6351386570223468
mild,cow_grouped,posture_svm,789,0,108,61,0,-0.4068131951986378
mild,cow_grouped,posture_svm,789,0,112,94,0,-0.6848659072678472
mild,cow_grouped,posture_svm,789,0,119,40,0,-1.195155615866121
mild,cow_grouped,posture_svm,789,0,133,51,0,0.28787733460183185
mild,cow_grouped,posture_svm,789,0,149,40,0,-0.038191467679033975
mild,cow_grouped,posture_svm,789,0,150,29,0,0.4874293148425104
mild,cow_grouped,posture_svm,789,0,153,83,1,0.4943426167792363
mild,cow_grouped,posture_svm,789,0,155,68,1,1.0180727660727307
mild,cow_grouped,posture_svm,789,0,160,51,0,-0.2913893257577836
mild,cow_grouped,posture_svm,789,0,161,79,1,0.529064817973209
mild,cow_grouped,posture_svm,789,0,182,79,1,0.08885251778769088
mild,cow_grouped,posture_svm,789,0,184,68,0,0.04553232667046614
mild,cow_grouped,posture_svm,789,0,186,51,0,-0.865292194536966
mild,cow_grouped,posture_svm,789,0,195,94,0,-0.6813194324562121
mild,cow_grouped,posture_svm,789,0,198,93,0,-1.1515295818159466
mild,cow_grouped,posture_svm,789,0,201,66,1,-0.8609878334502998
mild,cow_grouped,posture_svm,789,0,208,79,1,0.21955939523367873
mild,cow_grouped,posture_svm,789,0,212,12,0,-0.7137687101533217
mild,cow_grouped,posture_svm,789,0,215,50,0,-1.696394885200219
mild,cow_grouped,posture_svm,789,0,229,51,0,-0.9789871775372893
mild,cow_grouped,posture_svm,789,0,241,29,0,-0.27890853888359335
mild,cow_grouped,posture_svm,789,0,246,50,0,-0.7931659729534541
mild,cow_grouped,posture_svm,789,0,254,86,1,1.0125740291481242
mild,cow_grouped,posture_svm,789,0,257,83,1,0.5737417029253712
mild,cow_grouped,posture_svm,789,0,267,98,1,-0.4784126215278359
mild,cow_grouped,posture_svm,789,0,270,49,0,0.39273170152155923
mild,cow_grouped,mkl,789,1,003,1,0,-0.9534892709095186
mild,cow_grouped,mkl,789,1,005,65,0,-1.274827242356601
mild,cow_grouped,mkl,789,1,013,92,0,-0.7200658575525728
mild,cow_grouped,mkl,789,1,016,84,1,1.1090676941380782
mild,cow_grouped,mkl,789,1,030,57,1,-1.0486962311816594
mild,cow_grouped,mkl,789,1,048,67,0,-0.5448345665062091
mild,cow_grouped,mkl,789,1,055,15,1,-1.6098486838703534
mild,cow_grouped,mkl,789,1,061,24,1,1.1813998245744926
mild,cow_grouped,mkl,789,1,068,22,1,0.17342579591314256
mild,cow_grouped,mkl,789,1,069,1,0,-0.9660226716124898
mild,cow_grouped,mkl,789,1,085,18,0,-1.8547745981195742
mild,cow_grouped,mkl,789,1,086,18,0,-1.5911150990229823
mild,cow_grouped,mkl,789,1,103,6,0,-1.026720569636165
mild,cow_grouped,mkl,789,1,106,48,1,-0.28604509805915057
mild,cow_grouped,mkl,789,1,110,22,1,1.547039999051404
mild,cow_grouped,mkl,789,1,114,92,1,1.195602811420184
mild,cow_grouped,mkl,789,1,121,74,1,0.33069871641935733
mild,cow_grouped,mkl,789,1,140,84,1,-0.6278488304759087
mild,cow_grouped,mkl,789,1,156,5,0,-0.5981135686774287
mild,cow_grouped,mkl,789,1,158,74,1,0.9582787014443295
mild,cow_grouped,mkl,789,1,163,48,0,0.3101774926485745
mild,cow_grouped,mkl,789,1,164,53,0,-1.0989981352493352
mild,cow_grouped,mkl,789,1,167,22,1,1.285220860789598
mild,cow_grouped,mkl,789,1,170,53,0,-0.8333767536345795
mild,cow_grouped,mkl,789,1,172,18,0,-1.7105951635584349
mild,cow_grouped,mkl,789,1,174,1,0,-1.6713903070094904
mild,cow_grouped,mkl,789,1,175,74,1,1.6305594011709412
mild,cow_grouped,mkl,789,1,180,73,1,1.2832522717498258
mild,cow_grouped,mkl,789,1,181,6,0,-1.8885274448260185
mild,cow_grouped,mkl,789,1,189,22,1,0.9645840225726292
mild,cow_grouped,mkl,789,1,193,56,1,1.0290848201656293
mild,cow_grouped,mkl,789,1,194,5,0,-0.5065415943441728
mild,cow_grouped,mkl,789,1,196,67,0,-1.0789316927428807
mild,cow_grouped,mkl,789,1,200,21,0,-0.8959681962721219
mild,cow_grouped,mkl,789,1,204,27,0,-0.774198602689234
mild,cow_grouped,mkl,789,1,214,92,0,-1.1339955725762478
mild,cow_grouped,mkl,789,1,219,73,1,1.2931164832423483
mild,cow_grouped,mkl,789,1,225,67,0,-1.0246926591117431
mild,cow_grouped,mkl,789,1,231,11,0,-1.0414970560502548
mild,cow_grouped,mkl,789,1,237,18,0,-1.2084267883980027
mild,cow_grouped,mkl,789,1,239,1,0,-1.2246774201950597
mild,cow_grouped,mkl,789,1,252,18,0,-0.3782861693859204
mild,cow_grouped,mkl,789,1,256,10,1,0.6386478380479732
mild,cow_grouped,mkl,789,1,262,14,0,-0.2875259584162676
mild,cow_grouped,mkl,789,1,265,18,0,-1.1241443990863895
mild,cow_grouped,mkl,789,1,268,21,0,-1.038615656039533
mild,cow_grouped,mkl,789,1,272,33,1,-0.15374360875652954
mild,cow_grouped,posture_svm,789,1,003,1,0,-0.8842471345919166
mild,cow_grouped,posture_svm,789,1,005,65,0,-1.372118133209042
mild,cow_grouped,posture_svm,789,1,013,92,0,-0.7350283894813726
mild,cow_grouped,posture_svm,789,1,016,84,1,1.1402508909980633
mild,cow_grouped,posture_svm,789,1,030,57,1,-0.9601769485147527
mild,cow_grouped,posture_svm,789,1,048,67,0,-0.4750031254438658
mild,cow_grouped,posture_svm,789,1,055,15,1,-1.5086537595459697
mild,cow_grouped,posture_svm,789,1,061,24,1,1.1060577580675304
mild,cow_grouped,posture_svm,789,1,068,22,1,0.2733514292705864
mild,cow_grouped,posture_svm,789,1,069,1,0,-1.061713707165182
mild,cow_grouped,posture_svm,789,1,085,18,0,-1.743106033270477
mild,cow_grouped,posture_svm,789,1,086,18,0,-1.5957884321213482
mild,cow_grouped,posture_svm,789,1,103,6,0,-1.0831480693275837
mild,cow_grouped,posture_svm,789,1,106,48,1,-0.1026487104801792
mild,cow_grouped,posture_svm,789,1,110,22,1,1.7287842423185449
mild,cow_grouped,posture_svm,789,1,114,92,1,1.1368321073290542
mild,cow_grouped,posture_svm,789,1,121,74,1,0.3297174245536558
mild,cow_grouped,posture_svm,789,1,140,84,1,-0.49524228693132233
mild,cow_grouped,posture_svm,789,1,156,5,0,-0.5905011741254653
mild,cow_grouped,posture_svm,789,1,158,74,1,0.916594394999578
mild,cow_grouped,posture_svm,789,1,163,48,0,0.27398422932607813
mild,cow_grouped,posture_svm,789,1,164,53,0,-1.0240895998960797
mild,cow_grouped,posture_svm,789,1,167,22,1,1.3482536443373654
mild,cow_grouped,posture_svm,789,1,170,53,0,-0.8765204444167509
mild,cow_grouped,posture_svm,789,1,172,18,0,-1.5457994892393874
mild,cow_grouped,posture_svm,789,1,174,1,0,-1.714780586012575
mild,cow_grouped,posture_svm,789,1,175,74,1,1.61853617688078
mild,cow_grouped,posture_svm,789,1,180,73,1,1.3476760436191593
mild,cow_grouped,posture_svm,789,1,181,6,0,-1.9116393187225307
mild,cow_grouped,posture_svm,789,1,189,22,1,1.185111937339638
mild,cow_grouped,posture_svm,789,1,193,56,1,0.9446892098115561
mild,cow_grouped,posture_svm,789,1,194,5,0,-0.5205083121784824
mild,cow_grouped,posture_svm,789,1,196,67,0,-0.9943944821751403
mild,cow_grouped,posture_svm,789,1,200,21,0,-0.6868839497994208
mild,cow_grouped,posture_svm,789,1,204,27,0,-0.663450987518109
mild,cow_grouped,posture_svm,789,1,214,92,0,-1.3017861168741103
mild,cow_grouped,posture_svm,789,1,219,73,1,1.228025226343862
mild,cow_grouped,posture_svm,789,1,225,67,0,-1.0126277137702921
mild,cow_grouped,posture_svm,789,1,231,11,0,-1.0446046166823346
mild,cow_grouped,posture_svm,789,1,237,18,0,-1.2794236649898987
mild,cow_grouped,posture_svm,789,1,239,1,0,-1.3521715449981864
mild,cow_grouped,posture_svm,789,1,252,18,0,-0.24428746432660864
mild,cow_grouped,posture_svm,789,1,256,10,1,0.5929154239255937
mild,cow_grouped,posture_svm,789,1,262,14,0,-0.2890119003638857
mild,cow_grouped,posture_svm,789,1,265,18,0,-1.1289257982921734
mild,cow_grouped,posture_svm,789,1,268,21,0,-1.053981500378053
mild,cow_grouped,posture_svm,789,1,272,33,1,-0.1762605823326151
mild,cow_grouped,mkl,789,2,014,39,1,-0.11767282937504187
mild,cow_grouped,mkl,789,2,015,75,1,-0.8337799268479632
mild,cow_grouped,mkl,789,2,017,8,0,-0.7599625204890434
mild,cow_grouped,mkl,789,2,019,82,0,-2.175487051455926
mild,cow_grouped,mkl,789,2,021,70,0,0.5507290029390797
mild,cow_grouped,mkl,789,2,034,91,1,1.1171554434311761
mild,cow_grouped,mkl,789,2,036,77,0,-0.18604398610357203
mild,cow_grouped,mkl,789,2,040,8,0,-0.10060427945980693
mild,cow_grouped,mkl,789,2,041,26,1,1.0683241819840654
mild,cow_grouped,mkl,789,2,042,23,0,-0.05805279170701855
mild,cow_grouped,mkl,789,2,046,70,1,0.5439930025271136
mild,cow_grouped,mkl,789,2,052,8,0,0.031858605460291456
mild,cow_grouped,mkl,789,2,057,69,1,1.6047210894137924
mild,cow_grouped,mkl,789,2,064,88,0,-1.4195360180555614
mild,cow_grouped,mkl,789,2,070,75,1,-0.0831439197060641
mild,cow_grouped,mkl,789,2,071,23,1,1.229702459724996
mild,cow_grouped,mkl,789,2,072,70,1,0.07717622394911505
mild,cow_grouped,mkl,789,2,088,82,0,-1.116271041801405
mild,cow_grouped,mkl,789,2,090,69,0,0.8551526804757064
mild,cow_grouped,mkl,789,2,102,76,1,0.5391597414744685
mild,cow_grouped,mkl,789,2,111,77,0,0.009190227112859717
mild,cow_grouped,mkl,789,2,118,91,1,1.1999788484702305
mild,cow_grouped,mkl,789,2,120,52,0,-0.8023717890817648
mild,cow_grouped,mkl,789,2,122,71,0,-0.6413666686295862
mild,cow_grouped,mkl,789,2,126,82,0,-1.931122955113477
mild,cow_grouped,mkl,789,2,127,75,1,0.33006342858853777
mild,cow_grouped,mkl,789,2,129,69,1,1.1013095748292725
mild,cow_grouped,mkl,789,2,130,88,0,-1.6150331014879247
mild,cow_grouped,mkl,789,2,134,69,1,0.7056133126178739
mild,cow_grouped,mkl,789,2,136,39,0,1.110243917221574
mild,cow_grouped,mkl,789,2,138,75,1,0.04833841805133876
mild,cow_grouped,mkl,789,2,152,58,1,1.205411502816649
mild,cow_grouped,mkl,789,2,157,77,0,-1.0970802690238937
mild,cow_grouped,mkl,789,2,159,52,0,-0.6317646928838193
mild,cow_grouped,mkl,789,2,162,23,0,-0.02871199712792044
mild,cow_grouped,mkl,789,2,165,30,0,-0.9387618802436679
mild,cow_grouped,mkl,789,2,169,39,1,0.4723382009347873
mild,cow_grouped,mkl,789,2,178,76,1,1.2195715779524106
mild,cow_grouped,mkl,789,2,185,71,0,-0.8873835587114681
mild,cow_grouped,mkl,789,2,199,82,0,-0.835570684786768
mild,cow_grouped,mkl,789,2,202,46,0,-0.71966888173031
mild,cow_grouped,mkl,789,2,203,77,1,0.7157647814495189
mild,cow_grouped,mkl,789,2,220,88,0,-1.7898046583111231
mild,cow_grouped,mkl,789,2,222,52,0,-0.8813428065995308
mild,cow_grouped,mkl,789,2,234,39,0,0.3024162339004015
mild,cow_grouped,mkl,789,2,244,75,1,0.8201710664311732
mild,cow_grouped,mkl,789,2,247,88,0,-0.9790508896114276
mild,cow_grouped,mkl,789,2,255,97,0,0.4195913791210232
mild,cow_grouped,mkl,789,2,266,88,0,-1.6078282616792499
mild,cow_grouped,posture_svm,789,2,014,39,1,-0.07307030402700421
mild,cow_grouped,posture_svm,789,2,015,75,1,-0.8131811795600126
mild,cow_grouped,posture_svm,789,2,017,8,0,-0.7767019204226717
mild,cow_grouped,posture_svm,789,2,019,82,0,-2.243526804569326
mild,cow_grouped,posture_svm,789,2,021,70,0,0.5992505611639599
mild,cow_grouped,posture_svm,789,2,034,91,1,1.238758113380308
mild,cow_grouped,posture_svm,789,2,036,77,0,-0.10008516478947183
mild,cow_grouped,posture_svm,789,2,040,8,0,-0.008410047171824475
mild,cow_grouped,posture_svm,789,2,041,26,1,1.1944023034997904
mild,cow_grouped,posture_svm,789,2,042,23,0,-0.044862923369414054
mild,cow_grouped,posture_svm,789,2,046,70,1,0.5168385552917779
mild,cow_grouped,posture_svm,789,2,052,8,0,0.07104715934464584
mild,cow_grouped,posture_svm,789,2,057,69,1,1.6469840230975463
mild,cow_grouped,posture_svm,789,2,064,88,0,-1.447986346661827
mild,cow_grouped,posture_svm,789,2,070,75,1,-0.07803688343818654
mild,cow_grouped,posture_svm,789,2,071,23,1,1.0612675211662381
mild,cow_grouped,posture_svm,789,2,072,70,1,0.06545142304609042
mild,cow_grouped,posture_svm,789,2,088,82,0,-1.0820007968074816
mild,cow_grouped,posture_svm,789,2,090,69,0,0.9697390305364039
mild,cow_grouped,posture_svm,789,2,102,76,1,0.4133176458277763
mild,cow_grouped,posture_svm,789,2,111,77,0,0.08198858355214284
mild,cow_grouped,posture_svm,789,2,118,91,1,1.2606000441717637
mild,cow_grouped,posture_svm,789,2,120,52,0,-0.7769436525326316
mild,cow_grouped,posture_svm,789,2,122,71,0,-0.5783905920291581
mild,cow_grouped,posture_svm,789,2,126,82,0,-2.042741065336529
mild,cow_grouped,posture_svm,789,2,127,75,1,0.21509069121696167
mild,cow_grouped,posture_svm,789,2,129,69,1,1.0434965264484082
mild,cow_grouped,posture_svm,789,2,130,88,0,-1.658443488681447
mild,cow_grouped,posture_svm,789,2,134,69,1,0.7373268899394653
mild,cow_grouped,posture_svm,789,2,136,39,0,1.0374174195463803
mild,cow_grouped,posture_svm,789,2,138,75,1,-0.07963507596484742
mild,cow_grouped,posture_svm,789,2,152,58,1,1.3262043305218194
mild,cow_grouped,posture_svm,789,2,157,77,0,-1.216730857632111
mild,cow_grouped,posture_svm,789,2,159,52,0,-0.6261836893418522
mild,cow_grouped,posture_svm,789,2,162,23,0,-0.06595943392212156
mild,cow_grouped,posture_svm,789,2,165,30,0,-0.9760638003843879
mild,cow_grouped,posture_svm,789,2,169,39,1,0.39851608579744
mild,cow_grouped,posture_svm,789,2,178,76,1,1.1790698742843615
mild,cow_grouped,posture_svm,789,2,185,71,0,-0.8733581388018374
mild,cow_grouped,posture_svm,789,2,199,82,0,-0.8859073917304984
mild,cow_grouped,posture_svm,789,2,202,46,0,-0.7486798274614019
mild,cow_grouped,posture_svm,789,2,203,77,1,0.7579820699813805
mild,cow_grouped,posture_svm,789,2,220,88,0,-1.7542836978687686
mild,cow_grouped,posture_svm,789,2,222,52,0,-0.8189145943573544
mild,cow_grouped,posture_svm,789,2,234,39,0,0.1719390427430756
mild,cow_grouped,posture_svm,789,2,244,75,1,0.6961197643692641
mild,cow_grouped,posture_svm,789,2,247,88,0,-0.997500237981245
mild,cow_grouped,posture_svm,789,2,255,97,0,0.36609017577814185
mild,cow_grouped,posture_svm,789,2,266,88,0,-1.618661600247425
mild,cow_grouped,mkl,789,3,001,87,0,-0.9786141632105536
mild,cow_grouped,mkl,789,3,002,78,0,-0.1725133993003126
mild,cow_grouped,mkl,789,3,008,28,0,0.2978786818748287
mild,cow_grouped,mkl,789,3,010,72,0,-0.833026798214347
mild,cow_grouped,mkl,789,3,022,34,1,-0.014184397462321835
mild,cow_grouped,mkl,789,3,024,89,0,-0.4396789974459905
mild,cow_grouped,mkl,789,3,028,55,0,-0.7579992878918452
mild,cow_grouped,mkl,789,3,038,43,1,0.15664452370277768
mild,cow_grouped,mkl,789,3,049,87,0,-1.2480316056892078
mild,cow_grouped,mkl,789,3,051,28,0,-0.21350391262488053
mild,cow_grouped,mkl,789,3,053,78,0,0.6300821621102138
mild,cow_grouped,mkl,789,3,054,16,1,0.7349977103944234
mild,cow_grouped,mkl,789,3,062,55,0,-1.5702961641963347
mild,cow_grouped,mkl,789,3,067,34,1,0.6463315800163413
mild,cow_grouped,mkl,789,3,073,13,1,1.3517320327333622
mild,cow_grouped,mkl,789,3,076,4,1,0.5261484893087295
mild,cow_grouped,mkl,789,3,079,43,1,-0.5971573331253869
mild,cow_grouped,mkl,789,3,091,96,1,0.6823873800981489
mild,cow_grouped,mkl,789,3,098,4,1,0.9587043927559701
mild,cow_grouped,mkl,789,3,100,72,1,0.2518685145277213
mild,cow_grouped,mkl,789,3,113,78,0,0.4612412317970026
mild,cow_grouped,mkl,789,3,117,7,0,-1.5096093683678313
mild,cow_grouped,mkl,789,3,128,96,1,2.1108281460671536
mild,cow_grouped,mkl,789,3,131,54,1,-0.0687344210546593
mild,cow_grouped,mkl,789,3,135,64,1,1.4856426209300777
mild,cow_grouped,mkl,789,3,139,89,0,-0.40093626874032817
mild,cow_grouped,mkl,789,3,143,28,0,-1.0568193677076236
mild,cow_grouped,mkl,789,3,146,78,0,0.08182506368962975
mild,cow_grouped,mkl,789,3,147,72,0,0.6505881788720328
mild,cow_grouped,mkl,789,3,148,7,0,-1.5961120300034697
mild,cow_grouped,mkl,789,3,168,4,1,-0.21466125895268692
mild,cow_grouped,mkl,789,3,173,89,0,-0.08795719266669957
mild,cow_grouped,mkl,789,3,177,32,0,-0.026263361891469245
mild,cow_grouped,mkl,789,3,179,37,0,0.6657892371117394
mild,cow_grouped,mkl,789,3,191,87,0,-1.3863430942055612
mild,cow_grouped,mkl,789,3,209,64,0,0.37219197451927155
mild,cow_grouped,mkl,789,3,211,87,0,-1.3933423396386722
mild,cow_grouped,mkl,789,3,221,72,1,-1.0300654108820038
mild,cow_grouped,mkl,789,3,227,78,0,-1.1974224620455736
mild,cow_grouped,mkl,789,3,228,43,1,-0.264860628648528
mild,cow_grouped,mkl,789,3,230,34,0,-1.124961124186546
mild,cow_grouped,mkl,789,3,233,37,1,1.302902950890914
mild,cow_grouped,mkl,789,3,235,89,0,0.20915368934113074
mild,cow_grouped,mkl,789,3,238,54,1,-0.5210245948027638
mild,cow_grouped,mkl,789,3,240,72,0,-1.058483403383465
mild,cow_grouped,mkl,789,3,259,62,1,0.7437294941465773
mild,cow_grouped,mkl,789,3,260,60,0,-0.7670218573361497
mild,cow_grouped,mkl,789,3,264,31,0,0.20529875631572872
mild,cow_grouped,posture_svm,789,3,001,87,0,-0.9158405277652145
mild,cow_grouped,posture_svm,789,3,002,78,0,-0.24978875152524976
mild,cow_grouped,posture_svm,789,3,008,28,0,0.23323295383665354
mild,cow_grouped,posture_svm,789,3,010,72,0,-0.8611394337365059
mild,cow_grouped,posture_svm,789,3,022,34,1,-0.01742227166635324
mild,cow_grouped,posture_svm,789,3,024,89,0,-0.4983816223256744
mild,cow_grouped,posture_svm,789,3,028,55,0,-0.5955671334632477
mild,cow_grouped,posture_svm,789,3,038,43,1,0.01783385554542899
mild,cow_grouped,posture_svm,789,3,049,87,0,-1.1707139847401282
mild,cow_grouped,posture_svm,789,3,051,28,0,-0.26869551456300267
mild,cow_grouped,posture_svm,789,3,053,78,0,0.5696265253741043
mild,cow_grouped,posture_svm,789,3,054,16,1,0.6923092891661358
mild,cow_grouped,posture_svm,789,3,062,55,0,-1.3111055841846069
mild,cow_grouped,posture_svm,789,3,067,34,1,0.6403257318388836
mild,cow_grouped,posture_svm,789,3,073,13,1,1.2217445448002646
mild,cow_grouped,posture_svm,789,3,076,4,1,0.43953820977746794
mild,cow_grouped,posture_svm,789,3,079,43,1,-0.723950925987228
mild,cow_grouped,posture_svm,789,3,091,96,1,0.6646955077471404
mild,cow_grouped,posture_svm,789,3,098,4,1,0.9072623566542423
mild,cow_grouped,posture_svm,789,3,100,72,1,0.25777768303014625
mild,cow_grouped,posture_svm,789,3,113,78,0,0.41351081013682456
mild,cow_grouped,posture_svm,789,3,117,7,0,-1.1645214429674102
mild,cow_grouped,posture_svm,789,3,128,96,1,1.7548621027238753
mild,cow_grouped,posture_svm,789,3,131,54,1,-0.04583143134101475
mild,cow_grouped,posture_svm,789,3,135,64,1,1.0357079715051136
mild,cow_grouped,posture_svm,789,3,139,89,0,-0.4087812167789365
mild,cow_grouped,posture_svm,789,3,143,28,0,-1.0833323595320428
mild,cow_grouped,posture_svm,789,3,146,78,0,0.02521746343791309
mild,cow_grouped,posture_svm,789,3,147,72,0,0.2597597249310829
mild,cow_grouped,posture_svm,789,3,148,7,0,-1.1894052840475524
mild,cow_grouped,posture_svm,789,3,168,4,1,-0.27568786802519885
mild,cow_grouped,posture_svm,789,3,173,89,0,-0.17068143654020856
mild,cow_grouped,posture_svm,789,3,177,32,0,-0.12802562477267973
mild,cow_grouped,posture_svm,789,3,179,37,0,0.7720773106460924
mild,cow_grouped,posture_svm,789,3,191,87,0,-0.9770596197892634
mild,cow_grouped,posture_svm,789,3,209,64,0,0.43631015257851824
mild,cow_grouped,posture_svm,789,3,211,87,0,-0.9645545683683013
mild,cow_grouped,posture_svm,789,3,221,72,1,-0.937561838042448
mild,cow_grouped,posture_svm,789,3,227,78,0,-1.255921893657825
mild,cow_grouped,posture_svm,789,3,228,43,1,-0.22592031328595363
mild,cow_grouped,posture_svm,789,3,230,34,0,-1.0874165601060897
mild,cow_grouped,posture_svm,789,3,233,37,1,1.366672046961023
mild,cow_grouped,posture_svm,789,3,235,89,0,0.048464867254289334
mild,cow_grouped,posture_svm,789,3,238,54,1,-0.469810462113806
mild,cow_grouped,posture_svm,789,3,240,72,0,-0.9366958242960192
mild,cow_grouped,posture_svm,789,3,259,62,1,0.749863251101815
mild,cow_grouped,posture_svm,789,3,260,60,0,-0.6774622968631538
mild,cow_grouped,posture_svm,789,3,264,31,0,0.27218436703160886
mild,cow_grouped,mkl,789,4,004,45,1,0.7126140423555792
mild,cow_grouped,mkl,789,4,020,20,1,1.0518188145690872
mild,cow_grouped,mkl,789,4,023,44,0,-1.1212252535013252
mild,cow_grouped,mkl,789,4,027,85,1,-0.4490937005144319
mild,cow_grouped,mkl,789,4,029,35,0,-0.5386727839699197
mild,cow_grouped,mkl,789,4,031,38,1,-0.6904003134988772
mild,cow_grouped,mkl,789,4,032,19,0,-1.1173080182257649
mild,cow_grouped,mkl,789,4,060,44,0,-0.168808898787268
mild,cow_grouped,mkl,789,4,065,41,1,0.8940495089332455
mild,cow_grouped,mkl,789,4,075,38,1,-0.8580241776998849
mild,cow_grouped,mkl,789,4,089,20,1,1.5430973751508006
mild,cow_grouped,mkl,789,4,096,17,0,-1.4911645188661473
mild,cow_grouped,mkl,789,4,101,36,0,-1.0213598210816817
mild,cow_grouped,mkl,789,4,104,19,0,-0.6662691209281147
mild,cow_grouped,mkl,789,4,107,35,0,-0.8440269244502395
mild,cow_grouped,mkl,789,4,115,41,1,0.3969667571487804
mild,cow_grouped,mkl,789,4,116,85,0,-0.21493975007624894
mild,cow_grouped,mkl,789,4,125,42,0,-1.925903010700754
mild,cow_grouped,mkl,789,4,132,38,0,-0.6576967621930263
mild,cow_grouped,mkl,789,4,137,19,0,-1.323054612859714
mild,cow_grouped,mkl,789,4,142,44,0,-0.5233099154982939
mild,cow_grouped,mkl,789,4,144,63,1,0.8410485797555195
mild,cow_grouped,mkl,789,4,145,36,0,-1.2301875244222167
mild,cow_grouped,mkl,789,4,151,85,1,-0.13254121171469285
mild,cow_grouped,mkl,789,4,154,45,0,-0.16579125555553126
mild,cow_grouped,mkl,789,4,166,19,0,-1.0804889475850676
mild,cow_grouped,mkl,789,4,171,42,0,-1.7184159356442144
mild,cow_grouped,mkl,789,4,176,41,0,-0.6494845805022038
mild,cow_grouped,mkl,789,4,187,17,0,-0.79654618042254
mild,cow_grouped,mkl,789,4,188,85,0,-0.7423828084233915
mild,cow_grouped,mkl,789,4,190,44,0,-0.5913639287671875
mild,cow_grouped,mkl,789,4,192,38,0,-0.9669780235657929
mild,cow_grouped,mkl,789,4,197,35,0,-0.9643039447303736
mild,cow_grouped,mkl,789,4,205,95,0,-0.7624934208893627
mild,cow_grouped,mkl,789,4,206,42,0,-1.8933217135924139
mild,cow_grouped,mkl,789,4,210,20,1,1.390454341625297
mild,cow_grouped,mkl,789,4,213,44,1,0.7221774468737227
mild,cow_grouped,mkl,789,4,216,36,1,0.32179872571193635
mild,cow_grouped,mkl,789,4,223,38,0,-0.5729329578021938
mild,cow_grouped,mkl,789,4,226,41,1,-0.3591482699420681
mild,cow_grouped,mkl,789,4,236,44,0,0.1403354788968726
mild,cow_grouped,mkl,789,4,243,85,1,0.45169100168034737
mild,cow_grouped,mkl,789,4,248,36,1,0.5448725723889446
mild,cow_grouped,mkl,789,4,249,17,1,0.7360667130739976
mild,cow_grouped,mkl,789,4,251,38,0,0.2071654882318551
mild,cow_grouped,mkl,789,4,253,45,1,0.10898589490999644
mild,cow_grouped,mkl,789,4,258,85,1,-0.326336689625103
mild,cow_grouped,mkl,789,4,269,44,0,-0.3175490408434774
mild,cow_grouped,posture_svm,789,4,004,45,1,0.9015390886132018
mild,cow_grouped,posture_svm,789,4,020,20,1,0.9303744377773588
mild,cow_grouped,posture_svm,789,4,023,44,0,-1.5136913728388313
mild,cow_grouped,posture_svm,789,4,027,85,1,-0.4943359969831998
mild,cow_grouped,posture_svm,789,4,029,35,0,-0.7263143079895685
mild,cow_grouped,posture_svm,789,4,031,38,1,-0.7185029101548754
mild,cow_grouped,posture_svm,789,4,032,19,0,-1.065610182733722
mild,cow_grouped,posture_svm,789,4,060,44,0,-0.40963205968799227
mild,cow_grouped,posture_svm,789,4,065,41,1,1.2497430758425652
mild,cow_grouped,posture_svm,789,4,075,38,1,-0.7856749580938623
mild,cow_grouped,posture_svm,789,4,089,20,1,1.386535441797966
mild,cow_grouped,posture_svm,789,4,096,17,0,-1.5046893149262346
mild,cow_grouped,posture_svm,789,4,101,36,0,-1.1400057112500928
mild,cow_grouped,posture_svm,789,4,104,19,0,-0.5922739669756619
mild,cow_grouped,posture_svm,789,4,107,35,0,-0.7382159118210974
mild,cow_grouped,posture_svm,789,4,115,41,1,0.6636867556478911
mild,cow_grouped,posture_svm,789,4,116,85,0,-0.3667778111069646
mild,cow_grouped,posture_svm,789,4,125,42,0,-1.9592721150615147
mild,cow_grouped,posture_svm,789,4,132,38,0,-0.5966780418255584
mild,cow_grouped,posture_svm,789,4,137,19,0,-1.3144948428603287
mild,cow_grouped,posture_svm,789,4,142,44,0,-0.6612664399153011
mild,cow_grouped,posture_svm,789,4,144,63,1,0.8807316067178199
mild,cow_grouped,posture_svm,789,4,145,36,0,-1.2606886127016834
mild,cow_grouped,posture_svm,789,4,151,85,1,-0.13674806551581015
mild,cow_grouped,posture_svm,789,4,154,45,0,-0.17741042688529635
mild,cow_grouped,posture_svm,789,4,166,19,0,-1.2222943262024026
mild,cow_grouped,posture_svm,789,4,171,42,0,-1.6954216515528047
mild,cow_grouped,posture_svm,789,4,176,41,0,-0.6618785070171862
mild,cow_grouped,posture_svm,789,4,187,17,0,-0.8043899531152197
mild,cow_grouped,posture_svm,789,4,188,85,0,-0.7935128996335985
mild,cow_grouped,posture_svm,789,4,190,44,0,-0.8795135579177966
mild,cow_grouped,posture_svm,789,4,192,38,0,-0.933105541560415
mild,cow_grouped,posture_svm,789,4,197,35,0,-0.8722034011482223
mild,cow_grouped,posture_svm,789,4,205,95,0,-0.5459925943269082
mild,cow_grouped,posture_svm,789,4,206,42,0,-2.1403003089564328
mild,cow_grouped,posture_svm,789,4,210,20,1,1.4172840977307966
mild,cow_grouped,posture_svm,789,4,213,44,1,0.48903843257220686
mild,cow_grouped,posture_svm,789,4,216,36,1,0.487489266219119
mild,cow_grouped,posture_svm,789,4,223,38,0,-0.5293387213373177
mild,cow_grouped,posture_svm,789,4,226,41,1,-0.08060068048837565
mild,cow_grouped,posture_svm,789,4,236,44,0,-0.2824028831373846
mild,cow_grouped,posture_svm,789,4,243,85,1,0.3428301832367246
mild,cow_grouped,posture_svm,789,4,248,36,1,0.6159450167711176
mild,cow_grouped,posture_svm,789,4,249,17,1,0.7786852218950173
mild,cow_grouped,posture_svm,789,4,251,38,0,0.4107126005798359
mild,cow_grouped,posture_svm,789,4,253,45,1,0.09975856471022843
mild,cow_grouped,posture_svm,789,4,258,85,1,-0.5341219982385357
mild,cow_grouped,posture_svm,789,4,269,44,0,-0.3572182274942777
mild,cow_grouped,mkl,2024,0,004,45,1,1.1988037197497015
mild,cow_grouped,mkl,2024,0,010,72,0,-0.6021365730725246
mild,cow_grouped,mkl,2024,0,017,8,0,-0.6299673924327581
mild,cow_grouped,mkl,2024,0,024,89,0,-0.025039999584678063
mild,cow_grouped,mkl,2024,0,027,85,1,-0.24897603281427588
mild,cow_grouped,mkl,2024,0,035,83,1,0.3612023811283577
mild,cow_grouped,mkl,2024,0,040,8,0,0.3408483701919932
mild,cow_grouped,mkl,2024,0,047,51,0,-0.571561340755138
mild,cow_grouped,mkl,2024,0,050,51,0,0.6471933326307354
mild,cow_grouped,mkl,2024,0,052,8,0,0.6710568306330728
mild,cow_grouped,mkl,2024,0,087,51,0,-0.6182494192860608
mild,cow_grouped,mkl,2024,0,092,51,0,-0.40246378678563827
mild,cow_grouped,mkl,2024,0,100,72,1,0.26835066851122025
mild,cow_grouped,mkl,2024,0,103,6,0,-1.000830734499948
mild,cow_grouped,mkl,2024,0,108,61,0,-0.5989982372461629
mild,cow_grouped,mkl,2024,0,116,85,0,-0.07620424236655371
mild,cow_grouped,mkl,2024,0,117,7,0,-1.4878286190882757
mild,cow_grouped,mkl,2024,0,121,74,1,0.5584783808690007
mild,cow_grouped,mkl,2024,0,133,51,0,0.6573011148942226
mild,cow_grouped,mkl,2024,0,139,89,0,0.07518236215209007
mild,cow_grouped,mkl,2024,0,144,63,1,1.3292629574756702
mild,cow_grouped,mkl,2024,0,147,72,0,0.3873899297087381
mild,cow_grouped,mkl,2024,0,148,7,0,-1.555295756772669
mild,cow_grouped,mkl,2024,0,151,85,1,0.15286165701493448
mild,cow_grouped,mkl,2024,0,153,83,1,0.8285056614771266
mild,cow_grouped,mkl,2024,0,154,45,0,-0.27009329145382655
mild,cow_grouped,mkl,2024,0,158,74,1,1.3141634037795953
mild,cow_grouped,mkl,2024,0,160,51,0,-0.1395544878680337
mild,cow_grouped,mkl,2024,0,165,30,0,-0.9925832350382888
mild,cow_grouped,mkl,2024,0,173,89,0,-0.047897678452596015
mild,cow_grouped,mkl,2024,0,175,74,1,1.866530751461024
mild,cow_grouped,mkl,2024,0,180,73,1,1.3950219047408008
mild,cow_grouped,mkl,2024,0,181,6,0,-1.6935854439931033
mild,cow_grouped,mkl,2024,0,186,51,0,-0.9406830054975228
mild,cow_grouped,mkl,2024,0,188,85,0,-0.7378119498899296
mild,cow_grouped,mkl,2024,0,193,56,1,1.043926813600938
mild,cow_grouped,mkl,2024,0,205,95,0,-0.47267536350271283
mild,cow_grouped,mkl,2024,0,219,73,1,1.5178604307291024
mild,cow_grouped,mkl,2024,0,221,72,1,-0.36427988209262674
mild,cow_grouped,mkl,2024,0,229,51,0,-1.0009277060337998
mild,cow_grouped,mkl,2024,0,235,89,0,0.7365143653481513
mild,cow_grouped,mkl,2024,0,240,72,0,-0.5419263100361681
mild,cow_grouped,mkl,2024,0,243,85,1,0.7566173249520364
mild,cow_grouped,mkl,2024,0,253,45,1,0.34432615027041524
mild,cow_grouped,mkl,2024,0,257,83,1,1.091955396483737
mild,cow_grouped,mkl,2024,0,258,85,1,-0.19025076068516555
mild,cow_grouped,mkl,2024,0,262,14,0,-0.16313307184852927
mild,cow_grouped,posture_svm,2024,0,004,45,1,1.2828685709878478
mild,cow_grouped,posture_svm,2024,0,010,72,0,-0.6823602011489103
mild,cow_grouped,posture_svm,2024,0,017,8,0,-0.5500579537801169
mild,cow_grouped,posture_svm,2024,0,024,89,0,0.15659957291809484
mild,cow_grouped,posture_svm,2024,0,027,85,1,-0.238414065696408
mild,cow_grouped,posture_svm,2024,0,035,83,1,0.3873175410581113
mild,cow_grouped,posture_svm,2024,0,040,8,0,0.3780555041580535
mild,cow_grouped,posture_svm,2024,0,047,51,0,-0.65021407541816
mild,cow_grouped,posture_svm,2024,0,050,51,0,0.807867991992193
mild,cow_grouped,posture_svm,2024,0,052,8,0,0.7411464472229117
mild,cow_grouped,posture_svm,2024,0,087,51,0,-0.8126671121346483
mild,cow_grouped,posture_svm,2024,0,092,51,0,-0.5916231773259728
mild,cow_grouped,posture_svm,2024,0,100,72,1,0.4090213549659765
mild,cow_grouped,posture_svm,2024,0,103,6,0,-1.0249981045099483
mild,cow_grouped,posture_svm,2024,0,108,61,0,-0.47490480114565026
mild,cow_grouped,posture_svm,2024,0,116,85,0,-0.12435782934044526
mild,cow_grouped,posture_svm,2024,0,117,7,0,-1.465545979365541
mild,cow_grouped,posture_svm,2024,0,121,74,1,0.47870210435858424
mild,cow_grouped,posture_svm,2024,0,133,51,0,0.7531472527327976
mild,cow_grouped,posture_svm,2024,0,139,89,0,0.21046668649836237
mild,cow_grouped,posture_svm,2024,0,144,63,1,1.2904460931243695
mild,cow_grouped,posture_svm,2024,0,147,72,0,0.5696633752585065
mild,cow_grouped,posture_svm,2024,0,148,7,0,-1.5272529430452197
mild,cow_grouped,posture_svm,2024,0,151,85,1,0.15822376512882513
mild,cow_grouped,posture_svm,2024,0,153,83,1,0.8755003435875006
mild,cow_grouped,posture_svm,2024,0,154,45,0,-0.3744909144805211
mild,cow_grouped,posture_svm,2024,0,158,74,1,1.3111039472497044
mild,cow_grouped,posture_svm,2024,0,160,51,0,-0.26988576894174615
mild,cow_grouped,posture_svm,2024,0,165,30,0,-0.9832660761720291
mild,cow_grouped,posture_svm,2024,0,173,89,0,0.10045769160904355
mild,cow_grouped,posture_svm,2024,0,175,74,1,1.9032229654541946
mild,cow_grouped,posture_svm,2024,0,180,73,1,1.4158688968853217
mild,cow_grouped,posture_svm,2024,0,181,6,0,-1.696819116021371
mild,cow_grouped,posture_svm,2024,0,186,51,0,-1.0334188929444916
mild,cow_grouped,posture_svm,2024,0,188,85,0,-0.7354396237135024
mild,cow_grouped,posture_svm,2024,0,193,56,1,0.9060756264415806
mild,cow_grouped,posture_svm,2024,0,205,95,0,-0.3565225398569025
mild,cow_grouped,posture_svm,2024,0,219,73,1,1.4437796036775432
mild,cow_grouped,posture_svm,2024,0,221,72,1,-0.5025570681321001
mild,cow_grouped,posture_svm,2024,0,229,51,0,-1.2217866578727075
mild,cow_grouped,posture_svm,2024,0,235,89,0,0.8802615983212809
mild,cow_grouped,posture_svm,2024,0,240,72,0,-0.6959383200932877
mild,cow_grouped,posture_svm,2024,0,243,85,1,0.7326532773000614
mild,cow_grouped,posture_svm,2024,0,253,45,1,0.3200313519759272
mild,cow_grouped,posture_svm,2024,0,257,83,1,1.0886882875617312
mild,cow_grouped,posture_svm,2024,0,258,85,1,-0.30184841617773583
mild,cow_grouped,posture_svm,2024,0,262,14,0,-0.22478991767626139
mild,cow_grouped,mkl,2024,1,016,84,1,1.1302535145150845
mild,cow_grouped,mkl,2024,1,026,86,1,1.5720486448405255
mild,cow_grouped,mkl,2024,1,031,38,1,-0.5365518415544832
mild,cow_grouped,mkl,2024,1,032,19,0,-1.2681146671754107
mild,cow_grouped,mkl,2024,1,041,26,1,0.7563268833098439
mild,cow_grouped,mkl,2024,1,048,67,0,-0.5887432580865806
mild,cow_grouped,mkl,2024,1,055,15,1,-1.7061785143423718
mild,cow_grouped,mkl,2024,1,065,41,1,1.0140322732505993
mild,cow_grouped,mkl,2024,1,075,38,1,-0.9379230458087282
mild,cow_grouped,mkl,2024,1,077,86,1,1.7942820285822587
mild,cow_grouped,mkl,2024,1,078,93,0,-1.126408687223027
mild,cow_grouped,mkl,2024,1,085,18,0,-1.9866665084673758
mild,cow_grouped,mkl,2024,1,086,18,0,-1.7837957757089211
mild,cow_grouped,mkl,2024,1,094,93,1,-0.3250615886561927
mild,cow_grouped,mkl,2024,1,095,86,1,1.4128556336120965
mild,cow_grouped,mkl,2024,1,104,19,0,-0.9783068514314645
mild,cow_grouped,mkl,2024,1,106,48,1,-0.011890365538784975
mild,cow_grouped,mkl,2024,1,115,41,1,0.6171177615075786
mild,cow_grouped,mkl,2024,1,120,52,0,-1.0449950255476752
mild,cow_grouped,mkl,2024,1,132,38,0,-0.4966983810372021
mild,cow_grouped,mkl,2024,1,137,19,0,-1.6377663551863506
mild,cow_grouped,mkl,2024,1,140,84,1,-0.6612319139064927
mild,cow_grouped,mkl,2024,1,152,58,1,1.045078641359786
mild,cow_grouped,mkl,2024,1,155,68,1,1.1931478084758362
mild,cow_grouped,mkl,2024,1,159,52,0,-0.7190620439719945
mild,cow_grouped,mkl,2024,1,163,48,0,0.5175623283207477
mild,cow_grouped,mkl,2024,1,164,53,0,-0.968793716276016
mild,cow_grouped,mkl,2024,1,166,19,0,-1.1724726519152036
mild,cow_grouped,mkl,2024,1,170,53,0,-0.8921933716412234
mild,cow_grouped,mkl,2024,1,172,18,0,-1.9233376023669466
mild,cow_grouped,mkl,2024,1,176,41,0,-0.9308475836751008
mild,cow_grouped,mkl,2024,1,184,68,0,0.23383708667468228
mild,cow_grouped,mkl,2024,1,192,38,0,-0.7923830413803895
mild,cow_grouped,mkl,2024,1,196,67,0,-0.8446268970477846
mild,cow_grouped,mkl,2024,1,198,93,0,-1.177474404456397
mild,cow_grouped,mkl,2024,1,201,66,1,-0.9961290746580541
mild,cow_grouped,mkl,2024,1,222,52,0,-1.1025117423596584
mild,cow_grouped,mkl,2024,1,223,38,0,-0.40569072021516095
mild,cow_grouped,mkl,2024,1,225,67,0,-0.8744647009936638
mild,cow_grouped,mkl,2024,1,226,41,1,-0.5338357995168042
mild,cow_grouped,mkl,2024,1,237,18,0,-1.2892883469088035
mild,cow_grouped,mkl,2024,1,251,38,0,0.27685689521487344
mild,cow_grouped,mkl,2024,1,252,18,0,-0.44212055346481255
mild,cow_grouped,mkl,2024,1,254,86,1,1.2397775812901504
mild,cow_grouped,mkl,2024,1,256,10,1,0.7327307296582167
mild,cow_grouped,mkl,2024,1,260,60,0,-0.659085960962058
mild,cow_grouped,mkl,2024,1,265,18,0,-1.0959063420818023
mild,cow_grouped,posture_svm,2024,1,016,84,1,1.1757231919132025
mild,cow_grouped,posture_svm,2024,1,026,86,1,1.6460043018545274
mild,cow_grouped,posture_svm,2024,1,031,38,1,-0.6015412126864996
mild,cow_grouped,posture_svm,2024,1,032,19,0,-1.2545865652386003
mild,cow_grouped,posture_svm,2024,1,041,26,1,0.9973053199922757
mild,cow_grouped,posture_svm,2024,1,048,67,0,-0.497498835790536
mild,cow_grouped,posture_svm,2024,1,055,15,1,-1.6293141700675935
mild,cow_grouped,posture_svm,2024,1,065,41,1,1.2443060328177944
mild,cow_grouped,posture_svm,2024,1,075,38,1,-0.9214103755832382
mild,cow_grouped,posture_svm,2024,1,077,86,1,1.8015806320276904
mild,cow_grouped,posture_svm,2024,1,078,93,0,-1.1046179067078066
mild,cow_grouped,posture_svm,2024,1,085,18,0,-1.9986297010572935
mild,cow_grouped,posture_svm,2024,1,086,18,0,-1.8569902616802505
mild,cow_grouped,posture_svm,2024,1,094,93,1,-0.1323648206099196
mild,cow_grouped,posture_svm,2024,1,095,86,1,1.67111053024686
mild,cow_grouped,posture_svm,2024,1,104,19,0,-0.8390571863389165
mild,cow_grouped,posture_svm,2024,1,106,48,1,0.16381979420620774
mild,cow_grouped,posture_svm,2024,1,115,41,1,0.8359669574321069
mild,cow_grouped,posture_svm,2024,1,120,52,0,-0.9802362049226317
mild,cow_grouped,posture_svm,2024,1,132,38,0,-0.465273723631261
mild,cow_grouped,posture_svm,2024,1,137,19,0,-1.5778708786089137
mild,cow_grouped,posture_svm,2024,1,140,84,1,-0.6254783302903317
mild,cow_grouped,posture_svm,2024,1,152,58,1,1.0827509453834174
mild,cow_grouped,posture_svm,2024,1,155,68,1,1.1223306329458314
mild,cow_grouped,posture_svm,2024,1,159,52,0,-0.7167687822099441
mild,cow_grouped,posture_svm,2024,1,163,48,0,0.44522141273599236
mild,cow_grouped,posture_svm,2024,1,164,53,0,-0.9393536392792294
mild,cow_grouped,posture_svm,2024,1,166,19,0,-1.2133718225471197
mild,cow_grouped,posture_svm,2024,1,170,53,0,-0.9437991229518952
mild,cow_grouped,posture_svm,2024,1,172,18,0,-1.7802444282868453
mild,cow_grouped,posture_svm,2024,1,176,41,0,-1.0164105815057811
mild,cow_grouped,posture_svm,2024,1,184,68,0,0.13031937812057293
mild,cow_grouped,posture_svm,2024,1,192,38,0,-0.7952530938378477
mild,cow_grouped,posture_svm,2024,1,196,67,0,-0.7718421095617225
mild,cow_grouped,posture_svm,2024,1,198,93,0,-1.1800143155812277
mild,cow_grouped,posture_svm,2024,1,201,66,1,-0.9887949953830433
mild,cow_grouped,posture_svm,2024,1,222,52,0,-1.0462949075908083
mild,cow_grouped,posture_svm,2024,1,223,38,0,-0.42499018051425325
mild,cow_grouped,posture_svm,2024,1,225,67,0,-0.894032507913796
mild,cow_grouped,posture_svm,2024,1,226,41,1,-0.37555080339054187
mild,cow_grouped,posture_svm,2024,1,237,18,0,-1.4355895646380599
mild,cow_grouped,posture_svm,2024,1,251,38,0,0.30066365287391816
mild,cow_grouped,posture_svm,2024,1,252,18,0,-0.32972468693960333
mild,cow_grouped,posture_svm,2024,1,254,86,1,1.2666532824092336
mild,cow_grouped,posture_svm,2024,1,256,10,1,0.6714633620602153
mild,cow_grouped,posture_svm,2024,1,260,60,0,-0.6317283807416698
mild,cow_grouped,posture_svm,2024,1,265,18,0,-1.1539336063468324
mild,cow_grouped,mkl,2024,2,005,65,0,-1.2843244960479707
mild,cow_grouped,mkl,2024,2,006,49,1,0.661133458363756
mild,cow_grouped,mkl,2024,2,007,90,1,0.08643578462041435
mild,cow_grouped,mkl,2024,2,015,75,1,-0.8379749943286052
mild,cow_grouped,mkl,2024,2,023,44,0,-1.66324742690663
mild,cow_grouped,mkl,2024,2,029,35,0,-0.7132257318393185
mild,cow_grouped,mkl,2024,2,034,91,1,0.9836063938184771
mild,cow_grouped,mkl,2024,2,037,90,0,-0.2431529685763384
mild,cow_grouped,mkl,2024,2,039,40,0,-0.8507341844253762
mild,cow_grouped,mkl,2024,2,045,49,1,1.359525576965691
mild,cow_grouped,mkl,2024,2,057,69,1,1.6004114779051501
mild,cow_grouped,mkl,2024,2,058,50,0,0.5413693036836829
mild,cow_grouped,mkl,2024,2,060,44,0,-0.18225393643393917
mild,cow_grouped,mkl,2024,2,066,90,1,-0.02572294374070494
mild,cow_grouped,mkl,2024,2,070,75,1,0.14865794100901009
mild,cow_grouped,mkl,2024,2,081,40,0,-0.45276496673021627
mild,cow_grouped,mkl,2024,2,090,69,0,1.2689905953053455
mild,cow_grouped,mkl,2024,2,102,76,1,0.3373592846190616
mild,cow_grouped,mkl,2024,2,107,35,0,-0.7333327688352542
mild,cow_grouped,mkl,2024,2,118,91,1,1.15069674889159
mild,cow_grouped,mkl,2024,2,119,40,0,-1.3606338954901442
mild,cow_grouped,mkl,2024,2,127,75,1,0.4236630217735933
mild,cow_grouped,mkl,2024,2,129,69,1,1.257249406444559
mild,cow_grouped,mkl,2024,2,134,69,1,1.1934208229343306
mild,cow_grouped,mkl,2024,2,138,75,1,0.10211260508061437
mild,cow_grouped,mkl,2024,2,142,44,0,-0.38821261113877936
mild,cow_grouped,mkl,2024,2,149,40,0,-0.13361275887853696
mild,cow_grouped,mkl,2024,2,150,29,0,0.6294424813499269
mild,cow_grouped,mkl,2024,2,156,5,0,-0.55120784451607
mild,cow_grouped,mkl,2024,2,178,76,1,1.1206501649965734
mild,cow_grouped,mkl,2024,2,179,37,0,0.735820880910856
mild,cow_grouped,mkl,2024,2,190,44,0,-0.8422002278037531
mild,cow_grouped,mkl,2024,2,194,5,0,-0.46131787814363223
mild,cow_grouped,mkl,2024,2,197,35,0,-0.8701845185913837
mild,cow_grouped,mkl,2024,2,202,46,0,-1.1937004579796726
mild,cow_grouped,mkl,2024,2,204,27,0,-0.8059589945658066
mild,cow_grouped,mkl,2024,2,213,44,1,0.6136253091556301
mild,cow_grouped,mkl,2024,2,215,50,0,-1.9626881082305374
mild,cow_grouped,mkl,2024,2,231,11,0,-0.802316307239935
mild,cow_grouped,mkl,2024,2,233,37,1,1.2590158199038364
mild,cow_grouped,mkl,2024,2,236,44,0,-0.07612587883422539
mild,cow_grouped,mkl,2024,2,241,29,0,-0.04118602843570829
mild,cow_grouped,mkl,2024,2,244,75,1,0.7650905311402993
mild,cow_grouped,mkl,2024,2,246,50,0,-0.7879054608337344
mild,cow_grouped,mkl,2024,2,267,98,1,-0.4191226265925091
mild,cow_grouped,mkl,2024,2,269,44,0,-0.37022004066737896
mild,cow_grouped,mkl,2024,2,270,49,0,0.38784727706909194
mild,cow_grouped,posture_svm,2024,2,005,65,0,-1.2837165251697034
mild,cow_grouped,posture_svm,2024,2,006,49,1,0.6623225572202444
mild,cow_grouped,posture_svm,2024,2,007,90,1,0.0869197546542777
mild,cow_grouped,posture_svm,2024,2,015,75,1,-0.835513224820712
mild,cow_grouped,posture_svm,2024,2,023,44,0,-1.6616799953283024
mild,cow_grouped,posture_svm,2024,2,029,35,0,-0.7096680579723599
mild,cow_grouped,posture_svm,2024,2,034,91,1,0.9844153944539958
mild,cow_grouped,posture_svm,2024,2,037,90,0,-0.24246673930675255
mild,cow_grouped,posture_svm,2024,2,039,40,0,-0.8493199843760948
mild,cow_grouped,posture_svm,2024,2,045,49,1,1.3592492781031105
mild,cow_grouped,posture_svm,2024,2,057,69,1,1.6031172737872832
mild,cow_grouped,posture_svm,2024,2,058,50,0,0.5423019072054772
mild,cow_grouped,posture_svm,2024,2,060,44,0,-0.18149239795204497
mild,cow_grouped,posture_svm,2024,2,066,90,1,-0.0278930312808765
mild,cow_grouped,posture_svm,2024,2,070,75,1,0.1504078728849355
mild,cow_grouped,posture_svm,2024,2,081,40,0,-0.451397821597669
mild,cow_grouped,posture_svm,2024,2,090,69,0,1.271620327419504
mild,cow_grouped,posture_svm,2024,2,102,76,1,0.34256700326163947
mild,cow_grouped,posture_svm,2024,2,107,35,0,-0.732389027832824
mild,cow_grouped,posture_svm,2024,2,118,91,1,1.1511503625561526
mild,cow_grouped,posture_svm,2024,2,119,40,0,-1.360218938392406
mild,cow_grouped,posture_svm,2024,2,127,75,1,0.42579188399623924
mild,cow_grouped,posture_svm,2024,2,129,69,1,1.258066007511136
mild,cow_grouped,posture_svm,2024,2,134,69,1,1.1948146753881832
mild,cow_grouped,posture_svm,2024,2,138,75,1,0.10418736429604947
mild,cow_grouped,posture_svm,2024,2,142,44,0,-0.38800463901933946
mild,cow_grouped,posture_svm,2024,2,149,40,0,-0.1342314759283404
mild,cow_grouped,posture_svm,2024,2,150,29,0,0.6306224849165302
mild,cow_grouped,posture_svm,2024,2,156,5,0,-0.5516301532037228
mild,cow_grouped,posture_svm,2024,2,178,76,1,1.125616197758434
mild,cow_grouped,posture_svm,2024,2,179,37,0,0.7358957800520106
mild,cow_grouped,posture_svm,2024,2,190,44,0,-0.8431584734633667
mild,cow_grouped,posture_svm,2024,2,194,5,0,-0.4621939355389908
mild,cow_grouped,posture_svm,2024,2,197,35,0,-0.8676897355391693
mild,cow_grouped,posture_svm,2024,2,202,46,0,-1.192693291193888
mild,cow_grouped,posture_svm,2024,2,204,27,0,-0.8045895837815387
mild,cow_grouped,posture_svm,2024,2,213,44,1,0.6161077912368035
mild,cow_grouped,posture_svm,2024,2,215,50,0,-1.9641355137656658
mild,cow_grouped,posture_svm,2024,2,231,11,0,-0.8021033725414244
mild,cow_grouped,posture_svm,2024,2,233,37,1,1.2574330859940575
mild,cow_grouped,posture_svm,2024,2,236,44,0,-0.07553643419074885
mild,cow_grouped,posture_svm,2024,2,241,29,0,-0.03966997815902984
mild,cow_grouped,posture_svm,2024,2,244,75,1,0.767230264027181
mild,cow_grouped,posture_svm,2024,2,246,50,0,-0.7873541931750005
mild,cow_grouped,posture_svm,2024,2,267,98,1,-0.41728899853124896
mild,cow_grouped,posture_svm,2024,2,269,44,0,-0.36930552975619313
mild,cow_grouped,posture_svm,2024,2,270,49,0,0.3858161504641858
mild,cow_grouped,mkl,2024,3,002,78,0,-0.12662598886293497
mild,cow_grouped,mkl,2024,3,008,28,0,0.18057216008942445
mild,cow_grouped,mkl,2024,3,013,92,0,-0.9066441357028775
mild,cow_grouped,mkl,2024,3,014,39,1,0.1677721462603301
mild,cow_grouped,mkl,2024,3,019,82,0,-2.221911820027656
mild,cow_grouped,mkl,2024,3,038,43,1,-0.05843598044817472
mild,cow_grouped,mkl,2024,3,042,23,0,0.06831836876318509
mild,cow_grouped,mkl,2024,3,051,28,0,-0.37832141197368174
mild,cow_grouped,mkl,2024,3,053,78,0,0.7623182317044743
mild,cow_grouped,mkl,2024,3,054,16,1,0.7968554040478186
mild,cow_grouped,mkl,2024,3,068,22,1,0.5415826571643872
mild,cow_grouped,mkl,2024,3,071,23,1,1.400786238330961
mild,cow_grouped,mkl,2024,3,073,13,1,1.3764594024257748
mild,cow_grouped,mkl,2024,3,079,43,1,-0.6914785948257007
mild,cow_grouped,mkl,2024,3,088,82,0,-0.8153163604523386
mild,cow_grouped,mkl,2024,3,091,96,1,0.6523025310195876
mild,cow_grouped,mkl,2024,3,096,17,0,-1.695347116590758
mild,cow_grouped,mkl,2024,3,097,2,1,1.0796154764624821
mild,cow_grouped,mkl,2024,3,110,22,1,1.559237575429739
mild,cow_grouped,mkl,2024,3,112,94,0,-0.796527601211069
mild,cow_grouped,mkl,2024,3,113,78,0,0.44169925237359986
mild,cow_grouped,mkl,2024,3,114,92,1,1.1257226736943915
mild,cow_grouped,mkl,2024,3,125,42,0,-2.0739434734387006
mild,cow_grouped,mkl,2024,3,126,82,0,-2.0394352852447195
mild,cow_grouped,mkl,2024,3,128,96,1,2.0280784989592626
mild,cow_grouped,mkl,2024,3,131,54,1,0.23034440080741325
mild,cow_grouped,mkl,2024,3,136,39,0,1.1371961896881677
mild,cow_grouped,mkl,2024,3,143,28,0,-0.7986817871703988
mild,cow_grouped,mkl,2024,3,146,78,0,0.025706774683298628
mild,cow_grouped,mkl,2024,3,162,23,0,-0.019055320639763396
mild,cow_grouped,mkl,2024,3,167,22,1,1.1427798306673038
mild,cow_grouped,mkl,2024,3,169,39,1,0.564687746473224
mild,cow_grouped,mkl,2024,3,171,42,0,-1.5119720541355959
mild,cow_grouped,mkl,2024,3,177,32,0,0.0316916656252762
mild,cow_grouped,mkl,2024,3,187,17,0,-1.0400686467095492
mild,cow_grouped,mkl,2024,3,189,22,1,1.1140514732717457
mild,cow_grouped,mkl,2024,3,195,94,0,-0.8550177839649047
mild,cow_grouped,mkl,2024,3,199,82,0,-1.0092799824365537
mild,cow_grouped,mkl,2024,3,200,21,0,-0.7279551271088408
mild,cow_grouped,mkl,2024,3,206,42,0,-1.9832810809441757
mild,cow_grouped,mkl,2024,3,214,92,0,-1.4138762306745352
mild,cow_grouped,mkl,2024,3,227,78,0,-1.1543238858730167
mild,cow_grouped,mkl,2024,3,228,43,1,-0.16543752778380738
mild,cow_grouped,mkl,2024,3,234,39,0,0.31048033823915044
mild,cow_grouped,mkl,2024,3,238,54,1,-0.35629267279708243
mild,cow_grouped,mkl,2024,3,249,17,1,1.3560898422213212
mild,cow_grouped,mkl,2024,3,264,31,0,0.3312789004635749
mild,cow_grouped,mkl,2024,3,268,21,0,-1.2880015374645182
mild,cow_grouped,mkl,2024,3,272,33,1,-0.007896123407824418
mild,cow_grouped,posture_svm,2024,3,002,78,0,-0.13474048259449745
mild,cow_grouped,posture_svm,2024,3,008,28,0,0.17424337905128678
mild,cow_grouped,posture_svm,2024,3,013,92,0,-0.9053255470701633
mild,cow_grouped,posture_svm,2024,3,014,39,1,0.1643505196711172
mild,cow_grouped,posture_svm,2024,3,019,82,0,-2.1916188527314633
mild,cow_grouped,posture_svm,2024,3,038,43,1,-0.07623382761191894
mild,cow_grouped,posture_svm,2024,3,042,23,0,0.05864065431330234
mild,cow_grouped,posture_svm,2024,3,051,28,0,-0.38039595198306186
mild,cow_grouped,posture_svm,2024,3,053,78,0,0.7471200127302933
mild,cow_grouped,posture_svm,2024,3,054,16,1,0.7855959051561514
mild,cow_grouped,posture_svm,2024,3,068,22,1,0.510461080845422
mild,cow_grouped,posture_svm,2024,3,071,23,1,1.3786068092745325
mild,cow_grouped,posture_svm,2024,3,073,13,1,1.365841051749945
mild,cow_grouped,posture_svm,2024,3,079,43,1,-0.7169009544291169
mild,cow_grouped,posture_svm,2024,3,088,82,0,-0.8273941237911464
mild,cow_grouped,posture_svm,2024,3,091,96,1,0.6409658814702193
mild,cow_grouped,posture_svm,2024,3,096,17,0,-1.6910534747969426
mild,cow_grouped,posture_svm,2024,3,097,2,1,1.0828658946178995
mild,cow_grouped,posture_svm,2024,3,110,22,1,1.5600857095237493
mild,cow_grouped,posture_svm,2024,3,112,94,0,-0.7900517652031105
mild,cow_grouped,posture_svm,2024,3,113,78,0,0.4353521989444486
mild,cow_grouped,posture_svm,2024,3,114,92,1,1.130421261808429
mild,cow_grouped,posture_svm,2024,3,125,42,0,-2.0692945835813013
mild,cow_grouped,posture_svm,2024,3,126,82,0,-2.0312133922560194
mild,cow_grouped,posture_svm,2024,3,128,96,1,2.0121076541333776
mild,cow_grouped,posture_svm,2024,3,131,54,1,0.23425326501753768
mild,cow_grouped,posture_svm,2024,3,136,39,0,1.1157414502197562
mild,cow_grouped,posture_svm,2024,3,143,28,0,-0.809863314566333
mild,cow_grouped,posture_svm,2024,3,146,78,0,0.019029597345869342
mild,cow_grouped,posture_svm,2024,3,162,23,0,-0.03590304475117606
mild,cow_grouped,posture_svm,2024,3,167,22,1,1.1540802328491975
mild,cow_grouped,posture_svm,2024,3,169,39,1,0.5628706254877871
mild,cow_grouped,posture_svm,2024,3,171,42,0,-1.5126387353742654
mild,cow_grouped,posture_svm,2024,3,177,32,0,0.018560931232751487
mild,cow_grouped,posture_svm,2024,3,187,17,0,-1.051397149818056
mild,cow_grouped,posture_svm,2024,3,189,22,1,1.1181192476571977
mild,cow_grouped,posture_svm,2024,3,195,94,0,-0.8488955261269044
mild,cow_grouped,posture_svm,2024,3,199,82,0,-0.9727865046482791
mild,cow_grouped,posture_svm,2024,3,200,21,0,-0.7302193011109817
mild,cow_grouped,posture_svm,2024,3,206,42,0,-1.9797013437528512
mild,cow_grouped,posture_svm,2024,3,214,92,0,-1.4179614387441053
mild,cow_grouped,posture_svm,2024,3,227,78,0,-1.172364142382683
mild,cow_grouped,posture_svm,2024,3,228,43,1,-0.16523818823649222
mild,cow_grouped,posture_svm,2024,3,234,39,0,0.2972094833217496
mild,cow_grouped,posture_svm,2024,3,238,54,1,-0.3596094370443674
mild,cow_grouped,posture_svm,2024,3,249,17,1,1.348566752561175
mild,cow_grouped,posture_svm,2024,3,264,31,0,0.32632751904986473
mild,cow_grouped,posture_svm,2024,3,268,21,0,-1.2948153748216802
mild,cow_grouped,posture_svm,2024,3,272,33,1,-0.00744296715345294
mild,cow_grouped,mkl,2024,4,001,87,0,-1.412152342771487
mild,cow_grouped,mkl,2024,4,003,1,0,-1.1080711319474372
mild,cow_grouped,mkl,2024,4,020,20,1,0.7731207931056693
mild,cow_grouped,mkl,2024,4,021,70,0,0.39694788406251813
mild,cow_grouped,mkl,2024,4,022,34,1,-0.10127323056632165
mild,cow_grouped,mkl,2024,4,028,55,0,-0.8721969886830656
mild,cow_grouped,mkl,2024,4,030,57,1,-0.8600995771457595
mild,cow_grouped,mkl,2024,4,036,77,0,-0.21065222341830503
mild,cow_grouped,mkl,2024,4,046,70,1,0.6026007069477689
mild,cow_grouped,mkl,2024,4,049,87,0,-1.709226475165448
mild,cow_grouped,mkl,2024,4,061,24,1,0.8769825702390083
mild,cow_grouped,mkl,2024,4,062,55,0,-1.501767238455634
mild,cow_grouped,mkl,2024,4,064,88,0,-1.4723697730927814
mild,cow_grouped,mkl,2024,4,067,34,1,0.47333743195435896
mild,cow_grouped,mkl,2024,4,069,1,0,-1.2780177990443216
mild,cow_grouped,mkl,2024,4,072,70,1,0.11307978652652051
mild,cow_grouped,mkl,2024,4,076,4,1,0.30800331168338535
mild,cow_grouped,mkl,2024,4,080,25,0,-0.04053868890732992
mild,cow_grouped,mkl,2024,4,083,79,0,-1.0475248505753534
mild,cow_grouped,mkl,2024,4,089,20,1,1.3921960750803932
mild,cow_grouped,mkl,2024,4,098,4,1,0.8373845089222197
mild,cow_grouped,mkl,2024,4,101,36,0,-1.3090827239593712
mild,cow_grouped,mkl,2024,4,111,77,0,0.09402727029220803
mild,cow_grouped,mkl,2024,4,122,71,0,-0.7303716651301445
mild,cow_grouped,mkl,2024,4,130,88,0,-1.5762957089786909
mild,cow_grouped,mkl,2024,4,135,64,1,1.4582924268779967
mild,cow_grouped,mkl,2024,4,145,36,0,-1.3066634584486683
mild,cow_grouped,mkl,2024,4,157,77,0,-1.0709019550033645
mild,cow_grouped,mkl,2024,4,161,79,1,0.27644064397795465
mild,cow_grouped,mkl,2024,4,168,4,1,0.03975541622688428
mild,cow_grouped,mkl,2024,4,174,1,0,-1.8635981776933526
mild,cow_grouped,mkl,2024,4,182,79,1,-0.1782081541685004
mild,cow_grouped,mkl,2024,4,185,71,0,-0.9320948620562713
mild,cow_grouped,mkl,2024,4,191,87,0,-1.668227663965197
mild,cow_grouped,mkl,2024,4,203,77,1,0.5670307558421855
mild,cow_grouped,mkl,2024,4,208,79,1,0.19639285652200167
mild,cow_grouped,mkl,2024,4,209,64,0,0.3106936316459983
mild,cow_grouped,mkl,2024,4,210,20,1,1.281278985771936
mild,cow_grouped,mkl,2024,4,211,87,0,-1.6445509121179698
mild,cow_grouped,mkl,2024,4,212,12,0,-0.9339306178312097
mild,cow_grouped,mkl,2024,4,216,36,1,0.33979663300230034
mild,cow_grouped,mkl,2024,4,220,88,0,-1.6382533748117298
mild,cow_grouped,mkl,2024,4,230,34,0,-0.8861237702172682
mild,cow_grouped,mkl,2024,4,239,1,0,-1.3010880356447776
mild,cow_grouped,mkl,2024,4,247,88,0,-0.840240911525857
mild,cow_grouped,mkl,2024,4,248,36,1,0.5358402390815645
mild,cow_grouped,mkl,2024,4,255,97,0,0.20812607083311518
mild,cow_grouped,mkl,2024,4,259,62,1,0.38270211067894877
mild,cow_grouped,mkl,2024,4,266,88,0,-1.430372978277612
mild,cow_grouped,posture_svm,2024,4,001,87,0,-1.4144548979123202
mild,cow_grouped,posture_svm,2024,4,003,1,0,-1.109117686814407
mild,cow_grouped,posture_svm,2024,4,020,20,1,0.769779039129254
mild,cow_grouped,posture_svm,2024,4,021,70,0,0.396179659437907
mild,cow_grouped,posture_svm,2024,4,022,34,1,-0.09877795967344549
mild,cow_grouped,posture_svm,2024,4,028,55,0,-0.876387990794436
mild,cow_grouped,posture_svm,2024,4,030,57,1,-0.8663691750670692
mild,cow_grouped,posture_svm,2024,4,036,77,0,-0.2104599958028085
mild,cow_grouped,posture_svm,2024,4,046,70,1,0.5998265737308599
mild,cow_grouped,posture_svm,2024,4,049,87,0,-1.7099826307400903
mild,cow_grouped,posture_svm,2024,4,061,24,1,0.8784652702155293
mild,cow_grouped,posture_svm,2024,4,062,55,0,-1.5058114137578575
mild,cow_grouped,posture_svm,2024,4,064,88,0,-1.4728214085488214
mild,cow_grouped,posture_svm,2024,4,067,34,1,0.473524760858518
mild,cow_grouped,posture_svm,2024,4,069,1,0,-1.282123800759513
mild,cow_grouped,posture_svm,2024,4,072,70,1,0.11246087558571183
mild,cow_grouped,posture_svm,2024,4,076,4,1,0.30915156401112276
mild,cow_grouped,posture_svm,2024,4,080,25,0,-0.04179390800862154
mild,cow_grouped,posture_svm,2024,4,083,79,0,-1.0438699947889363
mild,cow_grouped,posture_svm,2024,4,089,20,1,1.3980678733775862
mild,cow_grouped,posture_svm,2024,4,098,4,1,0.8364754762057194
mild,cow_grouped,posture_svm,2024,4,101,36,0,-1.3083924510009957
mild,cow_grouped,posture_svm,2024,4,111,77,0,0.09579373918677514
mild,cow_grouped,posture_svm,2024,4,122,71,0,-0.7360034283346477
mild,cow_grouped,posture_svm,2024,4,130,88,0,-1.5819124628515253
mild,cow_grouped,posture_svm,2024,4,135,64,1,1.467791329175295
mild,cow_grouped,posture_svm,2024,4,145,36,0,-1.3069766786648116
mild,cow_grouped,posture_svm,2024,4,157,77,0,-1.076902993847076
mild,cow_grouped,posture_svm,2024,4,161,79,1,0.27447402450748437
mild,cow_grouped,posture_svm,2024,4,168,4,1,0.038599316190724486
mild,cow_grouped,posture_svm,2024,4,174,1,0,-1.8696033554632714
mild,cow_grouped,posture_svm,2024,4,182,79,1,-0.17241361743710926
mild,cow_grouped,posture_svm,2024,4,185,71,0,-0.9378076810866134
mild,cow_grouped,posture_svm,2024,4,191,87,0,-1.682365550226971
mild,cow_grouped,posture_svm,2024,4,203,77,1,0.5655989807099595
mild,cow_grouped,posture_svm,2024,4,208,79,1,0.20175189361944557
mild,cow_grouped,posture_svm,2024,4,209,64,0,0.3092594782272201
mild,cow_grouped,posture_svm,2024,4,210,20,1,1.2778771438081908
mild,cow_grouped,posture_svm,2024,4,211,87,0,-1.6587684140003787
mild,cow_grouped,posture_svm,2024,4,212,12,0,-0.9403190645994286
mild,cow_grouped,posture_svm,2024,4,216,36,1,0.3422330472648911
mild,cow_grouped,posture_svm,2024,4,220,88,0,-1.6435574241568878
mild,cow_grouped,posture_svm,2024,4,230,34,0,-0.8881540609263671
mild,cow_grouped,posture_svm,2024,4,239,1,0,-1.3044968598722613
mild,cow_grouped,posture_svm,2024,4,247,88,0,-0.8398396849627638
mild,cow_grouped,posture_svm,2024,4,248,36,1,0.5385455731056108
mild,cow_grouped,posture_svm,2024,4,255,97,0,0.21008618793358003
mild,cow_grouped,posture_svm,2024,4,259,62,1,0.3833528608290261
mild,cow_grouped,posture_svm,2024,4,266,88,0,-1.432566221784949
mild,session_holdout,mkl,100,0,001,87,0,-0.9474274732186077
mild,session_holdout,mkl,100,0,002,78,0,0.14158985920371592
mild,session_holdout,mkl,100,0,003,1,0,-1.2076533902814146
mild,session_holdout,mkl,100,0,004,45,1,0.720274147159617
mild,session_holdout,mkl,100,0,005,65,0,-1.073986480171059
mild,session_holdout,mkl,100,0,006,49,1,0.5008682779965958
mild,session_holdout,mkl,100,0,007,90,1,0.2172013361963036
mild,session_holdout,mkl,100,0,008,28,0,0.16675786316564217
mild,session_holdout,mkl,100,0,010,72,0,-0.47215546984707474
mild,session_holdout,mkl,100,0,013,92,0,-0.8046978048948048
mild,session_holdout,mkl,100,0,014,39,1,-0.19366234205508914
mild,session_holdout,mkl,100,0,015,75,1,-0.5088246069945024
mild,session_holdout,mkl,100,0,016,84,1,1.292153789747272
mild,session_holdout,mkl,100,0,017,8,0,-0.24080508864722971
mild,session_holdout,mkl,100,0,019,82,0,-2.0735385688952013
mild,session_holdout,mkl,100,0,020,20,1,0.9006748736303751
mild,session_holdout,mkl,100,0,021,70,0,0.858106840849687
mild,session_holdout,mkl,100,0,022,34,1,0.4255307459007544
mild,session_holdout,mkl,100,0,023,44,0,-1.2809739897334202
mild,session_holdout,mkl,100,0,024,89,0,0.016660679744407936
mild,session_holdout,mkl,100,0,026,86,1,1.1938043635142237
mild,session_holdout,mkl,100,0,027,85,1,-0.1563929129613646
mild,session_holdout,mkl,100,0,028,55,0,-0.9506026671782846
mild,session_holdout,mkl,100,0,029,35,0,-0.5987791990464282
mild,session_holdout,mkl,100,0,030,57,1,-1.0498244681985203
mild,session_holdout,mkl,100,0,031,38,1,-0.6776977954388539
mild,session_holdout,mkl,100,0,032,19,0,-0.9834685352848973
mild,session_holdout,mkl,100,0,034,91,1,1.2731367291663216
mild,session_holdout,mkl,100,0,035,83,1,0.39103467002457887
mild,session_holdout,mkl,100,0,036,77,0,0.2913268166386675
mild,session_holdout,mkl,100,0,037,90,0,-0.12765343624142395
mild,session_holdout,mkl,100,0,038,43,1,0.2683897138620746
mild,session_holdout,mkl,100,0,039,40,0,-0.38135826385695804
mild,session_holdout,mkl,100,0,040,8,0,0.2162864134054489
mild,session_holdout,mkl,100,0,041,26,1,0.9671130597087405
mild,session_holdout,mkl,100,0,042,23,0,0.26574178161758116
mild,session_holdout,mkl,100,0,045,49,1,1.2152268893033835
mild,session_holdout,mkl,100,0,046,70,1,0.6649822128487999
mild,session_holdout,mkl,100,0,047,51,0,-0.7171539731883776
mild,session_holdout,posture_svm,100,0,001,87,0,-0.9539534337066093
mild,session_holdout,posture_svm,100,0,002,78,0,0.13715845850998604
mild,session_holdout,posture_svm,100,0,003,1,0,-1.2183307842455702
mild,session_holdout,posture_svm,100,0,004,45,1,0.7055141223647888
mild,session_holdout,posture_svm,100,0,005,65,0,-1.0729534845457884
mild,session_holdout,posture_svm,100,0,006,49,1,0.46589441872487547
mild,session_holdout,posture_svm,100,0,007,90,1,0.19499028360997717
mild,session_holdout,posture_svm,100,0,008,28,0,0.16554741034179565
mild,session_holdout,posture_svm,100,0,010,72,0,-0.4749640137155134
mild,session_holdout,posture_svm,100,0,013,92,0,-0.8085259562039943
mild,session_holdout,posture_svm,100,0,014,39,1,-0.20453874820805612
mild,session_holdout,posture_svm,100,0,015,75,1,-0.5156500500081908
mild,session_holdout,posture_svm,100,0,016,84,1,1.304979578111221
mild,session_holdout,posture_svm,100,0,017,8,0,-0.2339594839034732
mild,session_holdout,posture_svm,100,0,019,82,0,-2.036275917025786
mild,session_holdout,posture_svm,100,0,020,20,1,0.9007938700890283
mild,session_holdout,posture_svm,100,0,021,70,0,0.8715878070312619
mild,session_holdout,posture_svm,100,0,022,34,1,0.4342198089377788
mild,session_holdout,posture_svm,100,0,023,44,0,-1.283179378720904
mild,session_holdout,posture_svm,100,0,024,89,0,0.01375555050672611
mild,session_holdout,posture_svm,100,0,026,86,1,1.1641043695897002
mild,session_holdout,posture_svm,100,0,027,85,1,-0.16378142162582
mild,session_holdout,posture_svm,100,0,028,55,0,-0.9233454060098256
mild,session_holdout,posture_svm,100,0,029,35,0,-0.61142640682944
mild,session_holdout,posture_svm,100,0,030,57,1,-1.0421634524235484
mild,session_holdout,posture_svm,100,0,031,38,1,-0.6624928768865306
mild,session_holdout,posture_svm,100,0,032,19,0,-0.9781308161407349
mild,session_holdout,posture_svm,100,0,034,91,1,1.2582409059328281
mild,session_holdout,posture_svm,100,0,035,83,1,0.3918242770950795
mild,session_holdout,posture_svm,100,0,036,77,0,0.30765304767884083
mild,session_holdout,posture_svm,100,0,037,90,0,-0.1286799886314891
mild,session_holdout,posture_svm,100,0,038,43,1,0.2551042903340688
mild,session_holdout,posture_svm,100,0,039,40,0,-0.3794216853918906
mild,session_holdout,posture_svm,100,0,040,8,0,0.21804666593895994
mild,session_holdout,posture_svm,100,0,041,26,1,0.9764969214725301
mild,session_holdout,posture_svm,100,0,042,23,0,0.25630104268294496
mild,session_holdout,posture_svm,100,0,045,49,1,1.2158573791756355
mild,session_holdout,posture_svm,100,0,046,70,1,0.6670770334949617
mild,session_holdout,posture_svm,100,0,047,51,0,-0.7113451556227339
mild,session_holdout,mkl,100,1,048,67,0,-0.38361482423163895
mild,session_holdout,mkl,100,1,049,87,0,-1.3301028513515698
mild,session_holdout,mkl,100,1,050,51,0,-0.03351326555948375
mild,session_holdout,mkl,100,1,051,28,0,-0.42276309715735966
mild,session_holdout,mkl,100,1,052,8,0,-0.09118727965940926
mild,session_holdout,mkl,100,1,053,78,0,0.43059448479196316
mild,session_holdout,mkl,100,1,054,16,1,0.7383682636556916
mild,session_holdout,mkl,100,1,055,15,1,-1.1903803902853172
mild,session_holdout,mkl,100,1,057,69,1,1.5045653963541414
mild,session_holdout,mkl,100,1,058,50,0,0.5278966214191143
mild,session_holdout,mkl,100,1,060,44,0,-0.5750905976465182
mild,session_holdout,mkl,100,1,061,24,1,1.0811463381382098
mild,session_holdout,mkl,100,1,062,55,0,-1.2909557201264004
mild,session_holdout,mkl,100,1,064,88,0,-1.1658098366541694
mild,session_holdout,mkl,100,1,065,41,1,1.2056650944063174
mild,session_holdout,mkl,100,1,066,90,1,0.06891137307607165
mild,session_holdout,mkl,100,1,067,34,1,0.39528562591320404
mild,session_holdout,mkl,100,1,068,22,1,0.10808504389759988
mild,session_holdout,mkl,100,1,069,1,0,-1.048197670213485
mild,session_holdout,mkl,100,1,070,75,1,0.03971596920517839
mild,session_holdout,mkl,100,1,071,23,1,0.987775831300316
mild,session_holdout,mkl,100,1,072,70,1,0.016938085014416904
mild,session_holdout,mkl,100,1,073,13,1,1.288523525087549
mild,session_holdout,mkl,100,1,075,38,1,-0.9281923901150668
mild,session_holdout,mkl,100,1,076,4,1,0.5764403628671545
mild,session_holdout,mkl,100,1,077,86,1,1.4129960301419657
mild,session_holdout,mkl,100,1,078,93,0,-0.6515728851799496
mild,session_holdout,mkl,100,1,079,43,1,-0.6473013258079983
mild,session_holdout,mkl,100,1,080,25,0,0.01903968021410929
mild,session_holdout,mkl,100,1,081,40,0,-0.45258081094701463
mild,session_holdout,mkl,100,1,083,79,0,-0.7859049163736901
mild,session_holdout,mkl,100,1,085,18,0,-1.614519978802345
mild,session_holdout,mkl,100,1,086,18,0,-1.5423360073867334
mild,session_holdout,mkl,100,1,087,51,0,-0.8921001476078732
mild,session_holdout,posture_svm,100,1,048,67,0,-0.3922156499209973
mild,session_holdout,posture_svm,100,1,049,87,0,-1.3261011929183644
mild,session_holdout,posture_svm,100,1,050,51,0,-0.03692334776970674
mild,session_holdout,posture_svm,100,1,051,28,0,-0.41961538660397446
mild,session_holdout,posture_svm,100,1,052,8,0,-0.09250588313086888
mild,session_holdout,posture_svm,100,1,053,78,0,0.41501633515428055
mild,session_holdout,posture_svm,100,1,054,16,1,0.7321764344784123
mild,session_holdout,posture_svm,100,1,055,15,1,-1.1891586508245042
mild,session_holdout,posture_svm,100,1,057,69,1,1.4616577964549544
mild,session_holdout,posture_svm,100,1,058,50,0,0.5267607396258922
mild,session_holdout,posture_svm,100,1,060,44,0,-0.5754058927312944
mild,session_holdout,posture_svm,100,1,061,24,1,1.0748966651999219
mild,session_holdout,posture_svm,100,1,062,55,0,-1.2732990727077094
mild,session_holdout,posture_svm,100,1,064,88,0,-1.1649429561310363
mild,session_holdout,posture_svm,100,1,065,41,1,1.201867708156399
mild,session_holdout,posture_svm,100,1,066,90,1,0.073373787493546
mild,session_holdout,posture_svm,100,1,067,34,1,0.40235696806510496
mild,session_holdout,posture_svm,100,1,068,22,1,0.07113387523052517
mild,session_holdout,posture_svm,100,1,069,1,0,-1.0395533787197415
mild,session_holdout,posture_svm,100,1,070,75,1,0.03939429916903964
mild,session_holdout,posture_svm,100,1,071,23,1,0.9665029214012739
mild,session_holdout,posture_svm,100,1,072,70,1,0.00838591476320516
mild,session_holdout,posture_svm,100,1,073,13,1,1.2853400938712456
mild,session_holdout,posture_svm,100,1,075,38,1,-0.9138062998413741
mild,session_holdout,posture_svm,100,1,076,4,1,0.5729169472993814
mild,session_holdout,posture_svm,100,1,077,86,1,1.3868770496133676
mild,session_holdout,posture_svm,100,1,078,93,0,-0.6216474838581916
mild,session_holdout,posture_svm,100,1,079,43,1,-0.666702124257141
mild,session_holdout,posture_svm,100,1,080,25,0,0.025178231903979054
mild,session_holdout,posture_svm,100,1,081,40,0,-0.4643216559686259
mild,session_holdout,posture_svm,100,1,083,79,0,-0.7938619866013554
mild,session_holdout,posture_svm,100,1,085,18,0,-1.604779870521852
mild,session_holdout,posture_svm,100,1,086,18,0,-1.515886127578048
mild,session_holdout,posture_svm,100,1,087,51,0,-0.884475523575548
mild,session_holdout,mkl,100,2,088,82,0,-0.659745720148217
mild,session_holdout,mkl,100,2,089,20,1,0.043704853017398904
mild,session_holdout,mkl,100,2,090,69,0,-0.30638321985063666
mild,session_holdout,mkl,100,2,091,96,1,-0.09613439603654611
mild,session_holdout,mkl,100,2,092,51,0,-0.29465560310732863
mild,session_holdout,mkl,100,2,094,93,1,-0.3505163349833545
mild,session_holdout,mkl,100,2,095,86,1,0.08900442906468387
mild,session_holdout,mkl,100,2,096,17,0,-0.6789870388364941
mild,session_holdout,mkl,100,2,097,2,1,-0.07812933504811576
mild,session_holdout,mkl,100,2,098,4,1,-0.021720949415159452
mild,session_holdout,mkl,100,2,100,72,1,-0.3877117844860079
mild,session_holdout,mkl,100,2,101,36,0,-0.6781398741070394
mild,session_holdout,mkl,100,2,102,76,1,-0.20373629695495726
mild,session_holdout,mkl,100,2,103,6,0,-0.8514667165762883
mild,session_holdout,mkl,100,2,104,19,0,-0.6170596713808446
mild,session_holdout,mkl,100,2,106,48,1,-0.6934745647995416
mild,session_holdout,mkl,100,2,107,35,0,-0.46740204285122466
mild,session_holdout,mkl,100,2,108,61,0,-0.8863801071447605
mild,session_holdout,mkl,100,2,110,22,1,-0.11891789775345624
mild,session_holdout,mkl,100,2,111,77,0,-0.2709565842104668
mild,session_holdout,mkl,100,2,112,94,0,-0.8431506405303942
mild,session_holdout,mkl,100,2,113,78,0,-0.1878292270077338
mild,session_holdout,mkl,100,2,114,92,1,0.020501646024466136
mild,session_holdout,mkl,100,2,115,41,1,-0.14629205499207082
mild,session_holdout,mkl,100,2,116,85,0,-0.23896816315279346
mild,session_holdout,mkl,100,2,117,7,0,-0.9893869611758608
mild,session_holdout,mkl,100,2,118,91,1,0.09102030303799746
mild,session_holdout,mkl,100,2,119,40,0,-0.6361352764364486
mild,session_holdout,mkl,100,2,120,52,0,-0.8571541410911122
mild,session_holdout,mkl,100,2,121,74,1,-0.2132308614044025
mild,session_holdout,mkl,100,2,122,71,0,-0.7891888658839235
mild,session_holdout,mkl,100,2,125,42,0,-1.0342028277662112
mild,session_holdout,mkl,100,2,126,82,0,-0.9996567132883858
mild,session_holdout,mkl,100,2,127,75,1,-0.2273181069525536
mild,session_holdout,mkl,100,2,128,96,1,0.24165031221502387
mild,session_holdout,mkl,100,2,129,69,1,-0.2178707765796138
mild,session_holdout,mkl,100,2,130,88,0,-0.9859816936764205
mild,session_holdout,mkl,100,2,131,54,1,-0.5110418142977413
mild,session_holdout,mkl,100,2,132,38,0,-0.6319088840013034
mild,session_holdout,posture_svm,100,2,088,82,0,-0.4725056585672446
mild,session_holdout,posture_svm,100,2,089,20,1,1.3378995129285465
mild,session_holdout,posture_svm,100,2,090,69,0,0.587052586483214
mild,session_holdout,posture_svm,100,2,091,96,1,0.6369670974067906
mild,session_holdout,posture_svm,100,2,092,51,0,-0.3850350505780417
mild,session_holdout,posture_svm,100,2,094,93,1,0.08504239212196663
mild,session_holdout,posture_svm,100,2,095,86,1,1.3943079579202955
mild,session_holdout,posture_svm,100,2,096,17,0,-1.286645948680483
mild,session_holdout,posture_svm,100,2,097,2,1,0.9679392562288057
mild,session_holdout,posture_svm,100,2,098,4,1,1.0280179665809266
mild,session_holdout,posture_svm,100,2,100,72,1,0.08718109196126589
mild,session_holdout,posture_svm,100,2,101,36,0,-1.0595680763743722
mild,session_holdout,posture_svm,100,2,102,76,1,0.19675283882796246
mild,session_holdout,posture_svm,100,2,103,6,0,-0.9475763358283198
mild,session_holdout,posture_svm,100,2,104,19,0,-0.6651332708597728
mild,session_holdout,posture_svm,100,2,106,48,1,-0.09621416339014854
mild,session_holdout,posture_svm,100,2,107,35,0,-0.4008114198009739
mild,session_holdout,posture_svm,100,2,108,61,0,-0.6353304668903135
mild,session_holdout,posture_svm,100,2,110,22,1,1.5944329580192824
mild,session_holdout,posture_svm,100,2,111,77,0,0.31665271634122516
mild,session_holdout,posture_svm,100,2,112,94,0,-0.7496057176609842
mild,session_holdout,posture_svm,100,2,113,78,0,0.4473626924212385
mild,session_holdout,posture_svm,100,2,114,92,1,0.9351452825999894
mild,session_holdout,posture_svm,100,2,115,41,1,0.611052500017767
mild,session_holdout,posture_svm,100,2,116,85,0,0.02839995188883082
mild,session_holdout,posture_svm,100,2,117,7,0,-1.5590130248047447
mild,session_holdout,posture_svm,100,2,118,91,1,1.0476842667833344
mild,session_holdout,posture_svm,100,2,119,40,0,-1.029201083507496
mild,session_holdout,posture_svm,100,2,120,52,0,-0.9318399374516535
mild,session_holdout,posture_svm,100,2,121,74,1,0.20255974759419637
mild,session_holdout,posture_svm,100,2,122,71,0,-0.49992353220460295
mild,session_holdout,posture_svm,100,2,125,42,0,-1.7406720145424086
mild,session_holdout,posture_svm,100,2,126,82,0,-1.7082603747600715
mild,session_holdout,posture_svm,100,2,127,75,1,-0.16039017696489932
mild,session_holdout,posture_svm,100,2,128,96,1,1.582032426231124
mild,session_holdout,posture_svm,100,2,129,69,1,0.8394257767240793
mild,session_holdout,posture_svm,100,2,130,88,0,-1.4495545322215655
mild,session_holdout,posture_svm,100,2,131,54,1,0.024854937496491036
mild,session_holdout,posture_svm,100,2,132,38,0,-0.6195749177055114
mild,session_holdout,mkl,100,3,133,51,0,0.5284105628830792
mild,session_holdout,mkl,100,3,134,69,1,0.38803637603549457
mild,session_holdout,mkl,100,3,135,64,1,1.6599535068785027
mild,session_holdout,mkl,100,3,136,39,0,1.07993362685126
mild,session_holdout,mkl,100,3,137,19,0,-0.7556517053638658
mild,session_holdout,mkl,100,3,138,75,1,0.4062905747994972
mild,session_holdout,mkl,100,3,139,89,0,-0.029454150309979568
mild,session_holdout,mkl,100,3,140,84,1,-0.01914054199595562
mild,session_holdout,mkl,100,3,142,44,0,-0.11896836310772053
mild,session_holdout,mkl,100,3,143,28,0,-0.6045581161396255
mild,session_holdout,mkl,100,3,144,63,1,0.9209261951784328
mild,session_holdout,mkl,100,3,145,36,0,-1.2101231027083144
mild,session_holdout,mkl,100,3,146,78,0,-0.015545084213093321
mild,session_holdout,mkl,100,3,147,72,0,0.45495905190641756
mild,session_holdout,mkl,100,3,148,7,0,-0.9370579121176713
mild,session_holdout,mkl,100,3,149,40,0,-0.07342938945532042
mild,session_holdout,mkl,100,3,150,29,0,0.022478703813254217
mild,session_holdout,mkl,100,3,151,85,1,0.46926324691779125
mild,session_holdout,mkl,100,3,152,58,1,1.2799257432336526
mild,session_holdout,mkl,100,3,153,83,1,0.4194637552045082
mild,session_holdout,mkl,100,3,154,45,0,-0.14321838826468047
mild,session_holdout,mkl,100,3,155,68,1,0.8743978843544161
mild,session_holdout,mkl,100,3,156,5,0,-0.4531421524543508
mild,session_holdout,mkl,100,3,157,77,0,-0.8943263556566398
mild,session_holdout,mkl,100,3,158,74,1,1.1684476325495876
mild,session_holdout,mkl,100,3,159,52,0,-0.4122427653257151
mild,session_holdout,mkl,100,3,160,51,0,-0.2251417225015433
mild,session_holdout,mkl,100,3,161,79,1,0.4033967227074514
mild,session_holdout,mkl,100,3,162,23,0,-0.06767590509834435
mild,session_holdout,mkl,100,3,163,48,0,0.5105242998285339
mild,session_holdout,mkl,100,3,164,53,0,-0.7859621264275121
mild,session_holdout,mkl,100,3,165,30,0,-0.7723224965703517
mild,session_holdout,posture_svm,100,3,133,51,0,0.6318631462888955
mild,session_holdout,posture_svm,100,3,134,69,1,0.41905892362288605
mild,session_holdout,posture_svm,100,3,135,64,1,1.6300318409479806
mild,session_holdout,posture_svm,100,3,136,39,0,0.7832942545983774
mild,session_holdout,posture_svm,100,3,137,19,0,-0.8425356495364129
mild,session_holdout,posture_svm,100,3,138,75,1,0.2930409441223431
mild,session_holdout,posture_svm,100,3,139,89,0,0.24901302768784156
mild,session_holdout,posture_svm,100,3,140,84,1,0.10582618971372304
mild,session_holdout,posture_svm,100,3,142,44,0,-0.17585306737091677
mild,session_holdout,posture_svm,100,3,143,28,0,-0.7246398133391672
mild,session_holdout,posture_svm,100,3,144,63,1,1.0263159810321478
mild,session_holdout,posture_svm,100,3,145,36,0,-1.221963135523155
mild,session_holdout,posture_svm,100,3,146,78,0,-0.0724577534450393
mild,session_holdout,posture_svm,100,3,147,72,0,0.6363846782249731
mild,session_holdout,posture_svm,100,3,148,7,0,-0.7384916119202287
mild,session_holdout,posture_svm,100,3,149,40,0,-0.21423242089073152
mild,session_holdout,posture_svm,100,3,150,29,0,-0.011207716516838218
mild,session_holdout,posture_svm,100,3,151,85,1,0.4555044522727832
mild,session_holdout,posture_svm,100,3,152,58,1,1.3492619584018155
mild,session_holdout,posture_svm,100,3,153,83,1,0.49361091093077086
mild,session_holdout,posture_svm,100,3,154,45,0,-0.1250797551798999
mild,session_holdout,posture_svm,100,3,155,68,1,0.8605735262540437
mild,session_holdout,posture_svm,100,3,156,5,0,-0.44393837282106746
mild,session_holdout,posture_svm,100,3,157,77,0,-1.0776825881865617
mild,session_holdout,posture_svm,100,3,158,74,1,1.1526639106470076
mild,session_holdout,posture_svm,100,3,159,52,0,-0.25739432547890184
mild,session_holdout,posture_svm,100,3,160,51,0,-0.3521166136808797
mild,session_holdout,posture_svm,100,3,161,79,1,0.2909682949006204
mild,session_holdout,posture_svm,100,3,162,23,0,-0.09012034762285215
mild,session_holdout,posture_svm,100,3,163,48,0,0.541330256149045
mild,session_holdout,posture_svm,100,3,164,53,0,-0.8366652447900886
mild,session_holdout,posture_svm,100,3,165,30,0,-0.8266540839233667
mild,session_holdout,mkl,100,4,166,19,0,-1.280834715082492
mild,session_holdout,mkl,100,4,167,22,1,1.0524700730762309
mild,session_holdout,mkl,100,4,168,4,1,0.17952093588086504
mild,session_holdout,mkl,100,4,169,39,1,0.5638572497693076
mild,session_holdout,mkl,100,4,170,53,0,-0.8960006538237621
mild,session_holdout,mkl,100,4,171,42,0,-1.9617465778040502
mild,session_holdout,mkl,100,4,172,18,0,-1.8193011615168824
mild,session_holdout,mkl,100,4,173,89,0,-0.35426941884264773
mild,session_holdout,mkl,100,4,174,1,0,-1.451446061053527
mild,session_holdout,mkl,100,4,175,74,1,1.4635928820407877
mild,session_holdout,mkl,100,4,176,41,0,-0.5523333330580327
mild,session_holdout,mkl,100,4,177,32,0,0.2638338579089802
mild,session_holdout,mkl,100,4,178,76,1,0.921405006271773
mild,session_holdout,mkl,100,4,179,37,0,0.33543170230733377
mild,session_holdout,mkl,100,4,180,73,1,0.7372491974331995
mild,session_holdout,mkl,100,4,181,6,0,-1.4173682684994628
mild,session_holdout,mkl,100,4,182,79,1,-0.6193121713299655
mild,session_holdout,mkl,100,4,184,68,0,0.3407038471196132
mild,session_holdout,mkl,100,4,185,71,0,-1.1271864714724797
mild,session_holdout,mkl,100,4,186,51,0,-0.7361826905195765
mild,session_holdout,mkl,100,4,187,17,0,-0.4367011043398147
mild,session_holdout,mkl,100,4,188,85,0,-0.9015802939558013
mild,session_holdout,mkl,100,4,189,22,1,0.5074433269746862
mild,session_holdout,mkl,100,4,190,44,0,-0.6336343926876453
mild,session_holdout,mkl,100,4,191,87,0,-1.0892346227721816
mild,session_holdout,mkl,100,4,192,38,0,-0.6974257549881375
mild,session_holdout,mkl,100,4,193,56,1,1.0521186221627965
mild,session_holdout,mkl,100,4,194,5,0,-0.7252636032835686
mild,session_holdout,mkl,100,4,195,94,0,-0.7402932024071449
mild,session_holdout,mkl,100,4,196,67,0,-0.764385128620545
mild,session_holdout,mkl,100,4,197,35,0,-1.0099936140759922
mild,session_holdout,mkl,100,4,198,93,0,-0.9199654949219913
mild,session_holdout,mkl,100,4,199,82,0,-0.7587682130192357
mild,session_holdout,mkl,100,4,200,21,0,-1.013229796976659
mild,session_holdout,mkl,100,4,201,66,1,-0.7995348985550539
mild,session_holdout,mkl,100,4,202,46,0,-0.6422187941229106
mild,session_holdout,mkl,100,4,203,77,1,0.7949752842326584
mild,session_holdout,mkl,100,4,204,27,0,-0.8102935767164463
mild,session_holdout,mkl,100,4,205,95,0,-0.7021687283698235
mild,session_holdout,posture_svm,100,4,166,19,0,-1.288005731887316
mild,session_holdout,posture_svm,100,4,167,22,1,1.3422563514293084
mild,session_holdout,posture_svm,100,4,168,4,1,0.29229062958024477
mild,session_holdout,posture_svm,100,4,169,39,1,0.5607903157324625
mild,session_holdout,posture_svm,100,4,170,53,0,-1.0087850457463805
mild,session_holdout,posture_svm,100,4,171,42,0,-1.652549275382475
mild,session_holdout,posture_svm,100,4,172,18,0,-1.6399486751001242
mild,session_holdout,posture_svm,100,4,173,89,0,-0.3588666322499076
mild,session_holdout,posture_svm,100,4,174,1,0,-1.5484227025048687
mild,session_holdout,posture_svm,100,4,175,74,1,1.5320712751237806
mild,session_holdout,posture_svm,100,4,176,41,0,-0.6874547938509735
mild,session_holdout,posture_svm,100,4,177,32,0,-0.1795164977684891
mild,session_holdout,posture_svm,100,4,178,76,1,0.8404397637463445
mild,session_holdout,posture_svm,100,4,179,37,0,0.3949763174311294
mild,session_holdout,posture_svm,100,4,180,73,1,1.0391351917634388
mild,session_holdout,posture_svm,100,4,181,6,0,-1.4826165876423056
mild,session_holdout,posture_svm,100,4,182,79,1,-0.35693785428337
mild,session_holdout,posture_svm,100,4,184,68,0,0.07384067629157531
mild,session_holdout,posture_svm,100,4,185,71,0,-0.7208785843829302
mild,session_holdout,posture_svm,100,4,186,51,0,-1.039709538007131
mild,session_holdout,posture_svm,100,4,187,17,0,-0.5862657215384721
mild,session_holdout,posture_svm,100,4,188,85,0,-0.8484341495038872
mild,session_holdout,posture_svm,100,4,189,22,1,1.2187199637879456
mild,session_holdout,posture_svm,100,4,190,44,0,-0.9040796348154355
mild,session_holdout,posture_svm,100,4,191,87,0,-1.497080963555557
mild,session_holdout,posture_svm,100,4,192,38,0,-0.613781341969844
mild,session_holdout,posture_svm,100,4,193,56,1,0.9896485219144755
mild,session_holdout,posture_svm,100,4,194,5,0,-0.7605981521596062
mild,session_holdout,posture_svm,100,4,195,94,0,-0.5019323344234508
mild,session_holdout,posture_svm,100,4,196,67,0,-0.6360960712311675
mild,session_holdout,posture_svm,100,4,197,35,0,-0.7191015305851327
mild,session_holdout,posture_svm,100,4,198,93,0,-1.0258569146441407
mild,session_holdout,posture_svm,100,4,199,82,0,-0.8251416369892933
mild,session_holdout,posture_svm,100,4,200,21,0,-0.6908244154227459
mild,session_holdout,posture_svm,100,4,201,66,1,-0.7059565378561428
mild,session_holdout,posture_svm,100,4,202,46,0,-0.6753450466868727
mild,session_holdout,posture_svm,100,4,203,77,1,0.7103526372402988
mild,session_holdout,posture_svm,100,4,204,27,0,-0.6757362836938088
mild,session_holdout,posture_svm,100,4,205,95,0,-0.2966075612541755
mild,session_holdout,mkl,100,5,206,42,0,-2.0894688115434756
mild,session_holdout,mkl,100,5,208,79,1,0.5517781359212118
mild,session_holdout,mkl,100,5,209,64,0,0.8230740401383131
mild,session_holdout,mkl,100,5,210,20,1,1.6292374862198065
mild,session_holdout,mkl,100,5,211,87,0,-1.43679894410564
mild,session_holdout,mkl,100,5,212,12,0,0.02406699081524788
mild,session_holdout,mkl,100,5,213,44,1,-0.5976891698376542
mild,session_holdout,mkl,100,5,214,92,0,-0.1890492258426092
mild,session_holdout,mkl,100,5,215,50,0,-0.8504761882730213
mild,session_holdout,mkl,100,5,216,36,1,-0.3035583848567035
mild,session_holdout,mkl,100,5,219,73,1,1.791921235524521
mild,session_holdout,mkl,100,5,220,88,0,-2.112136806676261
mild,session_holdout,mkl,100,5,221,72,1,-0.7515560930920279
mild,session_holdout,mkl,100,5,222,52,0,-1.1300827050994182
mild,session_holdout,mkl,100,5,223,38,0,-0.32935672913037767
mild,session_holdout,mkl,100,5,225,67,0,-0.7391680124009494
mild,session_holdout,mkl,100,5,226,41,1,-0.5708517823704247
mild,session_holdout,mkl,100,5,227,78,0,-1.9328943574698285
mild,session_holdout,mkl,100,5,228,43,1,-0.10997321793966253
mild,session_holdout,mkl,100,5,229,51,0,-1.9083892572563972
mild,session_holdout,mkl,100,5,230,34,0,-0.6714555919975768
mild,session_holdout,posture_svm,100,5,206,42,0,-1.751323853631935
mild,session_holdout,posture_svm,100,5,208,79,1,0.4103343167980438
mild,session_holdout,posture_svm,100,5,209,64,0,0.6932449165038044
mild,session_holdout,posture_svm,100,5,210,20,1,1.5829132780760806
mild,session_holdout,posture_svm,100,5,211,87,0,-1.2186272204742108
mild,session_holdout,posture_svm,100,5,212,12,0,-0.015618321805013602
mild,session_holdout,posture_svm,100,5,213,44,1,-0.7687655672685232
mild,session_holdout,posture_svm,100,5,214,92,0,-0.44774223919052913
mild,session_holdout,posture_svm,100,5,215,50,0,-0.8533376291542732
mild,session_holdout,posture_svm,100,5,216,36,1,-0.17213674623841335
mild,session_holdout,posture_svm,100,5,219,73,1,1.2339968559066856
mild,session_holdout,posture_svm,100,5,220,88,0,-1.5928104890620078
mild,session_holdout,posture_svm,100,5,221,72,1,-0.7653232938556245
mild,session_holdout,posture_svm,100,5,222,52,0,-0.8244470236173951
mild,session_holdout,posture_svm,100,5,223,38,0,-0.3458532917418601
mild,session_holdout,posture_svm,100,5,225,67,0,-0.9970236163446252
mild,session_holdout,posture_svm,100,5,226,41,1,-0.5305533897115797
mild,session_holdout,posture_svm,100,5,227,78,0,-1.7972628088192062
mild,session_holdout,posture_svm,100,5,228,43,1,-0.022700154442427123
mild,session_holdout,posture_svm,100,5,229,51,0,-1.731803540502631
mild,session_holdout,posture_svm,100,5,230,34,0,-0.6267819902269431
mild,session_holdout,mkl,100,6,231,11,0,-0.8615669031483358
mild,session_holdout,mkl,100,6,233,37,1,1.359302140156267
mild,session_holdout,mkl,100,6,234,39,0,0.24919112826328782
mild,session_holdout,mkl,100,6,235,89,0,0.6340357177536244
mild,session_holdout,mkl,100,6,236,44,0,-0.291306784050881
mild,session_holdout,mkl,100,6,237,18,0,-1.38800014090786
mild,session_holdout,mkl,100,6,238,54,1,-0.5946708416815014
mild,session_holdout,mkl,100,6,239,1,0,-1.5156826783169137
mild,session_holdout,mkl,100,6,240,72,0,-0.9379527241416395
mild,session_holdout,mkl,100,6,241,29,0,-0.23617167253214388
mild,session_holdout,mkl,100,6,243,85,1,0.5218411672491019
mild,session_holdout,mkl,100,6,244,75,1,0.6694902339065693
mild,session_holdout,posture_svm,100,6,231,11,0,-0.8633866732323181
mild,session_holdout,posture_svm,100,6,233,37,1,1.347756207878716
mild,session_holdout,posture_svm,100,6,234,39,0,0.25356929435141795
mild,session_holdout,posture_svm,100,6,235,89,0,0.647037747516945
mild,session_holdout,posture_svm,100,6,236,44,0,-0.290500593260493
mild,session_holdout,posture_svm,100,6,237,18,0,-1.401941423846663
mild,session_holdout,posture_svm,100,6,238,54,1,-0.5969084531791831
mild,session_holdout,posture_svm,100,6,239,1,0,-1.5213921185757076
mild,session_holdout,posture_svm,100,6,240,72,0,-0.9369197131761405
mild,session_holdout,posture_svm,100,6,241,29,0,-0.23846185944568682
mild,session_holdout,posture_svm,100,6,243,85,1,0.5312224333002361
mild,session_holdout,posture_svm,100,6,244,75,1,0.6709653736408004
mild,session_holdout,mkl,100,7,246,50,0,-0.9283289163519243
mild,session_holdout,mkl,100,7,247,88,0,-0.8232474329319512
mild,session_holdout,mkl,100,7,248,36,1,0.6428735396128783
mild,session_holdout,mkl,100,7,249,17,1,0.5655258417392103
mild,session_holdout,mkl,100,7,251,38,0,0.2995018955815112
mild,session_holdout,mkl,100,7,252,18,0,-0.2575397321741179
mild,session_holdout,mkl,100,7,253,45,1,0.1529728985587543
mild,session_holdout,mkl,100,7,254,86,1,1.218709799406505
mild,session_holdout,mkl,100,7,255,97,0,0.1862416890019415
mild,session_holdout,mkl,100,7,256,10,1,0.29177374231098563
mild,session_holdout,mkl,100,7,257,83,1,0.6788232674162561
mild,session_holdout,mkl,100,7,258,85,1,-0.5939339139557507
mild,session_holdout,mkl,100,7,259,62,1,0.49998398843881964
mild,session_holdout,mkl,100,7,260,60,0,-0.7358855183265788
mild,session_holdout,mkl,100,7,262,14,0,-0.34142399642906085
mild,session_holdout,mkl,100,7,264,31,0,0.4571298484461802
mild,session_holdout,mkl,100,7,265,18,0,-1.1573195086753456
mild,session_holdout,mkl,100,7,266,88,0,-1.3838857583282693
mild,session_holdout,mkl,100,7,267,98,1,-0.35216252581457663
mild,session_holdout,mkl,100,7,268,21,0,-1.1415999275221251
mild,session_holdout,mkl,100,7,269,44,0,-0.3512607484089826
mild,session_holdout,mkl,100,7,270,49,0,0.31528337782166305
mild,session_holdout,mkl,100,7,272,33,1,0.08489673412701693
mild,session_holdout,posture_svm,100,7,246,50,0,-0.926619313809143
mild,session_holdout,posture_svm,100,7,247,88,0,-0.8176563016870781
mild,session_holdout,posture_svm,100,7,248,36,1,0.6553336370640332
mild,session_holdout,posture_svm,100,7,249,17,1,0.5738562789134138
mild,session_holdout,posture_svm,100,7,251,38,0,0.3056910361597148
mild,session_holdout,posture_svm,100,7,252,18,0,-0.25385434694906805
mild,session_holdout,posture_svm,100,7,253,45,1,0.15294285685560605
mild,session_holdout,posture_svm,100,7,254,86,1,1.2334146510661992
mild,session_holdout,posture_svm,100,7,255,97,0,0.18401696963512792
mild,session_holdout,posture_svm,100,7,256,10,1,0.30309404513057814
mild,session_holdout,posture_svm,100,7,257,83,1,0.6904907118319075
mild,session_holdout,posture_svm,100,7,258,85,1,-0.5918010594799727
mild,session_holdout,posture_svm,100,7,259,62,1,0.5046993920828313
mild,session_holdout,posture_svm,100,7,260,60,0,-0.7427239514829068
mild,session_holdout,posture_svm,100,7,262,14,0,-0.3359857918323702
mild,session_holdout,posture_svm,100,7,264,31,0,0.45603928740834077
mild,session_holdout,posture_svm,100,7,265,18,0,-1.1677235893422684
mild,session_holdout,posture_svm,100,7,266,88,0,-1.3789414491196483
mild,session_holdout,posture_svm,100,7,267,98,1,-0.34362248867854395
mild,session_holdout,posture_svm,100,7,268,21,0,-1.139512310757007
mild,session_holdout,posture_svm,100,7,269,44,0,-0.3509110209509153
mild,session_holdout,posture_svm,100,7,270,49,0,0.3120259687180973
mild,session_holdout,posture_svm,100,7,272,33,1,0.08388286419962143
