endpoint,model,seed,fold,video,cow_id,label,score
mild,body_combined_svm,42,0,004,45,1,0.7739249633675382
mild,body_combined_svm,42,0,005,65,0,-0.5040699113041545
mild,body_combined_svm,42,0,013,92,0,-0.6786199715512137
mild,body_combined_svm,42,0,017,8,0,-0.5609444622474417
mild,body_combined_svm,42,0,019,82,0,-0.5089465892378351
mild,body_combined_svm,42,0,020,20,1,0.8679521436182562
mild,body_combined_svm,42,0,022,34,1,-0.06036483976034113
mild,body_combined_svm,42,0,035,83,1,-0.23012719896183603
mild,body_combined_svm,42,0,040,8,0,-0.2435683050569873
mild,body_combined_svm,42,0,047,51,0,-0.35855248739845075
mild,body_combined_svm,42,0,050,51,0,0.21791037468116126
mild,body_combined_svm,42,0,052,8,0,0.028471236129616107
mild,body_combined_svm,42,0,061,24,1,1.4106873456794577
mild,body_combined_svm,42,0,067,34,1,-0.17303211906036506
mild,body_combined_svm,42,0,087,51,0,0.11208514327648533
mild,body_combined_svm,42,0,088,82,0,-0.527250682022175
mild,body_combined_svm,42,0,089,20,1,1.460716598678695
mild,body_combined_svm,42,0,091,96,1,-0.21866175876531768
mild,body_combined_svm,42,0,092,51,0,0.386847308278664
mild,body_combined_svm,42,0,101,36,0,-0.5662248350527507
mild,body_combined_svm,42,0,102,76,1,0.4218587356097695
mild,body_combined_svm,42,0,103,6,0,-0.33710014800343535
mild,body_combined_svm,42,0,114,92,1,0.930542101722537
mild,body_combined_svm,42,0,126,82,0,-1.2535073827372527
mild,body_combined_svm,42,0,128,96,1,0.978800391856824
mild,body_combined_svm,42,0,133,51,0,0.34312841714408815
mild,body_combined_svm,42,0,145,36,0,-0.8863578232717422
mild,body_combined_svm,42,0,153,83,1,0.009080331828640542
mild,body_combined_svm,42,0,154,45,0,-0.18149043445661434
mild,body_combined_svm,42,0,160,51,0,0.4417337682944604
mild,body_combined_svm,42,0,164,53,0,-0.8608899207266093
mild,body_combined_svm,42,0,170,53,0,-0.7925545054365465
mild,body_combined_svm,42,0,177,32,0,1.048669116836754
mild,body_combined_svm,42,0,178,76,1,1.0482227463138052
mild,body_combined_svm,42,0,181,6,0,-1.4106824828590256
mild,body_combined_svm,42,0,186,51,0,-0.42527181072326414
mild,body_combined_svm,42,0,199,82,0,-0.31888423472552196
mild,body_combined_svm,42,0,200,21,0,-0.9340307416648703
mild,body_combined_svm,42,0,204,27,0,-0.7586422312358685
mild,body_combined_svm,42,0,210,20,1,1.0841655682045699
mild,body_combined_svm,42,0,214,92,0,-0.10413480438041028
mild,body_combined_svm,42,0,216,36,1,-0.12190730514857195
mild,body_combined_svm,42,0,229,51,0,-0.19516082303302235
mild,body_combined_svm,42,0,230,34,0,-0.0943459519960908
mild,body_combined_svm,42,0,248,36,1,0.2742181471251737
mild,body_combined_svm,42,0,253,45,1,-0.032392878793508606
mild,body_combined_svm,42,0,255,97,0,0.6844151938751328
mild,body_combined_svm,42,0,257,83,1,0.5668329751186584
mild,body_combined_svm,42,0,259,62,1,0.8306455545584346
mild,body_combined_svm,42,0,268,21,0,-0.7588838749296745
mild,body_combined_svm,42,1,016,84,1,0.5946922969806612
mild,body_combined_svm,42,1,030,57,1,-1.1826449488425252
mild,body_combined_svm,42,1,039,40,0,-1.1436049027073716
mild,body_combined_svm,42,1,042,23,0,0.0307755085249376
mild,body_combined_svm,42,1,068,22,1,0.19798758413511347
mild,body_combined_svm,42,1,071,23,1,1.5753945174724198
mild,body_combined_svm,42,1,073,13,1,0.8293192727472521
mild,body_combined_svm,42,1,076,4,1,0.01608881194258338
mild,body_combined_svm,42,1,081,40,0,-0.5113866608569932
mild,body_combined_svm,42,1,083,79,0,-0.5880772470746843
mild,body_combined_svm,42,1,085,18,0,-1.2248532691576355
mild,body_combined_svm,42,1,086,18,0,-0.47767447682955966
mild,body_combined_svm,42,1,096,17,0,-0.8324045611778067
mild,body_combined_svm,42,1,098,4,1,0.7943043198784873
mild,body_combined_svm,42,1,110,22,1,0.7271850732104034
mild,body_combined_svm,42,1,112,94,0,-0.8486038553151124
mild,body_combined_svm,42,1,119,40,0,-1.0183162657369143
mild,body_combined_svm,42,1,120,52,0,-0.5722709120315498
mild,body_combined_svm,42,1,122,71,0,-0.9702867715216983
mild,body_combined_svm,42,1,135,64,1,0.9958289795134608
mild,body_combined_svm,42,1,140,84,1,-0.8243358491451476
mild,body_combined_svm,42,1,149,40,0,0.08132403569571567
mild,body_combined_svm,42,1,152,58,1,0.6684829406077297
mild,body_combined_svm,42,1,156,5,0,-0.3335039624451669
mild,body_combined_svm,42,1,159,52,0,-0.7921589652595241
mild,body_combined_svm,42,1,161,79,1,0.3049159977156215
mild,body_combined_svm,42,1,162,23,0,0.009485477651184016
mild,body_combined_svm,42,1,165,30,0,-0.6609705516979496
mild,body_combined_svm,42,1,167,22,1,0.3667920623581742
mild,body_combined_svm,42,1,168,4,1,-0.004583780100667956
mild,body_combined_svm,42,1,172,18,0,-1.1711377811120387
mild,body_combined_svm,42,1,182,79,1,0.3576831162622909
mild,body_combined_svm,42,1,185,71,0,-0.8540782110895583
mild,body_combined_svm,42,1,187,17,0,-0.15791500083025195
mild,body_combined_svm,42,1,189,22,1,-0.3029405161571301
mild,body_combined_svm,42,1,194,5,0,-0.25427802173946606
mild,body_combined_svm,42,1,195,94,0,-0.9598222108015478
mild,body_combined_svm,42,1,201,66,1,-0.8238553122269519
mild,body_combined_svm,42,1,208,79,1,0.6915789617769251
mild,body_combined_svm,42,1,209,64,0,0.18141888823081131
mild,body_combined_svm,42,1,212,12,0,-0.35952754032673795
mild,body_combined_svm,42,1,222,52,0,-0.9937189329279904
mild,body_combined_svm,42,1,231,11,0,-0.8241216356313802
mild,body_combined_svm,42,1,237,18,0,-1.0378978554896268
mild,body_combined_svm,42,1,249,17,1,0.485183112574311
mild,body_combined_svm,42,1,252,18,0,-0.7572555637071301
mild,body_combined_svm,42,1,265,18,0,-0.8771173135734835
mild,body_combined_svm,42,2,002,78,0,-0.5524110968160149
mild,body_combined_svm,42,2,003,1,0,-0.7674191653357898
mild,body_combined_svm,42,2,014,39,1,-0.32314615030718374
mild,body_combined_svm,42,2,021,70,0,0.2729512842091989
mild,body_combined_svm,42,2,026,86,1,1.3190842406864465
mild,body_combined_svm,42,2,028,55,0,-0.8804344639991568
mild,body_combined_svm,42,2,041,26,1,-0.5111796964525595
mild,body_combined_svm,42,2,046,70,1,0.7191439086716315
mild,body_combined_svm,42,2,053,78,0,0.3855205648633595
mild,body_combined_svm,42,2,057,69,1,1.6184818092368918
mild,body_combined_svm,42,2,058,50,0,0.4090808264016971
mild,body_combined_svm,42,2,062,55,0,-1.200277426094258
mild,body_combined_svm,42,2,065,41,1,0.4052001761196661
mild,body_combined_svm,42,2,069,1,0,-0.6657873280539859
mild,body_combined_svm,42,2,072,70,1,0.12242201295429533
mild,body_combined_svm,42,2,077,86,1,1.3516851591198793
mild,body_combined_svm,42,2,080,25,0,-0.17767645435687443
mild,body_combined_svm,42,2,090,69,0,0.6301382808356121
mild,body_combined_svm,42,2,095,86,1,0.6932707618322448
mild,body_combined_svm,42,2,097,2,1,0.8719003990220769
mild,body_combined_svm,42,2,113,78,0,0.25365257709805356
mild,body_combined_svm,42,2,115,41,1,0.05549613863367958
mild,body_combined_svm,42,2,125,42,0,-1.5337805750737243
mild,body_combined_svm,42,2,129,69,1,1.2859331549491042
mild,body_combined_svm,42,2,134,69,1,0.527509456757895
mild,body_combined_svm,42,2,136,39,0,1.5001353030386397
mild,body_combined_svm,42,2,146,78,0,0.06533261244433736
mild,body_combined_svm,42,2,150,29,0,0.5542221955406889
mild,body_combined_svm,42,2,169,39,1,0.6311781044082728
mild,body_combined_svm,42,2,171,42,0,-1.4692624472016544
mild,body_combined_svm,42,2,174,1,0,-1.1766296854015392
mild,body_combined_svm,42,2,176,41,0,-0.42434919149687106
mild,body_combined_svm,42,2,180,73,1,0.5552920338605791
mild,body_combined_svm,42,2,205,95,0,-1.0404527989320205
mild,body_combined_svm,42,2,206,42,0,-1.6038814810472322
mild,body_combined_svm,42,2,215,50,0,-1.580953091505025
mild,body_combined_svm,42,2,219,73,1,1.499910005181254
mild,body_combined_svm,42,2,226,41,1,-0.5155492722754131
mild,body_combined_svm,42,2,227,78,0,-0.7141563677667759
mild,body_combined_svm,42,2,234,39,0,0.8730255540337769
mild,body_combined_svm,42,2,239,1,0,-0.47106812414627675
mild,body_combined_svm,42,2,241,29,0,0.09196663148963574
mild,body_combined_svm,42,2,246,50,0,-0.6748938710896084
mild,body_combined_svm,42,2,254,86,1,0.9415654788950075
mild,body_combined_svm,42,2,260,60,0,-0.5438748518301488
mild,body_combined_svm,42,2,262,14,0,-0.07198799520076354
mild,body_combined_svm,42,2,267,98,1,-0.5877869529647008
mild,body_combined_svm,42,2,272,33,1,0.19186973563806664
mild,body_combined_svm,42,3,001,87,0,-0.5934941092398667
mild,body_combined_svm,42,3,008,28,0,0.2686703716832866
mild,body_combined_svm,42,3,010,72,0,-0.5259012254669967
mild,body_combined_svm,42,3,015,75,1,-0.8552167524501426
mild,body_combined_svm,42,3,023,44,0,-0.6060061595968098
mild,body_combined_svm,42,3,027,85,1,0.16721522333667332
mild,body_combined_svm,42,3,029,35,0,-0.09693143115106592
mild,body_combined_svm,42,3,034,91,1,0.8866300736010475
mild,body_combined_svm,42,3,049,87,0,-0.7789944337886872
mild,body_combined_svm,42,3,051,28,0,-0.2771277298748694
mild,body_combined_svm,42,3,060,44,0,0.02437623198765504
mild,body_combined_svm,42,3,070,75,1,-0.08414088565994354
mild,body_combined_svm,42,3,078,93,0,-0.7465144958920732
mild,body_combined_svm,42,3,094,93,1,-0.4889115527938672
mild,body_combined_svm,42,3,100,72,1,-0.5739702549060655
mild,body_combined_svm,42,3,106,48,1,-0.6026366605675455
mild,body_combined_svm,42,3,107,35,0,-0.5961673452265912
mild,body_combined_svm,42,3,116,85,0,0.3462628246668464
mild,body_combined_svm,42,3,117,7,0,-1.094750096276466
mild,body_combined_svm,42,3,118,91,1,0.9683702656216866
mild,body_combined_svm,42,3,127,75,1,0.5869923973390978
mild,body_combined_svm,42,3,138,75,1,0.42227939973348266
mild,body_combined_svm,42,3,142,44,0,-0.3054523177651648
mild,body_combined_svm,42,3,143,28,0,-0.3983344866662929
mild,body_combined_svm,42,3,147,72,0,-0.3049931148772943
mild,body_combined_svm,42,3,148,7,0,-0.9990796359602088
mild,body_combined_svm,42,3,151,85,1,0.372369537159372
mild,body_combined_svm,42,3,163,48,0,0.49292570574498423
mild,body_combined_svm,42,3,179,37,0,0.562191966011087
mild,body_combined_svm,42,3,188,85,0,-0.33354869215588656
mild,body_combined_svm,42,3,190,44,0,-0.25016386875933483
mild,body_combined_svm,42,3,191,87,0,-0.9772047186728929
mild,body_combined_svm,42,3,193,56,1,0.9052710893849107
mild,body_combined_svm,42,3,197,35,0,-0.8653261447469338
mild,body_combined_svm,42,3,198,93,0,-0.7332286340702514
mild,body_combined_svm,42,3,202,46,0,-0.4340272101094807
mild,body_combined_svm,42,3,211,87,0,-1.1829657181875433
mild,body_combined_svm,42,3,213,44,1,0.7292583910707331
mild,body_combined_svm,42,3,221,72,1,-0.17428131620548654
mild,body_combined_svm,42,3,233,37,1,1.152120791754298
mild,body_combined_svm,42,3,236,44,0,0.5168570080539465
mild,body_combined_svm,42,3,240,72,0,-0.009917311218315128
mild,body_combined_svm,42,3,243,85,1,0.5040036103726588
mild,body_combined_svm,42,3,244,75,1,1.190920835317948
mild,body_combined_svm,42,3,256,10,1,0.7315270540631211
mild,body_combined_svm,42,3,258,85,1,0.15224278199676128
mild,body_combined_svm,42,3,264,31,0,-0.4079419948199895
mild,body_combined_svm,42,3,269,44,0,-0.27216052196652957
mild,body_combined_svm,42,4,006,49,1,0.8227718859732764
mild,body_combined_svm,42,4,007,90,1,0.030691646929325744
mild,body_combined_svm,42,4,024,89,0,-0.08909898999475585
mild,body_combined_svm,42,4,031,38,1,-0.6053547763575418
mild,body_combined_svm,42,4,032,19,0,-0.934383488997777
mild,body_combined_svm,42,4,036,77,0,-0.3502232573880285
mild,body_combined_svm,42,4,037,90,0,-0.5435936104844549
mild,body_combined_svm,42,4,038,43,1,-0.40648413711488957
mild,body_combined_svm,42,4,045,49,1,-0.1574663966434755
mild,body_combined_svm,42,4,048,67,0,-0.4877752066067545
mild,body_combined_svm,42,4,054,16,1,-0.12221449224019931
mild,body_combined_svm,42,4,055,15,1,-1.128564619350676
mild,body_combined_svm,42,4,064,88,0,-0.8919903424052574
mild,body_combined_svm,42,4,066,90,1,-0.01646777802424093
mild,body_combined_svm,42,4,075,38,1,-0.8745063871993372
mild,body_combined_svm,42,4,079,43,1,-0.16258171545622557
mild,body_combined_svm,42,4,104,19,0,-0.5012581709418575
mild,body_combined_svm,42,4,108,61,0,-0.6215777626848379
mild,body_combined_svm,42,4,111,77,0,-0.27606588361653095
mild,body_combined_svm,42,4,121,74,1,0.25045021878130025
mild,body_combined_svm,42,4,130,88,0,-1.4159203721239708
mild,body_combined_svm,42,4,131,54,1,0.2519491264116809
mild,body_combined_svm,42,4,132,38,0,-0.45739724086987954
mild,body_combined_svm,42,4,137,19,0,-0.7067334957829021
mild,body_combined_svm,42,4,139,89,0,-0.2751939961657103
mild,body_combined_svm,42,4,144,63,1,0.5687604792694998
mild,body_combined_svm,42,4,155,68,1,0.6991024947714892
mild,body_combined_svm,42,4,157,77,0,-0.49445273079400187
mild,body_combined_svm,42,4,158,74,1,0.9737819366611882
mild,body_combined_svm,42,4,166,19,0,-0.5032415073425556
mild,body_combined_svm,42,4,173,89,0,-0.3110885604845896
mild,body_combined_svm,42,4,175,74,1,1.3558807129000932
mild,body_combined_svm,42,4,184,68,0,-0.036163338914229404
mild,body_combined_svm,42,4,192,38,0,-0.8611305744173265
mild,body_combined_svm,42,4,196,67,0,-0.6257969888753363
mild,body_combined_svm,42,4,203,77,1,0.44326052139878414
mild,body_combined_svm,42,4,220,88,0,-1.2063359027702196
mild,body_combined_svm,42,4,223,38,0,-0.37064026535306177
mild,body_combined_svm,42,4,225,67,0,-0.6799157526815767
mild,body_combined_svm,42,4,228,43,1,0.38750985331464793
mild,body_combined_svm,42,4,235,89,0,0.1373729311359922
mild,body_combined_svm,42,4,238,54,1,-0.1070411853738357
mild,body_combined_svm,42,4,247,88,0,-0.5946204615694448
mild,body_combined_svm,42,4,251,38,0,-0.12169700129759917
mild,body_combined_svm,42,4,266,88,0,-0.8393864830090887
mild,body_combined_svm,42,4,270,49,0,-0.3345311227352881
mild,body_combined_svm,123,0,013,92,0,-0.11654308103942101
mild,body_combined_svm,123,0,017,8,0,-0.2522605201564926
mild,body_combined_svm,123,0,020,20,1,0.8763657408233898
mild,body_combined_svm,123,0,021,70,0,0.16866536840879603
mild,body_combined_svm,123,0,030,57,1,-1.264801638333659
mild,body_combined_svm,123,0,032,19,0,-0.7271982046814526
mild,body_combined_svm,123,0,040,8,0,0.007044376640846672
mild,body_combined_svm,123,0,046,70,1,0.6117700702372437
mild,body_combined_svm,123,0,047,51,0,-0.8180591037885656
mild,body_combined_svm,123,0,050,51,0,0.30509511507864256
mild,body_combined_svm,123,0,052,8,0,0.40462366040016157
mild,body_combined_svm,123,0,055,15,1,-1.0259750975251194
mild,body_combined_svm,123,0,072,70,1,0.24646487473228723
mild,body_combined_svm,123,0,073,13,1,0.9206151249931673
mild,body_combined_svm,123,0,087,51,0,-0.16049804703907067
mild,body_combined_svm,123,0,089,20,1,1.3298496728783056
mild,body_combined_svm,123,0,092,51,0,0.17918958238820037
mild,body_combined_svm,123,0,102,76,1,0.3234313092840692
mild,body_combined_svm,123,0,104,19,0,-0.43343939411274707
mild,body_combined_svm,123,0,106,48,1,-0.7752835467209132
mild,body_combined_svm,123,0,112,94,0,-0.6356417145133557
mild,body_combined_svm,123,0,114,92,1,0.9298590630609866
mild,body_combined_svm,123,0,121,74,1,0.12040273387517086
mild,body_combined_svm,123,0,122,71,0,-0.9195017356979107
mild,body_combined_svm,123,0,133,51,0,0.1573076788211884
mild,body_combined_svm,123,0,135,64,1,0.7233332556178032
mild,body_combined_svm,123,0,137,19,0,-0.4223978566320403
mild,body_combined_svm,123,0,156,5,0,-0.40528870401582834
mild,body_combined_svm,123,0,158,74,1,0.8460890316388809
mild,body_combined_svm,123,0,160,51,0,0.1860605066279612
mild,body_combined_svm,123,0,163,48,0,0.5081643295722338
mild,body_combined_svm,123,0,165,30,0,-0.740148492228651
mild,body_combined_svm,123,0,166,19,0,-0.3385091510009443
mild,body_combined_svm,123,0,175,74,1,1.128760114342195
mild,body_combined_svm,123,0,178,76,1,0.9715536964671356
mild,body_combined_svm,123,0,179,37,0,0.32550116389321365
mild,body_combined_svm,123,0,180,73,1,0.6128874804602105
mild,body_combined_svm,123,0,185,71,0,-0.7850622113840295
mild,body_combined_svm,123,0,186,51,0,-0.6154931322684413
mild,body_combined_svm,123,0,194,5,0,-0.3695880325776808
mild,body_combined_svm,123,0,195,94,0,-0.975636778845997
mild,body_combined_svm,123,0,209,64,0,0.38331503516472937
mild,body_combined_svm,123,0,210,20,1,1.135549539017126
mild,body_combined_svm,123,0,214,92,0,-0.06608633188323582
mild,body_combined_svm,123,0,219,73,1,1.3590181928889122
mild,body_combined_svm,123,0,229,51,0,-0.4741544923990407
mild,body_combined_svm,123,0,233,37,1,0.886607735113645
mild,body_combined_svm,123,0,260,60,0,-0.4043830262754126
mild,body_combined_svm,123,0,272,33,1,0.1288680862282532
mild,body_combined_svm,123,1,001,87,0,-0.5626358764952875
mild,body_combined_svm,123,1,004,45,1,0.758336375626347
mild,body_combined_svm,123,1,005,65,0,-0.6651625974640116
mild,body_combined_svm,123,1,028,55,0,-0.7657589646227598
mild,body_combined_svm,123,1,048,67,0,-0.31609309284127945
mild,body_combined_svm,123,1,049,87,0,-0.717229162577371
mild,body_combined_svm,123,1,058,50,0,0.2537243832864139
mild,body_combined_svm,123,1,062,55,0,-1.2020841416410222
mild,body_combined_svm,123,1,068,22,1,0.12006309779453661
mild,body_combined_svm,123,1,076,4,1,-0.18631930130253682
mild,body_combined_svm,123,1,078,93,0,-0.915267189468231
mild,body_combined_svm,123,1,083,79,0,-0.4051442659234518
mild,body_combined_svm,123,1,085,18,0,-1.200031872767397
mild,body_combined_svm,123,1,086,18,0,-0.5721170341865762
mild,body_combined_svm,123,1,091,96,1,-0.23828318970097392
mild,body_combined_svm,123,1,094,93,1,-0.6653498090400125
mild,body_combined_svm,123,1,098,4,1,0.8171251490377989
mild,body_combined_svm,123,1,101,36,0,-0.6281047155200619
mild,body_combined_svm,123,1,110,22,1,0.625390589500747
mild,body_combined_svm,123,1,128,96,1,1.0550355193761969
mild,body_combined_svm,123,1,144,63,1,0.9549943495556248
mild,body_combined_svm,123,1,145,36,0,-0.9163593124101908
mild,body_combined_svm,123,1,154,45,0,-0.45217543372733515
mild,body_combined_svm,123,1,161,79,1,0.2488924042444074
mild,body_combined_svm,123,1,167,22,1,0.40110732508917857
mild,body_combined_svm,123,1,168,4,1,0.1766873564562197
mild,body_combined_svm,123,1,172,18,0,-1.2080596885618977
mild,body_combined_svm,123,1,182,79,1,0.27584104207067295
mild,body_combined_svm,123,1,189,22,1,-0.4053892791095978
mild,body_combined_svm,123,1,191,87,0,-1.026339260016465
mild,body_combined_svm,123,1,196,67,0,-0.6759838386901258
mild,body_combined_svm,123,1,198,93,0,-0.8363807120444635
mild,body_combined_svm,123,1,200,21,0,-0.8084780658884096
mild,body_combined_svm,123,1,201,66,1,-0.6310234394440262
mild,body_combined_svm,123,1,202,46,0,-0.3967869674664715
mild,body_combined_svm,123,1,208,79,1,0.547928859758346
mild,body_combined_svm,123,1,211,87,0,-1.2038137203339967
mild,body_combined_svm,123,1,215,50,0,-1.4357112680401156
mild,body_combined_svm,123,1,216,36,1,0.0998003118826018
mild,body_combined_svm,123,1,225,67,0,-0.6227662022374298
mild,body_combined_svm,123,1,237,18,0,-0.9923723009462374
mild,body_combined_svm,123,1,246,50,0,-0.7244098482724284
mild,body_combined_svm,123,1,248,36,1,0.5802452625334965
mild,body_combined_svm,123,1,252,18,0,-0.7347889699048358
mild,body_combined_svm,123,1,253,45,1,-0.15218539386290644
mild,body_combined_svm,123,1,262,14,0,-0.2314843722385218
mild,body_combined_svm,123,1,264,31,0,-0.25005117158050216
mild,body_combined_svm,123,1,265,18,0,-0.8286168383712593
mild,body_combined_svm,123,1,268,21,0,-0.5273506126907384
mild,body_combined_svm,123,2,003,1,0,-0.7532034322337646
mild,body_combined_svm,123,2,006,49,1,0.8801332880430599
mild,body_combined_svm,123,2,007,90,1,0.08066574808187293
mild,body_combined_svm,123,2,026,86,1,1.2481753774645017
mild,body_combined_svm,123,2,036,77,0,-0.6204940072623851
mild,body_combined_svm,123,2,037,90,0,-0.5200548337667358
mild,body_combined_svm,123,2,038,43,1,-0.47836383309912145
mild,body_combined_svm,123,2,039,40,0,-1.1533744052798347
mild,body_combined_svm,123,2,041,26,1,-0.3918709104739633
mild,body_combined_svm,123,2,045,49,1,-0.3583116395008632
mild,body_combined_svm,123,2,061,24,1,1.3184360030101583
mild,body_combined_svm,123,2,064,88,0,-0.8041789771263643
mild,body_combined_svm,123,2,065,41,1,0.33527664782040917
mild,body_combined_svm,123,2,066,90,1,-0.02263969533487903
mild,body_combined_svm,123,2,069,1,0,-0.39649191834213476
mild,body_combined_svm,123,2,077,86,1,1.250320429032774
mild,body_combined_svm,123,2,079,43,1,-0.07875328401386888
mild,body_combined_svm,123,2,081,40,0,-0.5767082450582042
mild,body_combined_svm,123,2,095,86,1,0.6115394287747231
mild,body_combined_svm,123,2,097,2,1,0.8636956612296216
mild,body_combined_svm,123,2,111,77,0,-0.3211345535026971
mild,body_combined_svm,123,2,115,41,1,-0.23975606410507638
mild,body_combined_svm,123,2,119,40,0,-1.154583860187095
mild,body_combined_svm,123,2,130,88,0,-1.1072282066201267
mild,body_combined_svm,123,2,149,40,0,0.11860166440916659
mild,body_combined_svm,123,2,150,29,0,0.49408667048313043
mild,body_combined_svm,123,2,155,68,1,0.9044316394992642
mild,body_combined_svm,123,2,157,77,0,-0.5598959775099256
mild,body_combined_svm,123,2,164,53,0,-0.7179927936343753
mild,body_combined_svm,123,2,170,53,0,-0.7442421400695065
mild,body_combined_svm,123,2,174,1,0,-1.1578344237424527
mild,body_combined_svm,123,2,176,41,0,-0.38296259060573523
mild,body_combined_svm,123,2,184,68,0,0.18878514543653374
mild,body_combined_svm,123,2,203,77,1,0.6797243010695508
mild,body_combined_svm,123,2,205,95,0,-0.888043792719327
mild,body_combined_svm,123,2,212,12,0,-0.5886949856979509
mild,body_combined_svm,123,2,220,88,0,-1.3279897842527808
mild,body_combined_svm,123,2,226,41,1,-0.5772058432234528
mild,body_combined_svm,123,2,228,43,1,0.4147345779319674
mild,body_combined_svm,123,2,231,11,0,-0.38562699833969666
mild,body_combined_svm,123,2,239,1,0,-0.3723734741784027
mild,body_combined_svm,123,2,241,29,0,0.014796743379171862
mild,body_combined_svm,123,2,247,88,0,-0.685928876098046
mild,body_combined_svm,123,2,254,86,1,0.9442592862111248
mild,body_combined_svm,123,2,255,97,0,0.3051379673572994
mild,body_combined_svm,123,2,266,88,0,-1.0618242633861559
mild,body_combined_svm,123,2,270,49,0,-0.19956024040699885
mild,body_combined_svm,123,3,008,28,0,0.12524706754623183
mild,body_combined_svm,123,3,014,39,1,-0.4949072404559485
mild,body_combined_svm,123,3,022,34,1,-0.07873662409860266
mild,body_combined_svm,123,3,023,44,0,-0.6820022343105663
mild,body_combined_svm,123,3,024,89,0,-0.4863017737213017
mild,body_combined_svm,123,3,027,85,1,0.002966416678013284
mild,body_combined_svm,123,3,029,35,0,-0.47511984118739464
mild,body_combined_svm,123,3,034,91,1,0.8054599726818097
mild,body_combined_svm,123,3,035,83,1,0.1897761257865339
mild,body_combined_svm,123,3,051,28,0,-0.2663822119569987
mild,body_combined_svm,123,3,054,16,1,-0.014496387317328885
mild,body_combined_svm,123,3,057,69,1,1.107044766085019
mild,body_combined_svm,123,3,060,44,0,-0.004269890097414186
mild,body_combined_svm,123,3,067,34,1,-0.16051097606408393
mild,body_combined_svm,123,3,080,25,0,-0.30289666672334586
mild,body_combined_svm,123,3,090,69,0,0.5658189643033054
mild,body_combined_svm,123,3,103,6,0,-0.3578854543523161
mild,body_combined_svm,123,3,107,35,0,-0.6234799735201246
mild,body_combined_svm,123,3,108,61,0,-0.9277503500812031
mild,body_combined_svm,123,3,116,85,0,0.18671442089070656
mild,body_combined_svm,123,3,118,91,1,0.9100277298444934
mild,body_combined_svm,123,3,129,69,1,1.1061233664989916
mild,body_combined_svm,123,3,134,69,1,0.4099076892333645
mild,body_combined_svm,123,3,136,39,0,1.4433675945942201
mild,body_combined_svm,123,3,139,89,0,-0.28303614878012373
mild,body_combined_svm,123,3,142,44,0,-0.32574649184243865
mild,body_combined_svm,123,3,143,28,0,-0.17887174480854362
mild,body_combined_svm,123,3,151,85,1,0.3245174731884195
mild,body_combined_svm,123,3,153,83,1,0.29950851052338745
mild,body_combined_svm,123,3,169,39,1,0.6760137266297024
mild,body_combined_svm,123,3,173,89,0,-0.5228225202310867
mild,body_combined_svm,123,3,177,32,0,0.7745873780300565
mild,body_combined_svm,123,3,181,6,0,-1.5422257497893
mild,body_combined_svm,123,3,188,85,0,-0.6702866872880335
mild,body_combined_svm,123,3,190,44,0,-0.08721862624712359
mild,body_combined_svm,123,3,197,35,0,-0.6129767845112639
mild,body_combined_svm,123,3,204,27,0,-0.8891374793115489
mild,body_combined_svm,123,3,213,44,1,0.5813879354490458
mild,body_combined_svm,123,3,230,34,0,-0.06559266642566952
mild,body_combined_svm,123,3,234,39,0,0.6860365814862354
mild,body_combined_svm,123,3,235,89,0,0.07567687665376005
mild,body_combined_svm,123,3,236,44,0,0.718341014069082
mild,body_combined_svm,123,3,243,85,1,0.434362616796764
mild,body_combined_svm,123,3,257,83,1,0.9205621877843801
mild,body_combined_svm,123,3,258,85,1,-0.17860706285705777
mild,body_combined_svm,123,3,259,62,1,0.5080666626186522
mild,body_combined_svm,123,3,269,44,0,-0.36577392646603457
mild,body_combined_svm,123,4,002,78,0,-0.5764488095881228
mild,body_combined_svm,123,4,010,72,0,-0.7022790673769435
mild,body_combined_svm,123,4,015,75,1,-0.7398170345954834
mild,body_combined_svm,123,4,016,84,1,0.6981590001821344
mild,body_combined_svm,123,4,019,82,0,-0.5032346447572118
mild,body_combined_svm,123,4,031,38,1,-0.46610917572919697
mild,body_combined_svm,123,4,042,23,0,0.04348607261752077
mild,body_combined_svm,123,4,053,78,0,0.33453355667685303
mild,body_combined_svm,123,4,070,75,1,-0.23935003275160968
mild,body_combined_svm,123,4,071,23,1,1.4110436487151834
mild,body_combined_svm,123,4,075,38,1,-0.8353161226989377
mild,body_combined_svm,123,4,088,82,0,-0.8157792460163061
mild,body_combined_svm,123,4,096,17,0,-1.1586977532444938
mild,body_combined_svm,123,4,100,72,1,-0.633964431478977
mild,body_combined_svm,123,4,113,78,0,0.19805977680855738
mild,body_combined_svm,123,4,117,7,0,-1.0245093694131535
mild,body_combined_svm,123,4,120,52,0,-0.5857527297554717
mild,body_combined_svm,123,4,125,42,0,-1.5188356728590238
mild,body_combined_svm,123,4,126,82,0,-1.2453994860732391
mild,body_combined_svm,123,4,127,75,1,0.4345161663697865
mild,body_combined_svm,123,4,131,54,1,0.34015369571618614
mild,body_combined_svm,123,4,132,38,0,-0.43169089713322395
mild,body_combined_svm,123,4,138,75,1,0.11951001412820336
mild,body_combined_svm,123,4,140,84,1,-0.6852785568675868
mild,body_combined_svm,123,4,146,78,0,0.0682889703628469
mild,body_combined_svm,123,4,147,72,0,-0.20245852786423235
mild,body_combined_svm,123,4,148,7,0,-0.9325024723868761
mild,body_combined_svm,123,4,152,58,1,0.7699305562325958
mild,body_combined_svm,123,4,159,52,0,-0.7862119501312649
mild,body_combined_svm,123,4,162,23,0,-0.06171439403318699
mild,body_combined_svm,123,4,171,42,0,-1.4531714164918215
mild,body_combined_svm,123,4,187,17,0,-0.3994370821297435
mild,body_combined_svm,123,4,192,38,0,-0.7708395436795648
mild,body_combined_svm,123,4,193,56,1,0.7104117014069349
mild,body_combined_svm,123,4,199,82,0,-0.21341957479748777
mild,body_combined_svm,123,4,206,42,0,-1.6476558188102015
mild,body_combined_svm,123,4,221,72,1,-0.5068165049787375
mild,body_combined_svm,123,4,222,52,0,-0.9619480236064799
mild,body_combined_svm,123,4,223,38,0,-0.28797362025505013
mild,body_combined_svm,123,4,227,78,0,-0.8651384231858568
mild,body_combined_svm,123,4,238,54,1,-0.21261119830196862
mild,body_combined_svm,123,4,240,72,0,-0.313961634826866
mild,body_combined_svm,123,4,244,75,1,0.9968200739614388
mild,body_combined_svm,123,4,249,17,1,0.25050896251945076
mild,body_combined_svm,123,4,251,38,0,-0.34713994897252864
mild,body_combined_svm,123,4,256,10,1,0.6611381658112786
mild,body_combined_svm,123,4,267,98,1,-0.5851680776619944
mild,body_combined_svm,456,0,001,87,0,-0.6488617636474594
mild,body_combined_svm,456,0,016,84,1,0.7210433663977842
mild,body_combined_svm,456,0,021,70,0,-0.07315417040207689
mild,body_combined_svm,456,0,030,57,1,-1.1727565425446322
mild,body_combined_svm,456,0,035,83,1,-0.10605213776153471
mild,body_combined_svm,456,0,038,43,1,-0.6199861876787099
mild,body_combined_svm,456,0,046,70,1,0.3772791662775457
mild,body_combined_svm,456,0,047,51,0,-0.6045811190953612
mild,body_combined_svm,456,0,049,87,0,-0.5367907406421788
mild,body_combined_svm,456,0,050,51,0,0.24661004947657666
mild,body_combined_svm,456,0,072,70,1,-0.2063999996000403
mild,body_combined_svm,456,0,079,43,1,0.29904781252765206
mild,body_combined_svm,456,0,087,51,0,-0.009862314901544655
mild,body_combined_svm,456,0,092,51,0,0.05137716466816816
mild,body_combined_svm,456,0,097,2,1,0.4576161486226357
mild,body_combined_svm,456,0,102,76,1,0.33501857744538416
mild,body_combined_svm,456,0,103,6,0,-0.41767980509704794
mild,body_combined_svm,456,0,120,52,0,-0.61969840407769
mild,body_combined_svm,456,0,122,71,0,-0.957258147858838
mild,body_combined_svm,456,0,133,51,0,0.17594907306268953
mild,body_combined_svm,456,0,140,84,1,-0.5818620041380104
mild,body_combined_svm,456,0,153,83,1,-0.09809180565728287
mild,body_combined_svm,456,0,155,68,1,0.7554785316052159
mild,body_combined_svm,456,0,156,5,0,-0.4134784442238755
mild,body_combined_svm,456,0,159,52,0,-0.7745156014969529
mild,body_combined_svm,456,0,160,51,0,0.21757402305915813
mild,body_combined_svm,456,0,177,32,0,0.8799586066827256
mild,body_combined_svm,456,0,178,76,1,1.0356248164850703
mild,body_combined_svm,456,0,180,73,1,0.43320312430217606
mild,body_combined_svm,456,0,181,6,0,-1.6368294210946297
mild,body_combined_svm,456,0,184,68,0,0.27688794724645677
mild,body_combined_svm,456,0,185,71,0,-0.793051313010669
mild,body_combined_svm,456,0,186,51,0,-0.8664519070638119
mild,body_combined_svm,456,0,191,87,0,-1.1118928733339386
mild,body_combined_svm,456,0,193,56,1,0.5471682026679707
mild,body_combined_svm,456,0,194,5,0,-0.3586471915818698
mild,body_combined_svm,456,0,205,95,0,-0.9457210139224381
mild,body_combined_svm,456,0,211,87,0,-1.209127405646581
mild,body_combined_svm,456,0,219,73,1,1.0578776641304883
mild,body_combined_svm,456,0,222,52,0,-0.9219336419868978
mild,body_combined_svm,456,0,228,43,1,0.8128298036680104
mild,body_combined_svm,456,0,229,51,0,-0.5498424457905041
mild,body_combined_svm,456,0,231,11,0,-0.48786569286497156
mild,body_combined_svm,456,0,255,97,0,0.6717644518987853
mild,body_combined_svm,456,0,257,83,1,0.765723138670507
mild,body_combined_svm,456,0,267,98,1,-1.0102104514212378
mild,body_combined_svm,456,1,004,45,1,0.5385456445163634
mild,body_combined_svm,456,1,005,65,0,-0.732129437194857
mild,body_combined_svm,456,1,008,28,0,0.21510620546808656
mild,body_combined_svm,456,1,010,72,0,-0.44420057393366585
mild,body_combined_svm,456,1,026,86,1,1.1656164693852202
mild,body_combined_svm,456,1,034,91,1,0.7489674936990316
mild,body_combined_svm,456,1,036,77,0,-0.3011117440802863
mild,body_combined_svm,456,1,039,40,0,-1.0581301156361307
mild,body_combined_svm,456,1,051,28,0,-0.22758298873982424
mild,body_combined_svm,456,1,058,50,0,0.21965601681222302
mild,body_combined_svm,456,1,061,24,1,1.1870889279801253
mild,body_combined_svm,456,1,077,86,1,1.3059234844755674
mild,body_combined_svm,456,1,080,25,0,-0.23096003349418753
mild,body_combined_svm,456,1,081,40,0,-0.4445139752795642
mild,body_combined_svm,456,1,083,79,0,-0.32541292247274656
mild,body_combined_svm,456,1,085,18,0,-1.1814014786018032
mild,body_combined_svm,456,1,086,18,0,-0.4354070001033194
mild,body_combined_svm,456,1,091,96,1,-0.041489966790279775
mild,body_combined_svm,456,1,095,86,1,0.612033573891908
mild,body_combined_svm,456,1,100,72,1,-0.5219355142492572
mild,body_combined_svm,456,1,111,77,0,-0.15784839342787965
mild,body_combined_svm,456,1,118,91,1,0.8399015723394625
mild,body_combined_svm,456,1,119,40,0,-1.0549475781891873
mild,body_combined_svm,456,1,128,96,1,0.977936358399599
mild,body_combined_svm,456,1,143,28,0,-0.45317541489660784
mild,body_combined_svm,456,1,144,63,1,0.8335811422552806
mild,body_combined_svm,456,1,147,72,0,-0.2740279052565938
mild,body_combined_svm,456,1,149,40,0,0.08441671263350276
mild,body_combined_svm,456,1,154,45,0,-0.16344816673642404
mild,body_combined_svm,456,1,157,77,0,-0.36851884252407263
mild,body_combined_svm,456,1,161,79,1,0.19239831978493133
mild,body_combined_svm,456,1,172,18,0,-1.0038053462909473
mild,body_combined_svm,456,1,182,79,1,0.5084865916848462
mild,body_combined_svm,456,1,203,77,1,0.613687877381093
mild,body_combined_svm,456,1,204,27,0,-0.7901282676131145
mild,body_combined_svm,456,1,208,79,1,0.48841091338352965
mild,body_combined_svm,456,1,212,12,0,-0.3970722806477003
mild,body_combined_svm,456,1,215,50,0,-1.4901922002920374
mild,body_combined_svm,456,1,221,72,1,-0.27483313572640117
mild,body_combined_svm,456,1,237,18,0,-0.8937304639272963
mild,body_combined_svm,456,1,240,72,0,-0.012183663458399357
mild,body_combined_svm,456,1,246,50,0,-0.5165040465307877
mild,body_combined_svm,456,1,252,18,0,-0.7315154526787273
mild,body_combined_svm,456,1,253,45,1,0.05765796041282517
mild,body_combined_svm,456,1,254,86,1,0.9553551162122671
mild,body_combined_svm,456,1,265,18,0,-0.7027658720017232
mild,body_combined_svm,456,1,272,33,1,0.07906149339861179
mild,body_combined_svm,456,2,002,78,0,-0.246502768645643
mild,body_combined_svm,456,2,014,39,1,-0.4347524742458
mild,body_combined_svm,456,2,017,8,0,-0.22957791737931754
mild,body_combined_svm,456,2,022,34,1,0.09789744379598125
mild,body_combined_svm,456,2,024,89,0,-0.2796608273403901
mild,body_combined_svm,456,2,027,85,1,-0.11902547711922368
mild,body_combined_svm,456,2,040,8,0,-0.2288253870963458
mild,body_combined_svm,456,2,041,26,1,-0.4741626999334879
mild,body_combined_svm,456,2,048,67,0,-0.5289868200486593
mild,body_combined_svm,456,2,052,8,0,0.27139408778503243
mild,body_combined_svm,456,2,053,78,0,0.6141101378561578
mild,body_combined_svm,456,2,067,34,1,-0.013534056965099794
mild,body_combined_svm,456,2,068,22,1,0.23417021889306994
mild,body_combined_svm,456,2,096,17,0,-1.1556802583529326
mild,body_combined_svm,456,2,108,61,0,-1.0708670074065505
mild,body_combined_svm,456,2,110,22,1,0.5911226984265943
mild,body_combined_svm,456,2,113,78,0,0.5228023546113565
mild,body_combined_svm,456,2,116,85,0,0.0913174737233921
mild,body_combined_svm,456,2,117,7,0,-0.8900672677857635
mild,body_combined_svm,456,2,121,74,1,0.022584361290384214
mild,body_combined_svm,456,2,136,39,0,1.1141592829744902
mild,body_combined_svm,456,2,139,89,0,-0.25492657410221087
mild,body_combined_svm,456,2,146,78,0,0.28775167462818035
mild,body_combined_svm,456,2,148,7,0,-0.9151115667217857
mild,body_combined_svm,456,2,151,85,1,0.11931170868843516
mild,body_combined_svm,456,2,158,74,1,0.7921471060750125
mild,body_combined_svm,456,2,164,53,0,-0.8456478011954007
mild,body_combined_svm,456,2,165,30,0,-0.7636987368682981
mild,body_combined_svm,456,2,167,22,1,0.5596210175284184
mild,body_combined_svm,456,2,169,39,1,0.5579509228913302
mild,body_combined_svm,456,2,170,53,0,-0.7452688262337945
mild,body_combined_svm,456,2,173,89,0,-0.1804445610958958
mild,body_combined_svm,456,2,175,74,1,1.1571253354199298
mild,body_combined_svm,456,2,179,37,0,0.14614548705913338
mild,body_combined_svm,456,2,187,17,0,-0.32185061061424214
mild,body_combined_svm,456,2,188,85,0,-0.43811989851319055
mild,body_combined_svm,456,2,189,22,1,-0.4173315497066574
mild,body_combined_svm,456,2,196,67,0,-0.709199688044069
mild,body_combined_svm,456,2,201,66,1,-0.6315604394995384
mild,body_combined_svm,456,2,225,67,0,-0.6820591019070625
mild,body_combined_svm,456,2,227,78,0,-0.5740216663042985
mild,body_combined_svm,456,2,230,34,0,-0.36538802646186164
mild,body_combined_svm,456,2,233,37,1,0.8322884940695323
mild,body_combined_svm,456,2,234,39,0,0.3385348623816226
mild,body_combined_svm,456,2,235,89,0,0.3359486686687662
mild,body_combined_svm,456,2,243,85,1,0.2554798781406204
mild,body_combined_svm,456,2,249,17,1,0.2820477778399048
mild,body_combined_svm,456,2,256,10,1,0.34665383001740996
mild,body_combined_svm,456,2,258,85,1,-0.1284153571572081
mild,body_combined_svm,456,2,264,31,0,-0.31823721707251673
mild,body_combined_svm,456,3,015,75,1,-0.8511837983435797
mild,body_combined_svm,456,3,019,82,0,-0.6434960761064927
mild,body_combined_svm,456,3,023,44,0,-0.5034176133630418
mild,body_combined_svm,456,3,029,35,0,-0.15059845284686352
mild,body_combined_svm,456,3,031,38,1,-0.4275099144271125
mild,body_combined_svm,456,3,042,23,0,0.26886264416250105
mild,body_combined_svm,456,3,054,16,1,-0.058655963966672164
mild,body_combined_svm,456,3,055,15,1,-1.0471479370795085
mild,body_combined_svm,456,3,057,69,1,1.4560198375878943
mild,body_combined_svm,456,3,060,44,0,0.05309013037967589
mild,body_combined_svm,456,3,070,75,1,-0.18489779258258007
mild,body_combined_svm,456,3,071,23,1,1.4472489761075638
mild,body_combined_svm,456,3,073,13,1,1.0359837399403928
mild,body_combined_svm,456,3,075,38,1,-0.8136812883561935
mild,body_combined_svm,456,3,078,93,0,-0.6120589705800884
mild,body_combined_svm,456,3,088,82,0,-0.6504326736543825
mild,body_combined_svm,456,3,090,69,0,0.6606933987770617
mild,body_combined_svm,456,3,094,93,1,-0.519292136066582
mild,body_combined_svm,456,3,101,36,0,-0.3697482899592287
mild,body_combined_svm,456,3,107,35,0,-0.6579032452401846
mild,body_combined_svm,456,3,125,42,0,-1.4767980512631194
mild,body_combined_svm,456,3,126,82,0,-1.2317706330574973
mild,body_combined_svm,456,3,127,75,1,0.6785568914952378
mild,body_combined_svm,456,3,129,69,1,1.3975354561692155
mild,body_combined_svm,456,3,132,38,0,-0.40498996719282043
mild,body_combined_svm,456,3,134,69,1,0.6277545799885684
mild,body_combined_svm,456,3,135,64,1,1.100560473927213
mild,body_combined_svm,456,3,138,75,1,0.4126602991422563
mild,body_combined_svm,456,3,142,44,0,-0.37206871977818146
mild,body_combined_svm,456,3,145,36,0,-0.6332842699987674
mild,body_combined_svm,456,3,152,58,1,0.6211529989534881
mild,body_combined_svm,456,3,162,23,0,0.052922140302100545
mild,body_combined_svm,456,3,171,42,0,-1.4627743647282605
mild,body_combined_svm,456,3,190,44,0,-0.2130242238966641
mild,body_combined_svm,456,3,192,38,0,-0.7805069601303267
mild,body_combined_svm,456,3,197,35,0,-0.7639802380770375
mild,body_combined_svm,456,3,198,93,0,-0.7459504265291893
mild,body_combined_svm,456,3,199,82,0,-0.2513237776998398
mild,body_combined_svm,456,3,202,46,0,-0.47470392191304167
mild,body_combined_svm,456,3,206,42,0,-1.4958401167197617
mild,body_combined_svm,456,3,209,64,0,0.3973272635873819
mild,body_combined_svm,456,3,213,44,1,0.7684233362644025
mild,body_combined_svm,456,3,216,36,1,0.28367116275867876
mild,body_combined_svm,456,3,223,38,0,-0.2438322720999039
mild,body_combined_svm,456,3,236,44,0,0.5286407427401514
mild,body_combined_svm,456,3,244,75,1,1.1629455592066333
mild,body_combined_svm,456,3,248,36,1,0.4769052562567295
mild,body_combined_svm,456,3,251,38,0,-0.3033649740949999
mild,body_combined_svm,456,3,262,14,0,-0.2211075696850859
mild,body_combined_svm,456,3,269,44,0,-0.49568853647760047
mild,body_combined_svm,456,4,003,1,0,-0.8165854348339412
mild,body_combined_svm,456,4,006,49,1,0.7530005816783054
mild,body_combined_svm,456,4,007,90,1,-0.017330944756730082
mild,body_combined_svm,456,4,013,92,0,-0.25197682271412125
mild,body_combined_svm,456,4,020,20,1,0.7962583187904835
mild,body_combined_svm,456,4,028,55,0,-0.875707849054576
mild,body_combined_svm,456,4,032,19,0,-0.7068704981773262
mild,body_combined_svm,456,4,037,90,0,-0.8074459083487493
mild,body_combined_svm,456,4,045,49,1,-0.25190155317113394
mild,body_combined_svm,456,4,062,55,0,-0.8850549953816549
mild,body_combined_svm,456,4,064,88,0,-0.794699898715323
mild,body_combined_svm,456,4,065,41,1,0.3440337465949776
mild,body_combined_svm,456,4,066,90,1,-0.15525765595885832
mild,body_combined_svm,456,4,069,1,0,-0.4286189442378309
mild,body_combined_svm,456,4,076,4,1,-0.06324309817314117
mild,body_combined_svm,456,4,089,20,1,1.3019349235033313
mild,body_combined_svm,456,4,098,4,1,0.9782827440099724
mild,body_combined_svm,456,4,104,19,0,-0.733853632008898
mild,body_combined_svm,456,4,106,48,1,-0.5248975569229481
mild,body_combined_svm,456,4,112,94,0,-0.7080787677669661
mild,body_combined_svm,456,4,114,92,1,1.0190389960340893
mild,body_combined_svm,456,4,115,41,1,-0.2634314195376013
mild,body_combined_svm,456,4,130,88,0,-1.0711101251759494
mild,body_combined_svm,456,4,131,54,1,0.4383063034931696
mild,body_combined_svm,456,4,137,19,0,-0.758120717913686
mild,body_combined_svm,456,4,150,29,0,0.5307074893058201
mild,body_combined_svm,456,4,163,48,0,0.6604507748532227
mild,body_combined_svm,456,4,166,19,0,-0.5592218741845685
mild,body_combined_svm,456,4,168,4,1,0.23112827785130757
mild,body_combined_svm,456,4,174,1,0,-0.9305464496384073
mild,body_combined_svm,456,4,176,41,0,-0.36279916432308373
mild,body_combined_svm,456,4,195,94,0,-1.048076113889661
mild,body_combined_svm,456,4,200,21,0,-0.9587802104052232
mild,body_combined_svm,456,4,210,20,1,1.176401702800926
mild,body_combined_svm,456,4,214,92,0,-0.1059104319808355
mild,body_combined_svm,456,4,220,88,0,-1.2855025197001742
mild,body_combined_svm,456,4,226,41,1,-0.5121933755507245
mild,body_combined_svm,456,4,238,54,1,0.06073908075447809
mild,body_combined_svm,456,4,239,1,0,-0.6222990593090052
mild,body_combined_svm,456,4,241,29,0,0.18680953770997938
mild,body_combined_svm,456,4,247,88,0,-0.8249823120317366
mild,body_combined_svm,456,4,259,62,1,0.7370712544536322
mild,body_combined_svm,456,4,260,60,0,-0.5595768568769693
mild,body_combined_svm,456,4,266,88,0,-1.1658299992403092
mild,body_combined_svm,456,4,268,21,0,-0.7339093621516195
mild,body_combined_svm,456,4,270,49,0,-0.10600510178411787
mild,body_combined_svm,789,0,006,49,1,1.01437097274407
mild,body_combined_svm,789,0,007,90,1,0.38619306327683733
mild,body_combined_svm,789,0,026,86,1,1.1969823396028363
mild,body_combined_svm,789,0,035,83,1,-0.15234311793256888
mild,body_combined_svm,789,0,037,90,0,-0.4749366819055103
mild,body_combined_svm,789,0,039,40,0,-1.1292620169426877
mild,body_combined_svm,789,0,045,49,1,-0.13884564366397234
mild,body_combined_svm,789,0,047,51,0,-0.5857537716947898
mild,body_combined_svm,789,0,050,51,0,0.140887930842864
mild,body_combined_svm,789,0,058,50,0,0.438032994636508
mild,body_combined_svm,789,0,066,90,1,0.10155095098906641
mild,body_combined_svm,789,0,077,86,1,1.31472491427485
mild,body_combined_svm,789,0,078,93,0,-0.8950338756887433
mild,body_combined_svm,789,0,080,25,0,-0.13719294303214302
mild,body_combined_svm,789,0,081,40,0,-0.5843428994026124
mild,body_combined_svm,789,0,083,79,0,-0.25372444479503253
mild,body_combined_svm,789,0,087,51,0,0.05643325573596347
mild,body_combined_svm,789,0,092,51,0,0.24054279495738684
mild,body_combined_svm,789,0,094,93,1,-0.5540589235022959
mild,body_combined_svm,789,0,095,86,1,0.6429270374782328
mild,body_combined_svm,789,0,097,2,1,0.5673451289482366
mild,body_combined_svm,789,0,108,61,0,-0.9402539074350994
mild,body_combined_svm,789,0,112,94,0,-0.7497624878135271
mild,body_combined_svm,789,0,119,40,0,-1.0775934641383351
mild,body_combined_svm,789,0,133,51,0,0.11929759346646929
mild,body_combined_svm,789,0,149,40,0,0.020656704956188765
mild,body_combined_svm,789,0,150,29,0,0.3832120115350304
mild,body_combined_svm,789,0,153,83,1,0.12248313460433347
mild,body_combined_svm,789,0,155,68,1,1.0765960636476608
mild,body_combined_svm,789,0,160,51,0,0.30934475477845347
mild,body_combined_svm,789,0,161,79,1,0.5970417870149838
mild,body_combined_svm,789,0,182,79,1,0.4428907420261916
mild,body_combined_svm,789,0,184,68,0,0.47085321072331665
mild,body_combined_svm,789,0,186,51,0,-0.6053978561182884
mild,body_combined_svm,789,0,195,94,0,-1.0532724642535722
mild,body_combined_svm,789,0,198,93,0,-0.8262311688666479
mild,body_combined_svm,789,0,201,66,1,-0.7910276035310543
mild,body_combined_svm,789,0,208,79,1,0.7404880747521869
mild,body_combined_svm,789,0,212,12,0,-0.5449939918461377
mild,body_combined_svm,789,0,215,50,0,-1.3599746588376895
mild,body_combined_svm,789,0,229,51,0,-0.2747504502682182
mild,body_combined_svm,789,0,241,29,0,0.04786057285063877
mild,body_combined_svm,789,0,246,50,0,-0.48811355739909157
mild,body_combined_svm,789,0,254,86,1,0.9655510927971982
mild,body_combined_svm,789,0,257,83,1,0.6757047780687675
mild,body_combined_svm,789,0,267,98,1,-0.6403435071683033
mild,body_combined_svm,789,0,270,49,0,0.11328155938218121
mild,body_combined_svm,789,1,003,1,0,-0.9241470846040714
mild,body_combined_svm,789,1,005,65,0,-0.6995767375587952
mild,body_combined_svm,789,1,013,92,0,-0.3669656225908724
mild,body_combined_svm,789,1,016,84,1,0.8567933318117367
mild,body_combined_svm,789,1,030,57,1,-1.226324779633065
mild,body_combined_svm,789,1,048,67,0,-0.45686403809289644
mild,body_combined_svm,789,1,055,15,1,-1.2742091903248693
mild,body_combined_svm,789,1,061,24,1,1.2793950494980362
mild,body_combined_svm,789,1,068,22,1,0.21617781739690606
mild,body_combined_svm,789,1,069,1,0,-0.5226136700374262
mild,body_combined_svm,789,1,085,18,0,-1.1696479381534162
mild,body_combined_svm,789,1,086,18,0,-0.39254959007984674
mild,body_combined_svm,789,1,103,6,0,-0.32833580262329193
mild,body_combined_svm,789,1,106,48,1,-0.7292833550434998
mild,body_combined_svm,789,1,110,22,1,0.7570229399321027
mild,body_combined_svm,789,1,114,92,1,0.9159936606788381
mild,body_combined_svm,789,1,121,74,1,0.1513139705817782
mild,body_combined_svm,789,1,140,84,1,-0.7408013513275646
mild,body_combined_svm,789,1,156,5,0,-0.3942384000626727
mild,body_combined_svm,789,1,158,74,1,0.9285746216620863
mild,body_combined_svm,789,1,163,48,0,0.6690446444925668
mild,body_combined_svm,789,1,164,53,0,-0.8338959790145728
mild,body_combined_svm,789,1,167,22,1,0.45430759903377554
mild,body_combined_svm,789,1,170,53,0,-0.6982463061324162
mild,body_combined_svm,789,1,172,18,0,-1.1553610058315342
mild,body_combined_svm,789,1,174,1,0,-1.0645536434985614
mild,body_combined_svm,789,1,175,74,1,1.2210151141251973
mild,body_combined_svm,789,1,180,73,1,0.5453460747356902
mild,body_combined_svm,789,1,181,6,0,-1.5730539297518884
mild,body_combined_svm,789,1,189,22,1,-0.44744611173791493
mild,body_combined_svm,789,1,193,56,1,0.8701739419478869
mild,body_combined_svm,789,1,194,5,0,-0.27341247222960524
mild,body_combined_svm,789,1,196,67,0,-0.7575223469284039
mild,body_combined_svm,789,1,200,21,0,-0.9759661570405931
mild,body_combined_svm,789,1,204,27,0,-0.6239053151960381
mild,body_combined_svm,789,1,214,92,0,-0.2898339990346643
mild,body_combined_svm,789,1,219,73,1,1.428383436617898
mild,body_combined_svm,789,1,225,67,0,-0.7182658827791579
mild,body_combined_svm,789,1,231,11,0,-0.6940497037293603
mild,body_combined_svm,789,1,237,18,0,-0.7379626894855125
mild,body_combined_svm,789,1,239,1,0,-0.4284884183804034
mild,body_combined_svm,789,1,252,18,0,-0.7653253178673822
mild,body_combined_svm,789,1,256,10,1,0.6046810730078582
mild,body_combined_svm,789,1,262,14,0,-0.11171250220271692
mild,body_combined_svm,789,1,265,18,0,-0.7834022954994575
mild,body_combined_svm,789,1,268,21,0,-0.7330927706478555
mild,body_combined_svm,789,1,272,33,1,0.12776604727105367
mild,body_combined_svm,789,2,014,39,1,-0.5936271476481182
mild,body_combined_svm,789,2,015,75,1,-0.885348116593933
mild,body_combined_svm,789,2,017,8,0,-0.6296457584807096
mild,body_combined_svm,789,2,019,82,0,-0.642221616226938
mild,body_combined_svm,789,2,021,70,0,0.2877840725675958
mild,body_combined_svm,789,2,034,91,1,1.021126487780792
mild,body_combined_svm,789,2,036,77,0,-0.383060127783301
mild,body_combined_svm,789,2,040,8,0,-0.3584804629618126
mild,body_combined_svm,789,2,041,26,1,-0.23511907520678332
mild,body_combined_svm,789,2,042,23,0,0.15142264727542343
mild,body_combined_svm,789,2,046,70,1,0.6146519538328494
mild,body_combined_svm,789,2,052,8,0,-0.12127650478266414
mild,body_combined_svm,789,2,057,69,1,1.517038093499592
mild,body_combined_svm,789,2,064,88,0,-1.0914662943590723
mild,body_combined_svm,789,2,070,75,1,-0.24201256124656387
mild,body_combined_svm,789,2,071,23,1,1.2941297673027021
mild,body_combined_svm,789,2,072,70,1,-0.02599768254004836
mild,body_combined_svm,789,2,088,82,0,-0.6599475366733472
mild,body_combined_svm,789,2,090,69,0,0.542176756092295
mild,body_combined_svm,789,2,102,76,1,0.3344266680973365
mild,body_combined_svm,789,2,111,77,0,-0.09768088445500112
mild,body_combined_svm,789,2,118,91,1,1.0304861630144697
mild,body_combined_svm,789,2,120,52,0,-0.5420117025618494
mild,body_combined_svm,789,2,122,71,0,-0.678411460893857
mild,body_combined_svm,789,2,126,82,0,-1.2306879011758431
mild,body_combined_svm,789,2,127,75,1,0.35343921933851313
mild,body_combined_svm,789,2,129,69,1,1.2578343509645964
mild,body_combined_svm,789,2,130,88,0,-1.5176107386295827
mild,body_combined_svm,789,2,134,69,1,0.4413951312599657
mild,body_combined_svm,789,2,136,39,0,1.2674164471781673
mild,body_combined_svm,789,2,138,75,1,0.20071871803993618
mild,body_combined_svm,789,2,152,58,1,0.6887055229964081
mild,body_combined_svm,789,2,157,77,0,-0.4216463807835378
mild,body_combined_svm,789,2,159,52,0,-0.7130075343584404
mild,body_combined_svm,789,2,162,23,0,-0.019168121468724764
mild,body_combined_svm,789,2,165,30,0,-0.6710452094467916
mild,body_combined_svm,789,2,169,39,1,0.6179485600844901
mild,body_combined_svm,789,2,178,76,1,1.1337712244971994
mild,body_combined_svm,789,2,185,71,0,-0.5048576348613719
mild,body_combined_svm,789,2,199,82,0,-0.3257982868069861
mild,body_combined_svm,789,2,202,46,0,-0.4015270088686891
mild,body_combined_svm,789,2,203,77,1,0.710872067194428
mild,body_combined_svm,789,2,220,88,0,-1.264238414773125
mild,body_combined_svm,789,2,222,52,0,-0.9269542401661854
mild,body_combined_svm,789,2,234,39,0,0.6748201983297935
mild,body_combined_svm,789,2,244,75,1,0.9854865441033036
mild,body_combined_svm,789,2,247,88,0,-0.8002980020673056
mild,body_combined_svm,789,2,255,97,0,0.5007551474042291
mild,body_combined_svm,789,2,266,88,0,-0.9116881933352594
mild,body_combined_svm,789,3,001,87,0,-0.5660170123686447
mild,body_combined_svm,789,3,002,78,0,-0.6285166654299335
mild,body_combined_svm,789,3,008,28,0,0.09764794446311653
mild,body_combined_svm,789,3,010,72,0,-0.39795495792958213
mild,body_combined_svm,789,3,022,34,1,0.15003963798458353
mild,body_combined_svm,789,3,024,89,0,-0.4945472321422393
mild,body_combined_svm,789,3,028,55,0,-0.8801109554343016
mild,body_combined_svm,789,3,038,43,1,-0.3618759105615484
mild,body_combined_svm,789,3,049,87,0,-0.8308676991191467
mild,body_combined_svm,789,3,051,28,0,-0.3058680973138707
mild,body_combined_svm,789,3,053,78,0,0.093075642078982
mild,body_combined_svm,789,3,054,16,1,-0.3168198257635028
mild,body_combined_svm,789,3,062,55,0,-1.2588640370470956
mild,body_combined_svm,789,3,067,34,1,-0.20155661248216894
mild,body_combined_svm,789,3,073,13,1,0.9717878368441715
mild,body_combined_svm,789,3,076,4,1,-0.16763723896253452
mild,body_combined_svm,789,3,079,43,1,-0.058049528657758864
mild,body_combined_svm,789,3,091,96,1,-0.1557885531535582
mild,body_combined_svm,789,3,098,4,1,0.9256929225260282
mild,body_combined_svm,789,3,100,72,1,-0.39395437316252035
mild,body_combined_svm,789,3,113,78,0,0.40328516945590187
mild,body_combined_svm,789,3,117,7,0,-0.9258561570808326
mild,body_combined_svm,789,3,128,96,1,1.17777323605232
mild,body_combined_svm,789,3,131,54,1,0.17994223183796243
mild,body_combined_svm,789,3,135,64,1,1.0734655090819158
mild,body_combined_svm,789,3,139,89,0,-0.25883462324834905
mild,body_combined_svm,789,3,143,28,0,-0.5510173312681886
mild,body_combined_svm,789,3,146,78,0,0.2533678537286548
mild,body_combined_svm,789,3,147,72,0,-0.27887443959539376
mild,body_combined_svm,789,3,148,7,0,-0.9658055231497045
mild,body_combined_svm,789,3,168,4,1,-0.11596200018641292
mild,body_combined_svm,789,3,173,89,0,-0.31730377572561214
mild,body_combined_svm,789,3,177,32,0,0.5061228328647585
mild,body_combined_svm,789,3,179,37,0,0.5693207827712887
mild,body_combined_svm,789,3,191,87,0,-0.8954371905669496
mild,body_combined_svm,789,3,209,64,0,0.217863274148399
mild,body_combined_svm,789,3,211,87,0,-1.2517769454474372
mild,body_combined_svm,789,3,221,72,1,-0.5144268942985621
mild,body_combined_svm,789,3,227,78,0,-0.7439113896385703
mild,body_combined_svm,789,3,228,43,1,0.4360529882928329
mild,body_combined_svm,789,3,230,34,0,-0.31519312749822054
mild,body_combined_svm,789,3,233,37,1,1.0997500325031575
mild,body_combined_svm,789,3,235,89,0,0.2116802402607666
mild,body_combined_svm,789,3,238,54,1,-0.02389292049503766
mild,body_combined_svm,789,3,240,72,0,-0.41641521935161496
mild,body_combined_svm,789,3,259,62,1,0.8768862240898574
mild,body_combined_svm,789,3,260,60,0,-0.6895203177400742
mild,body_combined_svm,789,3,264,31,0,-0.18860194298564825
mild,body_combined_svm,789,4,004,45,1,0.47977860686748536
mild,body_combined_svm,789,4,020,20,1,0.9780688585630279
mild,body_combined_svm,789,4,023,44,0,-0.34669596139695324
mild,body_combined_svm,789,4,027,85,1,-0.08751689859729556
mild,body_combined_svm,789,4,029,35,0,-0.14420364921400927
mild,body_combined_svm,789,4,031,38,1,-0.506477968172532
mild,body_combined_svm,789,4,032,19,0,-0.6304963712682257
mild,body_combined_svm,789,4,060,44,0,0.056720509309888645
mild,body_combined_svm,789,4,065,41,1,0.3182258681355323
mild,body_combined_svm,789,4,075,38,1,-0.8329064994248008
mild,body_combined_svm,789,4,089,20,1,1.4467409658269723
mild,body_combined_svm,789,4,096,17,0,-1.116097513382105
mild,body_combined_svm,789,4,101,36,0,-0.3935156707597228
mild,body_combined_svm,789,4,104,19,0,-0.31008997569814456
mild,body_combined_svm,789,4,107,35,0,-0.45109083102465897
mild,body_combined_svm,789,4,115,41,1,-0.14501206017301074
mild,body_combined_svm,789,4,116,85,0,0.04703217409211685
mild,body_combined_svm,789,4,125,42,0,-1.3281538047812327
mild,body_combined_svm,789,4,132,38,0,-0.42806871366161553
mild,body_combined_svm,789,4,137,19,0,-0.5086965807890051
mild,body_combined_svm,789,4,142,44,0,-0.4561915383041576
mild,body_combined_svm,789,4,144,63,1,0.7498813819333703
mild,body_combined_svm,789,4,145,36,0,-0.6699257598516732
mild,body_combined_svm,789,4,151,85,1,0.023011207566467295
mild,body_combined_svm,789,4,154,45,0,-0.286876883569364
mild,body_combined_svm,789,4,166,19,0,-0.47039273516795743
mild,body_combined_svm,789,4,171,42,0,-1.2202159519807743
mild,body_combined_svm,789,4,176,41,0,-0.3625837789992322
mild,body_combined_svm,789,4,187,17,0,-0.4284757673970359
mild,body_combined_svm,789,4,188,85,0,-0.5832271165834664
mild,body_combined_svm,789,4,190,44,0,-0.22593069091539236
mild,body_combined_svm,789,4,192,38,0,-0.7545770589646335
mild,body_combined_svm,789,4,197,35,0,-0.7118219757000765
mild,body_combined_svm,789,4,205,95,0,-0.8194005666857305
mild,body_combined_svm,789,4,206,42,0,-1.6168916540173657
mild,body_combined_svm,789,4,210,20,1,1.0761094477853321
mild,body_combined_svm,789,4,213,44,1,0.6410434342748648
mild,body_combined_svm,789,4,216,36,1,0.1462827373240968
mild,body_combined_svm,789,4,223,38,0,-0.3838779444677387
mild,body_combined_svm,789,4,226,41,1,-0.5628498827807858
mild,body_combined_svm,789,4,236,44,0,0.6041137849133988
mild,body_combined_svm,789,4,243,85,1,0.32554464809115463
mild,body_combined_svm,789,4,248,36,1,0.31975904882692613
mild,body_combined_svm,789,4,249,17,1,0.24973147459490402
mild,body_combined_svm,789,4,251,38,0,-0.22167319626074491
mild,body_combined_svm,789,4,253,45,1,0.02155991595317952
mild,body_combined_svm,789,4,258,85,1,-0.12140104626650641
mild,body_combined_svm,789,4,269,44,0,0.026000301861878017
mild,body_combined_svm,2024,0,004,45,1,0.7679018111851986
mild,body_combined_svm,2024,0,010,72,0,-0.4497375638519753
mild,body_combined_svm,2024,0,017,8,0,-0.5419814815696955
mild,body_combined_svm,2024,0,024,89,0,-0.2485012978644084
mild,body_combined_svm,2024,0,027,85,1,0.08876666594261484
mild,body_combined_svm,2024,0,035,83,1,0.17846810508084587
mild,body_combined_svm,2024,0,040,8,0,0.07546233237664701
mild,body_combined_svm,2024,0,047,51,0,-0.702845170201602
mild,body_combined_svm,2024,0,050,51,0,0.30617746289795067
mild,body_combined_svm,2024,0,052,8,0,0.3524586705564693
mild,body_combined_svm,2024,0,087,51,0,-0.142546752798415
mild,body_combined_svm,2024,0,092,51,0,0.11081715349436627
mild,body_combined_svm,2024,0,100,72,1,-0.3740582574227297
mild,body_combined_svm,2024,0,103,6,0,-0.3910148965722992
mild,body_combined_svm,2024,0,108,61,0,-0.9282090187049283
mild,body_combined_svm,2024,0,116,85,0,0.34032301086119143
mild,body_combined_svm,2024,0,117,7,0,-0.9623762137260043
mild,body_combined_svm,2024,0,121,74,1,0.26147748074145893
mild,body_combined_svm,2024,0,133,51,0,0.34474373517499746
mild,body_combined_svm,2024,0,139,89,0,-0.062143465876681514
mild,body_combined_svm,2024,0,144,63,1,1.0161938717362062
mild,body_combined_svm,2024,0,147,72,0,-0.2297315241410921
mild,body_combined_svm,2024,0,148,7,0,-0.9293580617092693
mild,body_combined_svm,2024,0,151,85,1,0.24544662797386307
mild,body_combined_svm,2024,0,153,83,1,0.21188810903919875
mild,body_combined_svm,2024,0,154,45,0,-0.23201906287928167
mild,body_combined_svm,2024,0,158,74,1,0.9070674785924479
mild,body_combined_svm,2024,0,160,51,0,0.16325561309991055
mild,body_combined_svm,2024,0,165,30,0,-0.7581051613415846
mild,body_combined_svm,2024,0,173,89,0,-0.3850668175857921
mild,body_combined_svm,2024,0,175,74,1,1.2939677291661016
mild,body_combined_svm,2024,0,180,73,1,0.5654105289067602
mild,body_combined_svm,2024,0,181,6,0,-1.536372165888901
mild,body_combined_svm,2024,0,186,51,0,-0.6825635401937116
mild,body_combined_svm,2024,0,188,85,0,-0.5698560071557306
mild,body_combined_svm,2024,0,193,56,1,0.8305572137252487
mild,body_combined_svm,2024,0,205,95,0,-0.8020318693629606
mild,body_combined_svm,2024,0,219,73,1,1.3029824433524904
mild,body_combined_svm,2024,0,221,72,1,-0.16081526340258295
mild,body_combined_svm,2024,0,229,51,0,-0.4962646856431397
mild,body_combined_svm,2024,0,235,89,0,0.43309239809912836
mild,body_combined_svm,2024,0,240,72,0,-0.039209568080754154
mild,body_combined_svm,2024,0,243,85,1,0.5334877669408095
mild,body_combined_svm,2024,0,253,45,1,-0.045874556412255185
mild,body_combined_svm,2024,0,257,83,1,0.9245770256501368
mild,body_combined_svm,2024,0,258,85,1,0.09556458521825945
mild,body_combined_svm,2024,0,262,14,0,-0.03670901729943432
mild,body_combined_svm,2024,1,016,84,1,0.6079444525483774
mild,body_combined_svm,2024,1,026,86,1,1.2861349091987488
mild,body_combined_svm,2024,1,031,38,1,-0.5677316863538382
mild,body_combined_svm,2024,1,032,19,0,-0.7633617125048573
mild,body_combined_svm,2024,1,041,26,1,-0.41323387260279215
mild,body_combined_svm,2024,1,048,67,0,-0.5979414806120513
mild,body_combined_svm,2024,1,055,15,1,-1.3960387588426184
mild,body_combined_svm,2024,1,065,41,1,0.10997405530482984
mild,body_combined_svm,2024,1,075,38,1,-0.9524806034951318
mild,body_combined_svm,2024,1,077,86,1,1.3789616802305176
mild,body_combined_svm,2024,1,078,93,0,-1.1149270117653414
mild,body_combined_svm,2024,1,085,18,0,-1.0672904439511641
mild,body_combined_svm,2024,1,086,18,0,-0.5603810626063727
mild,body_combined_svm,2024,1,094,93,1,-0.6486968568626635
mild,body_combined_svm,2024,1,095,86,1,0.47184732313646816
mild,body_combined_svm,2024,1,104,19,0,-0.7517293518672884
mild,body_combined_svm,2024,1,106,48,1,-0.4614478027146114
mild,body_combined_svm,2024,1,115,41,1,-0.28045157572123336
mild,body_combined_svm,2024,1,120,52,0,-0.6561187804747051
mild,body_combined_svm,2024,1,132,38,0,-0.4633945823900817
mild,body_combined_svm,2024,1,137,19,0,-0.9464093814523862
mild,body_combined_svm,2024,1,140,84,1,-0.7387296866958248
mild,body_combined_svm,2024,1,152,58,1,0.5487264483673558
mild,body_combined_svm,2024,1,155,68,1,0.8283639527323158
mild,body_combined_svm,2024,1,159,52,0,-0.7874241571495926
mild,body_combined_svm,2024,1,163,48,0,0.6439709429575224
mild,body_combined_svm,2024,1,164,53,0,-0.8060120542705316
mild,body_combined_svm,2024,1,166,19,0,-0.4750859762851446
mild,body_combined_svm,2024,1,170,53,0,-0.7574804389294852
mild,body_combined_svm,2024,1,172,18,0,-1.0926376612983046
mild,body_combined_svm,2024,1,176,41,0,-0.7840094891144185
mild,body_combined_svm,2024,1,184,68,0,0.12005989840459375
mild,body_combined_svm,2024,1,192,38,0,-0.8163699100056245
mild,body_combined_svm,2024,1,196,67,0,-0.5540810950334379
mild,body_combined_svm,2024,1,198,93,0,-0.8998559510937628
mild,body_combined_svm,2024,1,201,66,1,-0.7729487122431821
mild,body_combined_svm,2024,1,222,52,0,-0.9887494522292853
mild,body_combined_svm,2024,1,223,38,0,-0.35899602165943306
mild,body_combined_svm,2024,1,225,67,0,-0.49426364851079896
mild,body_combined_svm,2024,1,226,41,1,-0.7627678016606223
mild,body_combined_svm,2024,1,237,18,0,-0.8385275117155327
mild,body_combined_svm,2024,1,251,38,0,-0.10882625795971265
mild,body_combined_svm,2024,1,252,18,0,-0.6288115336783939
mild,body_combined_svm,2024,1,254,86,1,0.9610833610147543
mild,body_combined_svm,2024,1,256,10,1,0.6986716219176045
mild,body_combined_svm,2024,1,260,60,0,-0.4994113028708187
mild,body_combined_svm,2024,1,265,18,0,-0.6888790037746264
mild,body_combined_svm,2024,2,005,65,0,-0.5966773546321149
mild,body_combined_svm,2024,2,006,49,1,0.672333725864797
mild,body_combined_svm,2024,2,007,90,1,0.1385232818175019
mild,body_combined_svm,2024,2,015,75,1,-0.9224150124702777
mild,body_combined_svm,2024,2,023,44,0,-0.46586651654196526
mild,body_combined_svm,2024,2,029,35,0,-0.17952410856168158
mild,body_combined_svm,2024,2,034,91,1,0.8860601303534827
mild,body_combined_svm,2024,2,037,90,0,-0.7177427913128935
mild,body_combined_svm,2024,2,039,40,0,-1.1177316474757784
mild,body_combined_svm,2024,2,045,49,1,-0.1914863535341751
mild,body_combined_svm,2024,2,057,69,1,1.3957607208012937
mild,body_combined_svm,2024,2,058,50,0,0.03917905292272578
mild,body_combined_svm,2024,2,060,44,0,0.09047265932893106
mild,body_combined_svm,2024,2,066,90,1,-0.05149984186119172
mild,body_combined_svm,2024,2,070,75,1,0.00897382057519569
mild,body_combined_svm,2024,2,081,40,0,-0.4357094294604981
mild,body_combined_svm,2024,2,090,69,0,0.7322325252053066
mild,body_combined_svm,2024,2,102,76,1,0.3250491578125217
mild,body_combined_svm,2024,2,107,35,0,-0.47802155816780634
mild,body_combined_svm,2024,2,118,91,1,0.9311611750462898
mild,body_combined_svm,2024,2,119,40,0,-1.0281261905930072
mild,body_combined_svm,2024,2,127,75,1,0.6147718048796098
mild,body_combined_svm,2024,2,129,69,1,1.3496670450583892
mild,body_combined_svm,2024,2,134,69,1,0.67721951502644
mild,body_combined_svm,2024,2,138,75,1,0.4072797480108112
mild,body_combined_svm,2024,2,142,44,0,-0.3185680254493392
mild,body_combined_svm,2024,2,149,40,0,0.11221579040009866
mild,body_combined_svm,2024,2,150,29,0,0.40631202861260357
mild,body_combined_svm,2024,2,156,5,0,-0.37424111086751466
mild,body_combined_svm,2024,2,178,76,1,1.0470511220996181
mild,body_combined_svm,2024,2,179,37,0,0.4231153357901169
mild,body_combined_svm,2024,2,190,44,0,-0.17364251851741216
mild,body_combined_svm,2024,2,194,5,0,-0.40339910702639065
mild,body_combined_svm,2024,2,197,35,0,-0.689882697155004
mild,body_combined_svm,2024,2,202,46,0,-0.5530618067902364
mild,body_combined_svm,2024,2,204,27,0,-0.9283756746912935
mild,body_combined_svm,2024,2,213,44,1,0.822540456862888
mild,body_combined_svm,2024,2,215,50,0,-1.49273145967694
mild,body_combined_svm,2024,2,231,11,0,-0.4798342339349949
mild,body_combined_svm,2024,2,233,37,1,1.053918573739816
mild,body_combined_svm,2024,2,236,44,0,0.6322293046214411
mild,body_combined_svm,2024,2,241,29,0,-0.08351565552479323
mild,body_combined_svm,2024,2,244,75,1,1.007786021501847
mild,body_combined_svm,2024,2,246,50,0,-0.5394106752046277
mild,body_combined_svm,2024,2,267,98,1,-0.5988825771596374
mild,body_combined_svm,2024,2,269,44,0,-0.16767252675639815
mild,body_combined_svm,2024,2,270,49,0,0.05889650625389581
mild,body_combined_svm,2024,3,002,78,0,-0.5860921230982721
mild,body_combined_svm,2024,3,008,28,0,0.07120497544177762
mild,body_combined_svm,2024,3,013,92,0,-0.5179322628361063
mild,body_combined_svm,2024,3,014,39,1,-0.42396932602117854
mild,body_combined_svm,2024,3,019,82,0,-0.6282091259938275
mild,body_combined_svm,2024,3,038,43,1,-0.49878792793779747
mild,body_combined_svm,2024,3,042,23,0,0.012706119838749752
mild,body_combined_svm,2024,3,051,28,0,-0.3271702595678867
mild,body_combined_svm,2024,3,053,78,0,0.19976106731381982
mild,body_combined_svm,2024,3,054,16,1,-0.40579619780163934
mild,body_combined_svm,2024,3,068,22,1,0.18143150949260012
mild,body_combined_svm,2024,3,071,23,1,1.6206714004623661
mild,body_combined_svm,2024,3,073,13,1,0.8255133933026696
mild,body_combined_svm,2024,3,079,43,1,0.023696693449155093
mild,body_combined_svm,2024,3,088,82,0,-0.5783131882051611
mild,body_combined_svm,2024,3,091,96,1,-0.20723416022480673
mild,body_combined_svm,2024,3,096,17,0,-0.9817214644891351
mild,body_combined_svm,2024,3,097,2,1,0.7712300775547155
mild,body_combined_svm,2024,3,110,22,1,0.48424714362394927
mild,body_combined_svm,2024,3,112,94,0,-0.9477924058562167
mild,body_combined_svm,2024,3,113,78,0,0.39111263338201196
mild,body_combined_svm,2024,3,114,92,1,0.7962403068740992
mild,body_combined_svm,2024,3,125,42,0,-1.4476070333273876
mild,body_combined_svm,2024,3,126,82,0,-1.2266737737825828
mild,body_combined_svm,2024,3,128,96,1,1.029592245558856
mild,body_combined_svm,2024,3,131,54,1,0.3932949085433515
mild,body_combined_svm,2024,3,136,39,0,1.2573833535610066
mild,body_combined_svm,2024,3,143,28,0,-0.6162526256630276
mild,body_combined_svm,2024,3,146,78,0,0.2813148127294195
mild,body_combined_svm,2024,3,162,23,0,0.3496786256672644
mild,body_combined_svm,2024,3,167,22,1,0.3530041628860644
mild,body_combined_svm,2024,3,169,39,1,0.6823171054364919
mild,body_combined_svm,2024,3,171,42,0,-1.2149197317961729
mild,body_combined_svm,2024,3,177,32,0,0.3401859738656803
mild,body_combined_svm,2024,3,187,17,0,-0.4189777440393536
mild,body_combined_svm,2024,3,189,22,1,-0.6107436632520588
mild,body_combined_svm,2024,3,195,94,0,-1.0329652018736926
mild,body_combined_svm,2024,3,199,82,0,-0.3516577982854062
mild,body_combined_svm,2024,3,200,21,0,-0.8749379221422774
mild,body_combined_svm,2024,3,206,42,0,-1.379286465363534
mild,body_combined_svm,2024,3,214,92,0,-0.4037896933399229
mild,body_combined_svm,2024,3,227,78,0,-0.5983834682468406
mild,body_combined_svm,2024,3,228,43,1,0.16634357502115438
mild,body_combined_svm,2024,3,234,39,0,0.6095394850752026
mild,body_combined_svm,2024,3,238,54,1,0.09777322964836371
mild,body_combined_svm,2024,3,249,17,1,0.3176861880679944
mild,body_combined_svm,2024,3,264,31,0,-0.238962819201805
mild,body_combined_svm,2024,3,268,21,0,-0.5309731300444126
mild,body_combined_svm,2024,3,272,33,1,-0.036225292651683616
mild,body_combined_svm,2024,4,001,87,0,-0.8424309291945393
mild,body_combined_svm,2024,4,003,1,0,-0.8070428341170341
mild,body_combined_svm,2024,4,020,20,1,0.7159979381793435
mild,body_combined_svm,2024,4,021,70,0,0.1366316453825443
mild,body_combined_svm,2024,4,022,34,1,-0.07889812141949662
mild,body_combined_svm,2024,4,028,55,0,-0.8418268700572913
mild,body_combined_svm,2024,4,030,57,1,-1.1755128292865862
mild,body_combined_svm,2024,4,036,77,0,-0.2501681244657415
mild,body_combined_svm,2024,4,046,70,1,0.53957244582131
mild,body_combined_svm,2024,4,049,87,0,-1.030567032332346
mild,body_combined_svm,2024,4,061,24,1,1.0497818432216575
mild,body_combined_svm,2024,4,062,55,0,-1.272627819579876
mild,body_combined_svm,2024,4,064,88,0,-1.2223660420784623
mild,body_combined_svm,2024,4,067,34,1,-0.2822899287818581
mild,body_combined_svm,2024,4,069,1,0,-0.8449136657966247
mild,body_combined_svm,2024,4,072,70,1,-0.0556515404525664
mild,body_combined_svm,2024,4,076,4,1,-0.07237593897844297
mild,body_combined_svm,2024,4,080,25,0,-0.24560636657602652
mild,body_combined_svm,2024,4,083,79,0,-0.5977530837274128
mild,body_combined_svm,2024,4,089,20,1,1.267133707431444
mild,body_combined_svm,2024,4,098,4,1,0.6472621785734811
mild,body_combined_svm,2024,4,101,36,0,-0.4628086759876048
mild,body_combined_svm,2024,4,111,77,0,-0.06159682179348447
mild,body_combined_svm,2024,4,122,71,0,-0.8749667808905572
mild,body_combined_svm,2024,4,130,88,0,-1.3651913229686372
mild,body_combined_svm,2024,4,135,64,1,1.1766936990250305
mild,body_combined_svm,2024,4,145,36,0,-0.8287442222550356
mild,body_combined_svm,2024,4,157,77,0,-0.4233913193341355
mild,body_combined_svm,2024,4,161,79,1,0.08886688135544141
mild,body_combined_svm,2024,4,168,4,1,0.18881216590502686
mild,body_combined_svm,2024,4,174,1,0,-1.329713556635189
mild,body_combined_svm,2024,4,182,79,1,0.12965206808979574
mild,body_combined_svm,2024,4,185,71,0,-0.7743902366762581
mild,body_combined_svm,2024,4,191,87,0,-1.1684380420386022
mild,body_combined_svm,2024,4,203,77,1,0.6586044317215434
mild,body_combined_svm,2024,4,208,79,1,0.6425096948017484
mild,body_combined_svm,2024,4,209,64,0,0.27310180945124657
mild,body_combined_svm,2024,4,210,20,1,1.0405024207747648
mild,body_combined_svm,2024,4,211,87,0,-1.3411038032684577
mild,body_combined_svm,2024,4,212,12,0,-0.5697169779336797
mild,body_combined_svm,2024,4,216,36,1,-0.07281553585322995
mild,body_combined_svm,2024,4,220,88,0,-1.2682303680501064
mild,body_combined_svm,2024,4,230,34,0,-0.23850421501328867
mild,body_combined_svm,2024,4,239,1,0,-0.5820861167737701
mild,body_combined_svm,2024,4,247,88,0,-0.9565788047822414
mild,body_combined_svm,2024,4,248,36,1,0.34636527068983664
mild,body_combined_svm,2024,4,255,97,0,0.5488950185793382
mild,body_combined_svm,2024,4,259,62,1,0.49407966170453693
mild,body_combined_svm,2024,4,266,88,0,-0.9618851131132304
mild,image_combined_svm,42,0,004,45,1,0.3677727322697205
mild,image_combined_svm,42,0,005,65,0,-0.047097179780587584
mild,image_combined_svm,42,0,013,92,0,-1.1180974100162095
mild,image_combined_svm,42,0,017,8,0,-0.9530548065684302
mild,image_combined_svm,42,0,019,82,0,-0.6718708035180017
mild,image_combined_svm,42,0,020,20,1,0.9397056040644282
mild,image_combined_svm,42,0,022,34,1,-0.2212443283627006
mild,image_combined_svm,42,0,035,83,1,-0.49937124658013565
mild,image_combined_svm,42,0,040,8,0,-0.5979254330098742
mild,image_combined_svm,42,0,047,51,0,0.46530175895009607
mild,image_combined_svm,42,0,050,51,0,-0.264757333369608
mild,image_combined_svm,42,0,052,8,0,-0.0596935647372534
mild,image_combined_svm,42,0,061,24,1,0.7351062795296396
mild,image_combined_svm,42,0,067,34,1,-0.2191395049078772
mild,image_combined_svm,42,0,087,51,0,0.7993467288812518
mild,image_combined_svm,42,0,088,82,0,0.737472496664013
mild,image_combined_svm,42,0,089,20,1,1.5492617207601298
mild,image_combined_svm,42,0,091,96,1,-1.044807468674417
mild,image_combined_svm,42,0,092,51,0,0.7611748756442017
mild,image_combined_svm,42,0,101,36,0,-0.6750271856856539
mild,image_combined_svm,42,0,102,76,1,0.5149961081959831
mild,image_combined_svm,42,0,103,6,0,-0.26834503933592213
mild,image_combined_svm,42,0,114,92,1,0.3456123033918004
mild,image_combined_svm,42,0,126,82,0,-0.6170972753793798
mild,image_combined_svm,42,0,128,96,1,0.35859758647648043
mild,image_combined_svm,42,0,133,51,0,0.733170919070654
mild,image_combined_svm,42,0,145,36,0,-0.476653901961101
mild,image_combined_svm,42,0,153,83,1,-0.658449946273417
mild,image_combined_svm,42,0,154,45,0,-0.45906494245558543
mild,image_combined_svm,42,0,160,51,0,0.7010631799925745
mild,image_combined_svm,42,0,164,53,0,0.2908763472660565
mild,image_combined_svm,42,0,170,53,0,-0.43492210945796517
mild,image_combined_svm,42,0,177,32,0,1.1027754346540086
mild,image_combined_svm,42,0,178,76,1,1.140193290001298
mild,image_combined_svm,42,0,181,6,0,-0.37595705049044315
mild,image_combined_svm,42,0,186,51,0,0.07155232688653346
mild,image_combined_svm,42,0,199,82,0,-0.8447854716569181
mild,image_combined_svm,42,0,200,21,0,-0.5212402203416853
mild,image_combined_svm,42,0,204,27,0,-1.0903419813037338
mild,image_combined_svm,42,0,210,20,1,0.8874758475572327
mild,image_combined_svm,42,0,214,92,0,-0.6596117736514351
mild,image_combined_svm,42,0,216,36,1,0.1816636954201874
mild,image_combined_svm,42,0,229,51,0,0.42791537737968566
mild,image_combined_svm,42,0,230,34,0,0.36221100078454194
mild,image_combined_svm,42,0,248,36,1,0.5077916824496923
mild,image_combined_svm,42,0,253,45,1,-0.36380497336422307
mild,image_combined_svm,42,0,255,97,0,0.8947983187814698
mild,image_combined_svm,42,0,257,83,1,0.8879161368295062
mild,image_combined_svm,42,0,259,62,1,0.7781662679705504
mild,image_combined_svm,42,0,268,21,0,-0.11386732477201134
mild,image_combined_svm,42,1,016,84,1,-0.10628229909346948
mild,image_combined_svm,42,1,030,57,1,-0.517583310540335
mild,image_combined_svm,42,1,039,40,0,-0.1834829774755014
mild,image_combined_svm,42,1,042,23,0,-0.2881403912707853
mild,image_combined_svm,42,1,068,22,1,-0.3263570791088107
mild,image_combined_svm,42,1,071,23,1,1.1189728818607958
mild,image_combined_svm,42,1,073,13,1,0.05749958261641025
mild,image_combined_svm,42,1,076,4,1,-0.1305668593633215
mild,image_combined_svm,42,1,081,40,0,-0.32472104781689015
mild,image_combined_svm,42,1,083,79,0,-0.3698771308278741
mild,image_combined_svm,42,1,085,18,0,-0.5133082273628353
mild,image_combined_svm,42,1,086,18,0,-0.3008705799503508
mild,image_combined_svm,42,1,096,17,0,-0.23638258050465583
mild,image_combined_svm,42,1,098,4,1,0.720096398327233
mild,image_combined_svm,42,1,110,22,1,0.5213911814748725
mild,image_combined_svm,42,1,112,94,0,-0.27385365522683675
mild,image_combined_svm,42,1,119,40,0,-0.6789482907187282
mild,image_combined_svm,42,1,120,52,0,-0.3941135028065493
mild,image_combined_svm,42,1,122,71,0,-0.8007308147742542
mild,image_combined_svm,42,1,135,64,1,0.3987903720574524
mild,image_combined_svm,42,1,140,84,1,-0.6983097870280508
mild,image_combined_svm,42,1,149,40,0,-0.40458230981819127
mild,image_combined_svm,42,1,152,58,1,1.4089499147793916
mild,image_combined_svm,42,1,156,5,0,-0.1164710378120353
mild,image_combined_svm,42,1,159,52,0,-0.5740447900629695
mild,image_combined_svm,42,1,161,79,1,0.647703138932854
mild,image_combined_svm,42,1,162,23,0,-0.45572666605389023
mild,image_combined_svm,42,1,165,30,0,-0.8377783174025178
mild,image_combined_svm,42,1,167,22,1,0.19402920325829376
mild,image_combined_svm,42,1,168,4,1,0.05401119890004957
mild,image_combined_svm,42,1,172,18,0,-0.8883616730511021
mild,image_combined_svm,42,1,182,79,1,-0.1338573641238156
mild,image_combined_svm,42,1,185,71,0,-0.7762799947528161
mild,image_combined_svm,42,1,187,17,0,-0.2127209771031235
mild,image_combined_svm,42,1,189,22,1,-0.43420731098827114
mild,image_combined_svm,42,1,194,5,0,-0.42562813652913
mild,image_combined_svm,42,1,195,94,0,-1.3939408036497418
mild,image_combined_svm,42,1,201,66,1,-0.7494620546687643
mild,image_combined_svm,42,1,208,79,1,0.8204266646847964
mild,image_combined_svm,42,1,209,64,0,-0.22225764894043312
mild,image_combined_svm,42,1,212,12,0,-0.4905037601803408
mild,image_combined_svm,42,1,222,52,0,-0.6337604529106436
mild,image_combined_svm,42,1,231,11,0,-0.12932293167472408
mild,image_combined_svm,42,1,237,18,0,-0.3237192904005839
mild,image_combined_svm,42,1,249,17,1,0.1546585189241294
mild,image_combined_svm,42,1,252,18,0,-0.5573846124880757
mild,image_combined_svm,42,1,265,18,0,-1.257240385542183
mild,image_combined_svm,42,2,002,78,0,0.4501815569820499
mild,image_combined_svm,42,2,003,1,0,-0.5958819700753146
mild,image_combined_svm,42,2,014,39,1,-0.3201289104985429
mild,image_combined_svm,42,2,021,70,0,0.4999963142194129
mild,image_combined_svm,42,2,026,86,1,1.1994194573069552
mild,image_combined_svm,42,2,028,55,0,-0.08812046203007923
mild,image_combined_svm,42,2,041,26,1,-0.6091090884273214
mild,image_combined_svm,42,2,046,70,1,0.5403821163993634
mild,image_combined_svm,42,2,053,78,0,0.6571923408553493
mild,image_combined_svm,42,2,057,69,1,1.1908448166186725
mild,image_combined_svm,42,2,058,50,0,-0.49554378940296656
mild,image_combined_svm,42,2,062,55,0,0.037742240564768326
mild,image_combined_svm,42,2,065,41,1,-0.3107047661785227
mild,image_combined_svm,42,2,069,1,0,-0.7412259377901145
mild,image_combined_svm,42,2,072,70,1,0.7064603395742406
mild,image_combined_svm,42,2,077,86,1,0.17095931067440145
mild,image_combined_svm,42,2,080,25,0,0.453817833894633
mild,image_combined_svm,42,2,090,69,0,0.4980584789439883
mild,image_combined_svm,42,2,095,86,1,0.22571592306579952
mild,image_combined_svm,42,2,097,2,1,0.20266487656107995
mild,image_combined_svm,42,2,113,78,0,0.5635987745840243
mild,image_combined_svm,42,2,115,41,1,0.31429224739552014
mild,image_combined_svm,42,2,125,42,0,-0.4731144476064834
mild,image_combined_svm,42,2,129,69,1,1.4293126929076336
mild,image_combined_svm,42,2,134,69,1,-0.06457733095687773
mild,image_combined_svm,42,2,136,39,0,1.9878590173364126
mild,image_combined_svm,42,2,146,78,0,0.4074340701038422
mild,image_combined_svm,42,2,150,29,0,0.17133396547176988
mild,image_combined_svm,42,2,169,39,1,0.043220881588413695
mild,image_combined_svm,42,2,171,42,0,-0.6902561573327537
mild,image_combined_svm,42,2,174,1,0,-0.5185933901496022
mild,image_combined_svm,42,2,176,41,0,-1.060805685125799
mild,image_combined_svm,42,2,180,73,1,-0.32043889744784065
mild,image_combined_svm,42,2,205,95,0,-0.3230669979200278
mild,image_combined_svm,42,2,206,42,0,-0.3710050376001605
mild,image_combined_svm,42,2,215,50,0,-0.8384854174326559
mild,image_combined_svm,42,2,219,73,1,0.6108660456442161
mild,image_combined_svm,42,2,226,41,1,-0.21615480752178134
mild,image_combined_svm,42,2,227,78,0,-0.41824120004588433
mild,image_combined_svm,42,2,234,39,0,0.7850823343986786
mild,image_combined_svm,42,2,239,1,0,-0.40894058721391463
mild,image_combined_svm,42,2,241,29,0,-0.9721256359019375
mild,image_combined_svm,42,2,246,50,0,-0.5643134638068861
mild,image_combined_svm,42,2,254,86,1,0.718956197197341
mild,image_combined_svm,42,2,260,60,0,-0.8834426233607613
mild,image_combined_svm,42,2,262,14,0,0.40964397806464864
mild,image_combined_svm,42,2,267,98,1,-0.49689857359355444
mild,image_combined_svm,42,2,272,33,1,-0.13076153298083187
mild,image_combined_svm,42,3,001,87,0,0.013373078492856877
mild,image_combined_svm,42,3,008,28,0,-0.21468551974383257
mild,image_combined_svm,42,3,010,72,0,-0.6488321338598015
mild,image_combined_svm,42,3,015,75,1,-1.1036370989811457
mild,image_combined_svm,42,3,023,44,0,-0.261671243768562
mild,image_combined_svm,42,3,027,85,1,0.26606056430088654
mild,image_combined_svm,42,3,029,35,0,-0.023693470731863647
mild,image_combined_svm,42,3,034,91,1,0.5686435458674309
mild,image_combined_svm,42,3,049,87,0,-0.02099777115183174
mild,image_combined_svm,42,3,051,28,0,-0.15059253896697616
mild,image_combined_svm,42,3,060,44,0,0.07894772046505111
mild,image_combined_svm,42,3,070,75,1,-0.3451525530768983
mild,image_combined_svm,42,3,078,93,0,-0.31287512920942245
mild,image_combined_svm,42,3,094,93,1,-0.28384414813574615
mild,image_combined_svm,42,3,100,72,1,-0.222761292561272
mild,image_combined_svm,42,3,106,48,1,-0.004446804104897312
mild,image_combined_svm,42,3,107,35,0,-1.0047046428667303
mild,image_combined_svm,42,3,116,85,0,0.30797365941044186
mild,image_combined_svm,42,3,117,7,0,-0.48047543443798313
mild,image_combined_svm,42,3,118,91,1,0.38158727810641
mild,image_combined_svm,42,3,127,75,1,0.6616048213274998
mild,image_combined_svm,42,3,138,75,1,0.0911605588177854
mild,image_combined_svm,42,3,142,44,0,-0.34625051005490554
mild,image_combined_svm,42,3,143,28,0,0.23260945859823637
mild,image_combined_svm,42,3,147,72,0,-0.2214161488097794
mild,image_combined_svm,42,3,148,7,0,-0.4404310967833309
mild,image_combined_svm,42,3,151,85,1,0.524260594599584
mild,image_combined_svm,42,3,163,48,0,0.312341956308841
mild,image_combined_svm,42,3,179,37,0,0.5351935570046251
mild,image_combined_svm,42,3,188,85,0,-0.7813440560028801
mild,image_combined_svm,42,3,190,44,0,-0.100719094885417
mild,image_combined_svm,42,3,191,87,0,-1.1409489850969232
mild,image_combined_svm,42,3,193,56,1,0.7071736346470456
mild,image_combined_svm,42,3,197,35,0,-0.39361293748610304
mild,image_combined_svm,42,3,198,93,0,-0.7551100715555487
mild,image_combined_svm,42,3,202,46,0,-0.4936498971585529
mild,image_combined_svm,42,3,211,87,0,-0.6120245393530078
mild,image_combined_svm,42,3,213,44,1,0.751824052037376
mild,image_combined_svm,42,3,221,72,1,0.1277850045491237
mild,image_combined_svm,42,3,233,37,1,0.14693854933902398
mild,image_combined_svm,42,3,236,44,0,0.6534359956508438
mild,image_combined_svm,42,3,240,72,0,0.36908411331842417
mild,image_combined_svm,42,3,243,85,1,1.330349634376922
mild,image_combined_svm,42,3,244,75,1,0.7850614259866551
mild,image_combined_svm,42,3,256,10,1,0.3735875990318731
mild,image_combined_svm,42,3,258,85,1,0.1783556646947593
mild,image_combined_svm,42,3,264,31,0,-0.15405189177789003
mild,image_combined_svm,42,3,269,44,0,-0.9577893321745174
mild,image_combined_svm,42,4,006,49,1,0.8682963984362144
mild,image_combined_svm,42,4,007,90,1,0.029818032743207157
mild,image_combined_svm,42,4,024,89,0,-0.28991236321207065
mild,image_combined_svm,42,4,031,38,1,-0.5448523156825722
mild,image_combined_svm,42,4,032,19,0,-0.5247495320169862
mild,image_combined_svm,42,4,036,77,0,-0.75881309647546
mild,image_combined_svm,42,4,037,90,0,-0.5307515480034499
mild,image_combined_svm,42,4,038,43,1,-0.4021728015861146
mild,image_combined_svm,42,4,045,49,1,-0.5596459676972715
mild,image_combined_svm,42,4,048,67,0,-0.250877835114428
mild,image_combined_svm,42,4,054,16,1,0.1885413756248593
mild,image_combined_svm,42,4,055,15,1,-0.10299560037793781
mild,image_combined_svm,42,4,064,88,0,-0.8575621610133431
mild,image_combined_svm,42,4,066,90,1,-0.5605822071907511
mild,image_combined_svm,42,4,075,38,1,-0.720593997382219
mild,image_combined_svm,42,4,079,43,1,-0.6208293514549137
mild,image_combined_svm,42,4,104,19,0,-0.42530277541977823
mild,image_combined_svm,42,4,108,61,0,-0.5430645608395823
mild,image_combined_svm,42,4,111,77,0,-0.4294901915513665
mild,image_combined_svm,42,4,121,74,1,-0.07935195179530075
mild,image_combined_svm,42,4,130,88,0,-0.67466063572958
mild,image_combined_svm,42,4,131,54,1,-0.06962586958388006
mild,image_combined_svm,42,4,132,38,0,-0.671003490543999
mild,image_combined_svm,42,4,137,19,0,-0.40271068517452313
mild,image_combined_svm,42,4,139,89,0,-0.22348381919856725
mild,image_combined_svm,42,4,144,63,1,0.2104454510058399
mild,image_combined_svm,42,4,155,68,1,0.2205037856577543
mild,image_combined_svm,42,4,157,77,0,-0.7682626191499027
mild,image_combined_svm,42,4,158,74,1,0.5047501026323278
mild,image_combined_svm,42,4,166,19,0,-0.4303410795419363
mild,image_combined_svm,42,4,173,89,0,-0.5590766156695971
mild,image_combined_svm,42,4,175,74,1,0.5395201209451956
mild,image_combined_svm,42,4,184,68,0,0.505622146796741
mild,image_combined_svm,42,4,192,38,0,-0.42605087041483225
mild,image_combined_svm,42,4,196,67,0,-0.5698469666877162
mild,image_combined_svm,42,4,203,77,1,0.13135324753011202
mild,image_combined_svm,42,4,220,88,0,-0.8413563919268141
mild,image_combined_svm,42,4,223,38,0,-0.38356586642635243
mild,image_combined_svm,42,4,225,67,0,-0.5790607174692985
mild,image_combined_svm,42,4,228,43,1,0.17841064832981413
mild,image_combined_svm,42,4,235,89,0,-0.293572686279358
mild,image_combined_svm,42,4,238,54,1,0.678459168742942
mild,image_combined_svm,42,4,247,88,0,-0.634036852491652
mild,image_combined_svm,42,4,251,38,0,0.11910104578592151
mild,image_combined_svm,42,4,266,88,0,-0.7137692574406529
mild,image_combined_svm,42,4,270,49,0,0.016948299040837722
mild,image_combined_svm,123,0,013,92,0,-0.6168703409879622
mild,image_combined_svm,123,0,017,8,0,-0.7029133329855757
mild,image_combined_svm,123,0,020,20,1,0.9998804778854611
mild,image_combined_svm,123,0,021,70,0,0.6012315796217793
mild,image_combined_svm,123,0,030,57,1,-0.8762899636156251
mild,image_combined_svm,123,0,032,19,0,-0.528110871021045
mild,image_combined_svm,123,0,040,8,0,-0.4610508136859338
mild,image_combined_svm,123,0,046,70,1,0.9612703141030541
mild,image_combined_svm,123,0,047,51,0,0.19486176938279975
mild,image_combined_svm,123,0,050,51,0,-0.43662765385090363
mild,image_combined_svm,123,0,052,8,0,0.19755817708138346
mild,image_combined_svm,123,0,055,15,1,-0.4992020638628974
mild,image_combined_svm,123,0,072,70,1,0.7197868410582031
mild,image_combined_svm,123,0,073,13,1,-0.193823848682588
mild,image_combined_svm,123,0,087,51,0,0.6975216286703447
mild,image_combined_svm,123,0,089,20,1,1.570815158023203
mild,image_combined_svm,123,0,092,51,0,0.6014610734098067
mild,image_combined_svm,123,0,102,76,1,0.23367623560543083
mild,image_combined_svm,123,0,104,19,0,-0.5257920723857613
mild,image_combined_svm,123,0,106,48,1,-0.17422182870821917
mild,image_combined_svm,123,0,112,94,0,-0.20622439354994182
mild,image_combined_svm,123,0,114,92,1,0.23407418486559273
mild,image_combined_svm,123,0,121,74,1,-0.004435793717859848
mild,image_combined_svm,123,0,122,71,0,-0.6312134732502723
mild,image_combined_svm,123,0,133,51,0,0.851502949510613
mild,image_combined_svm,123,0,135,64,1,0.13398043718901054
mild,image_combined_svm,123,0,137,19,0,-0.412334420956315
mild,image_combined_svm,123,0,156,5,0,-0.5388111553679072
mild,image_combined_svm,123,0,158,74,1,0.9441756745712109
mild,image_combined_svm,123,0,160,51,0,0.6623965386384492
mild,image_combined_svm,123,0,163,48,0,0.5918848577798559
mild,image_combined_svm,123,0,165,30,0,-0.8369378454360457
mild,image_combined_svm,123,0,166,19,0,-0.6462636478769744
mild,image_combined_svm,123,0,175,74,1,1.170627278692287
mild,image_combined_svm,123,0,178,76,1,1.1703503292164463
mild,image_combined_svm,123,0,179,37,0,0.7898579447690368
mild,image_combined_svm,123,0,180,73,1,0.21525390397936472
mild,image_combined_svm,123,0,185,71,0,-0.5798891824484115
mild,image_combined_svm,123,0,186,51,0,0.027249458725660702
mild,image_combined_svm,123,0,194,5,0,-0.6279328903567356
mild,image_combined_svm,123,0,195,94,0,-1.2085125728221418
mild,image_combined_svm,123,0,209,64,0,-0.24714504055786754
mild,image_combined_svm,123,0,210,20,1,1.1022984867656453
mild,image_combined_svm,123,0,214,92,0,-0.4634512572351046
mild,image_combined_svm,123,0,219,73,1,0.780262270454243
mild,image_combined_svm,123,0,229,51,0,0.23352958369444687
mild,image_combined_svm,123,0,233,37,1,0.4588986293839701
mild,image_combined_svm,123,0,260,60,0,0.1154459016271081
mild,image_combined_svm,123,0,272,33,1,0.14752532741679392
mild,image_combined_svm,123,1,001,87,0,-0.087423259915024
mild,image_combined_svm,123,1,004,45,1,-0.11643278382834923
mild,image_combined_svm,123,1,005,65,0,-0.4906725445165703
mild,image_combined_svm,123,1,028,55,0,-0.1559194635550384
mild,image_combined_svm,123,1,048,67,0,0.28925069991794516
mild,image_combined_svm,123,1,049,87,0,-0.19079902914301308
mild,image_combined_svm,123,1,058,50,0,-0.8236108869224981
mild,image_combined_svm,123,1,062,55,0,-0.10967862388930447
mild,image_combined_svm,123,1,068,22,1,-0.22199114079651905
mild,image_combined_svm,123,1,076,4,1,-0.008890815106012168
mild,image_combined_svm,123,1,078,93,0,-0.5036134162583193
mild,image_combined_svm,123,1,083,79,0,0.16603586298111736
mild,image_combined_svm,123,1,085,18,0,-0.6952560034226369
mild,image_combined_svm,123,1,086,18,0,-0.2223578319772759
mild,image_combined_svm,123,1,091,96,1,-1.0066205042183254
mild,image_combined_svm,123,1,094,93,1,-0.5817337142407072
mild,image_combined_svm,123,1,098,4,1,0.3682150144653107
mild,image_combined_svm,123,1,101,36,0,-0.15498145462756413
mild,image_combined_svm,123,1,110,22,1,0.5927030452761157
mild,image_combined_svm,123,1,128,96,1,0.3489299838712179
mild,image_combined_svm,123,1,144,63,1,0.3210243157040573
mild,image_combined_svm,123,1,145,36,0,-0.540160000728533
mild,image_combined_svm,123,1,154,45,0,0.08078871004068452
mild,image_combined_svm,123,1,161,79,1,-0.10835188291613532
mild,image_combined_svm,123,1,167,22,1,0.3616232416638181
mild,image_combined_svm,123,1,168,4,1,0.3062610027508821
mild,image_combined_svm,123,1,172,18,0,-0.774604513870861
mild,image_combined_svm,123,1,182,79,1,-0.5282960734738037
mild,image_combined_svm,123,1,189,22,1,-0.676815869975834
mild,image_combined_svm,123,1,191,87,0,-1.1468939355801546
mild,image_combined_svm,123,1,196,67,0,-0.27791635206613197
mild,image_combined_svm,123,1,198,93,0,-0.9772287704916781
mild,image_combined_svm,123,1,200,21,0,-0.5499365252653265
mild,image_combined_svm,123,1,201,66,1,-0.6255001565175317
mild,image_combined_svm,123,1,202,46,0,-0.701070036815749
mild,image_combined_svm,123,1,208,79,1,0.5041227616128008
mild,image_combined_svm,123,1,211,87,0,-1.018619260493001
mild,image_combined_svm,123,1,215,50,0,-1.0694605222121047
mild,image_combined_svm,123,1,216,36,1,-0.12242006386070661
mild,image_combined_svm,123,1,225,67,0,-0.3183668379054735
mild,image_combined_svm,123,1,237,18,0,-0.12167066697576231
mild,image_combined_svm,123,1,246,50,0,-0.8139905449816772
mild,image_combined_svm,123,1,248,36,1,0.21683825891520056
mild,image_combined_svm,123,1,252,18,0,-0.8733077927965294
mild,image_combined_svm,123,1,253,45,1,-0.3263525493600484
mild,image_combined_svm,123,1,262,14,0,-0.09434676683302709
mild,image_combined_svm,123,1,264,31,0,0.22944556580600065
mild,image_combined_svm,123,1,265,18,0,-1.4115855544062794
mild,image_combined_svm,123,1,268,21,0,0.19998735544860544
mild,image_combined_svm,123,2,003,1,0,-0.5268285086091453
mild,image_combined_svm,123,2,006,49,1,0.4958479859451253
mild,image_combined_svm,123,2,007,90,1,-0.05111586119577627
mild,image_combined_svm,123,2,026,86,1,0.743457507920799
mild,image_combined_svm,123,2,036,77,0,-0.9490926484980271
mild,image_combined_svm,123,2,037,90,0,-0.7195982349990828
mild,image_combined_svm,123,2,038,43,1,-0.5549090391565015
mild,image_combined_svm,123,2,039,40,0,-0.5460376237174902
mild,image_combined_svm,123,2,041,26,1,-0.4848438410123557
mild,image_combined_svm,123,2,045,49,1,-0.543505324326703
mild,image_combined_svm,123,2,061,24,1,0.17112118686312067
mild,image_combined_svm,123,2,064,88,0,-0.7510522531273851
mild,image_combined_svm,123,2,065,41,1,-0.3422906591757754
mild,image_combined_svm,123,2,066,90,1,-0.39246241567741635
mild,image_combined_svm,123,2,069,1,0,-0.6203270039333747
mild,image_combined_svm,123,2,077,86,1,-0.47019095609130096
mild,image_combined_svm,123,2,079,43,1,-0.8821556505172738
mild,image_combined_svm,123,2,081,40,0,-0.7823426791870305
mild,image_combined_svm,123,2,095,86,1,-0.30760130335711955
mild,image_combined_svm,123,2,097,2,1,0.37308766181918934
mild,image_combined_svm,123,2,111,77,0,-0.19715338899721963
mild,image_combined_svm,123,2,115,41,1,0.28152914790415945
mild,image_combined_svm,123,2,119,40,0,-0.7710576166278649
mild,image_combined_svm,123,2,130,88,0,-0.8195624486722012
mild,image_combined_svm,123,2,149,40,0,-0.3285036312081491
mild,image_combined_svm,123,2,150,29,0,-0.3266565736229319
mild,image_combined_svm,123,2,155,68,1,0.27672804648828714
mild,image_combined_svm,123,2,157,77,0,-0.6808278544310044
mild,image_combined_svm,123,2,164,53,0,-0.18658260282380007
mild,image_combined_svm,123,2,170,53,0,-0.9841712147142936
mild,image_combined_svm,123,2,174,1,0,-0.48200720170692224
mild,image_combined_svm,123,2,176,41,0,-0.8502416572530584
mild,image_combined_svm,123,2,184,68,0,0.7287651891287044
mild,image_combined_svm,123,2,203,77,1,0.20452399755670297
mild,image_combined_svm,123,2,205,95,0,-0.07163630660819192
mild,image_combined_svm,123,2,212,12,0,-0.8307471493959051
mild,image_combined_svm,123,2,220,88,0,-1.3302311947154286
mild,image_combined_svm,123,2,226,41,1,-0.09763275163031143
mild,image_combined_svm,123,2,228,43,1,0.06044399240863724
mild,image_combined_svm,123,2,231,11,0,-0.20954284058845923
mild,image_combined_svm,123,2,239,1,0,-0.22171939574346716
mild,image_combined_svm,123,2,241,29,0,-0.3419717703558108
mild,image_combined_svm,123,2,247,88,0,-0.9961025973480113
mild,image_combined_svm,123,2,254,86,1,-0.15939752795811885
mild,image_combined_svm,123,2,255,97,0,-0.4140447601379332
mild,image_combined_svm,123,2,266,88,0,-0.9716713047369689
mild,image_combined_svm,123,2,270,49,0,-0.4246256828222704
mild,image_combined_svm,123,3,008,28,0,-0.3201226134398063
mild,image_combined_svm,123,3,014,39,1,-0.48936480912269453
mild,image_combined_svm,123,3,022,34,1,-0.4222755238750871
mild,image_combined_svm,123,3,023,44,0,-0.04485594636661608
mild,image_combined_svm,123,3,024,89,0,-0.7306607843229478
mild,image_combined_svm,123,3,027,85,1,0.2733094051690672
mild,image_combined_svm,123,3,029,35,0,-0.35679125893015656
mild,image_combined_svm,123,3,034,91,1,0.2989951237838242
mild,image_combined_svm,123,3,035,83,1,-0.2381202808677856
mild,image_combined_svm,123,3,051,28,0,-0.22083379914473372
mild,image_combined_svm,123,3,054,16,1,0.03285322019799605
mild,image_combined_svm,123,3,057,69,1,0.191070872320543
mild,image_combined_svm,123,3,060,44,0,-0.06202433851594705
mild,image_combined_svm,123,3,067,34,1,-0.028056116429709205
mild,image_combined_svm,123,3,080,25,0,0.4645536689801636
mild,image_combined_svm,123,3,090,69,0,0.24128295750057802
mild,image_combined_svm,123,3,103,6,0,-0.22396685780258713
mild,image_combined_svm,123,3,107,35,0,-0.7437151033633865
mild,image_combined_svm,123,3,108,61,0,-0.622029426108462
mild,image_combined_svm,123,3,116,85,0,0.4184002830982716
mild,image_combined_svm,123,3,118,91,1,0.575155513929599
mild,image_combined_svm,123,3,129,69,1,1.3242830889226598
mild,image_combined_svm,123,3,134,69,1,0.046017268391352645
mild,image_combined_svm,123,3,136,39,0,1.3382288333585455
mild,image_combined_svm,123,3,139,89,0,-0.06682313351419392
mild,image_combined_svm,123,3,142,44,0,-0.3813883818598343
mild,image_combined_svm,123,3,143,28,0,0.5701646486050453
mild,image_combined_svm,123,3,151,85,1,0.5146661485987799
mild,image_combined_svm,123,3,153,83,1,-0.38669802708969003
mild,image_combined_svm,123,3,169,39,1,0.3800319036064529
mild,image_combined_svm,123,3,173,89,0,-0.6546461090517379
mild,image_combined_svm,123,3,177,32,0,0.6833327082023679
mild,image_combined_svm,123,3,181,6,0,-0.6653579466903917
mild,image_combined_svm,123,3,188,85,0,-0.8887268669454192
mild,image_combined_svm,123,3,190,44,0,-0.031752089792527555
mild,image_combined_svm,123,3,197,35,0,-0.4850860538980185
mild,image_combined_svm,123,3,204,27,0,-1.330615376544426
mild,image_combined_svm,123,3,213,44,1,0.7217213510354091
mild,image_combined_svm,123,3,230,34,0,0.3485818346112971
mild,image_combined_svm,123,3,234,39,0,0.9310016417671648
mild,image_combined_svm,123,3,235,89,0,-0.2483766137403563
mild,image_combined_svm,123,3,236,44,0,0.7119488122338961
mild,image_combined_svm,123,3,243,85,1,1.2477723514527888
mild,image_combined_svm,123,3,257,83,1,0.7044394220248148
mild,image_combined_svm,123,3,258,85,1,0.16264292540602457
mild,image_combined_svm,123,3,259,62,1,0.3914987436794851
mild,image_combined_svm,123,3,269,44,0,-0.8986129281106863
mild,image_combined_svm,123,4,002,78,0,0.0024538858923565665
mild,image_combined_svm,123,4,010,72,0,-0.3898346359398922
mild,image_combined_svm,123,4,015,75,1,-1.0651357866857083
mild,image_combined_svm,123,4,016,84,1,-0.22993393083426789
mild,image_combined_svm,123,4,019,82,0,-0.4731878292972742
mild,image_combined_svm,123,4,031,38,1,-0.46025363163053146
mild,image_combined_svm,123,4,042,23,0,-0.2397378875181171
mild,image_combined_svm,123,4,053,78,0,0.4926589690015453
mild,image_combined_svm,123,4,070,75,1,-0.04923914065294116
mild,image_combined_svm,123,4,071,23,1,1.2295865947321525
mild,image_combined_svm,123,4,075,38,1,-0.5918855788431103
mild,image_combined_svm,123,4,088,82,0,-0.2075546956568461
mild,image_combined_svm,123,4,096,17,0,-0.5433312181249459
mild,image_combined_svm,123,4,100,72,1,0.09328837294203518
mild,image_combined_svm,123,4,113,78,0,0.10294364009470836
mild,image_combined_svm,123,4,117,7,0,-0.6159464934258042
mild,image_combined_svm,123,4,120,52,0,-0.15842135118086123
mild,image_combined_svm,123,4,125,42,0,-1.0821112952446095
mild,image_combined_svm,123,4,126,82,0,-0.8676189803080732
mild,image_combined_svm,123,4,127,75,1,-0.09884737398369181
mild,image_combined_svm,123,4,131,54,1,0.41636773142742617
mild,image_combined_svm,123,4,132,38,0,-0.18535646863694616
mild,image_combined_svm,123,4,138,75,1,-0.5822003371238375
mild,image_combined_svm,123,4,140,84,1,-1.023144540665272
mild,image_combined_svm,123,4,146,78,0,0.13471994676059534
mild,image_combined_svm,123,4,147,72,0,-0.35188842840934537
mild,image_combined_svm,123,4,148,7,0,-0.4944598418861226
mild,image_combined_svm,123,4,152,58,1,1.0729658603694818
mild,image_combined_svm,123,4,159,52,0,-0.726323430525338
mild,image_combined_svm,123,4,162,23,0,-0.1823799225853316
mild,image_combined_svm,123,4,171,42,0,-0.4895200389110136
mild,image_combined_svm,123,4,187,17,0,-0.3794697765417463
mild,image_combined_svm,123,4,192,38,0,0.10039935767574543
mild,image_combined_svm,123,4,193,56,1,0.9451899952637923
mild,image_combined_svm,123,4,199,82,0,-0.5935945693617974
mild,image_combined_svm,123,4,206,42,0,-0.6335395349482611
mild,image_combined_svm,123,4,221,72,1,-0.3552937179669217
mild,image_combined_svm,123,4,222,52,0,-0.8459230274871239
mild,image_combined_svm,123,4,223,38,0,-0.5388370933506258
mild,image_combined_svm,123,4,227,78,0,-0.7267973161864543
mild,image_combined_svm,123,4,238,54,1,0.9512252324263433
mild,image_combined_svm,123,4,240,72,0,0.2104383055985703
mild,image_combined_svm,123,4,244,75,1,0.3366574121668036
mild,image_combined_svm,123,4,249,17,1,-0.020394384196184723
mild,image_combined_svm,123,4,251,38,0,0.06127635550528382
mild,image_combined_svm,123,4,256,10,1,0.2959618123591385
mild,image_combined_svm,123,4,267,98,1,-0.46096642326954407
mild,image_combined_svm,456,0,001,87,0,0.1464326357961292
mild,image_combined_svm,456,0,016,84,1,0.45342507724696357
mild,image_combined_svm,456,0,021,70,0,0.03664325725651463
mild,image_combined_svm,456,0,030,57,1,-0.8236848112363024
mild,image_combined_svm,456,0,035,83,1,-0.4485208334216664
mild,image_combined_svm,456,0,038,43,1,-0.6340462732806131
mild,image_combined_svm,456,0,046,70,1,0.32346675437959405
mild,image_combined_svm,456,0,047,51,0,-0.05562398288856357
mild,image_combined_svm,456,0,049,87,0,0.04134315306895553
mild,image_combined_svm,456,0,050,51,0,-0.4899977589626615
mild,image_combined_svm,456,0,072,70,1,0.4833053693383811
mild,image_combined_svm,456,0,079,43,1,-0.8577521732177912
mild,image_combined_svm,456,0,087,51,0,0.0444489085204024
mild,image_combined_svm,456,0,092,51,0,0.4442575160145402
mild,image_combined_svm,456,0,097,2,1,0.39448916361617037
mild,image_combined_svm,456,0,102,76,1,-0.326498286593356
mild,image_combined_svm,456,0,103,6,0,-0.4855541382933345
mild,image_combined_svm,456,0,120,52,0,-0.441865732947524
mild,image_combined_svm,456,0,122,71,0,-0.8005810402514901
mild,image_combined_svm,456,0,133,51,0,0.4302659227351472
mild,image_combined_svm,456,0,140,84,1,-0.399435931699625
mild,image_combined_svm,456,0,153,83,1,-0.31257478323090565
mild,image_combined_svm,456,0,155,68,1,0.4819474974735466
mild,image_combined_svm,456,0,156,5,0,-0.3666188903081123
mild,image_combined_svm,456,0,159,52,0,-1.0102229513278902
mild,image_combined_svm,456,0,160,51,0,0.14137621404239087
mild,image_combined_svm,456,0,177,32,0,0.6222229750048983
mild,image_combined_svm,456,0,178,76,1,0.20810385660958297
mild,image_combined_svm,456,0,180,73,1,-0.23166919004502984
mild,image_combined_svm,456,0,181,6,0,-0.16306350864900387
mild,image_combined_svm,456,0,184,68,0,0.711701806856527
mild,image_combined_svm,456,0,185,71,0,-0.5029459435533578
mild,image_combined_svm,456,0,186,51,0,-0.2067886775465163
mild,image_combined_svm,456,0,191,87,0,-1.0846435547137012
mild,image_combined_svm,456,0,193,56,1,0.5985563857000328
mild,image_combined_svm,456,0,194,5,0,-0.4501625931826891
mild,image_combined_svm,456,0,205,95,0,-0.10095780373046548
mild,image_combined_svm,456,0,211,87,0,-0.7056933099531475
mild,image_combined_svm,456,0,219,73,1,0.5912013617477306
mild,image_combined_svm,456,0,222,52,0,-0.5633148401672803
mild,image_combined_svm,456,0,228,43,1,0.1576452239513202
mild,image_combined_svm,456,0,229,51,0,-0.3670332755481202
mild,image_combined_svm,456,0,231,11,0,-0.03155606619497375
mild,image_combined_svm,456,0,255,97,0,0.44565877522179764
mild,image_combined_svm,456,0,257,83,1,1.1173974255600405
mild,image_combined_svm,456,0,267,98,1,-0.7184090661480141
mild,image_combined_svm,456,1,004,45,1,-0.45085277637791266
mild,image_combined_svm,456,1,005,65,0,-0.5253140102492571
mild,image_combined_svm,456,1,008,28,0,-0.5768482415584142
mild,image_combined_svm,456,1,010,72,0,-0.13313738754364504
mild,image_combined_svm,456,1,026,86,1,0.9335298200203788
mild,image_combined_svm,456,1,034,91,1,0.5203960638685032
mild,image_combined_svm,456,1,036,77,0,-0.8862839426588456
mild,image_combined_svm,456,1,039,40,0,-0.08580039136956283
mild,image_combined_svm,456,1,051,28,0,-0.219275982694528
mild,image_combined_svm,456,1,058,50,0,-0.9049916972135572
mild,image_combined_svm,456,1,061,24,1,0.05702235910746631
mild,image_combined_svm,456,1,077,86,1,-0.6024068654681107
mild,image_combined_svm,456,1,080,25,0,0.14244219404678635
mild,image_combined_svm,456,1,081,40,0,-0.4158357592555212
mild,image_combined_svm,456,1,083,79,0,0.362826351288116
mild,image_combined_svm,456,1,085,18,0,-0.6047252052500216
mild,image_combined_svm,456,1,086,18,0,-0.2283358894982517
mild,image_combined_svm,456,1,091,96,1,-0.7812966762210404
mild,image_combined_svm,456,1,095,86,1,-0.1747236266933633
mild,image_combined_svm,456,1,100,72,1,-0.7121770004591206
mild,image_combined_svm,456,1,111,77,0,-0.6222936761099553
mild,image_combined_svm,456,1,118,91,1,0.12755931137257012
mild,image_combined_svm,456,1,119,40,0,-0.48662979837016807
mild,image_combined_svm,456,1,128,96,1,0.29345087647561874
mild,image_combined_svm,456,1,143,28,0,-0.2968249100889786
mild,image_combined_svm,456,1,144,63,1,0.05725358192107907
mild,image_combined_svm,456,1,147,72,0,-0.19180960380909576
mild,image_combined_svm,456,1,149,40,0,-0.29844803823245347
mild,image_combined_svm,456,1,154,45,0,-0.05376582091384188
mild,image_combined_svm,456,1,157,77,0,-0.757764153444914
mild,image_combined_svm,456,1,161,79,1,-0.08570416586132482
mild,image_combined_svm,456,1,172,18,0,-0.8665201602156531
mild,image_combined_svm,456,1,182,79,1,-0.9295164141817592
mild,image_combined_svm,456,1,203,77,1,-0.4455800835515472
mild,image_combined_svm,456,1,204,27,0,-1.332505789778021
mild,image_combined_svm,456,1,208,79,1,-0.024740572176475933
mild,image_combined_svm,456,1,212,12,0,-1.132945986637743
mild,image_combined_svm,456,1,215,50,0,-1.3663995869675654
mild,image_combined_svm,456,1,221,72,1,-0.1270631887064452
mild,image_combined_svm,456,1,237,18,0,-0.04419142477623553
mild,image_combined_svm,456,1,240,72,0,0.29837255793907436
mild,image_combined_svm,456,1,246,50,0,-0.8838173123140237
mild,image_combined_svm,456,1,252,18,0,-0.7938211417700114
mild,image_combined_svm,456,1,253,45,1,-0.3667654358965602
mild,image_combined_svm,456,1,254,86,1,-0.20127855580122048
mild,image_combined_svm,456,1,265,18,0,-1.0828776430060851
mild,image_combined_svm,456,1,272,33,1,0.08311127807276683
mild,image_combined_svm,456,2,002,78,0,-0.08423154166309271
mild,image_combined_svm,456,2,014,39,1,-0.1348124181315557
mild,image_combined_svm,456,2,017,8,0,-0.9088824662026858
mild,image_combined_svm,456,2,022,34,1,-0.2513145547786143
mild,image_combined_svm,456,2,024,89,0,-0.576068113169818
mild,image_combined_svm,456,2,027,85,1,0.2453316349811147
mild,image_combined_svm,456,2,040,8,0,-0.6107931869189636
mild,image_combined_svm,456,2,041,26,1,-0.5167123036304235
mild,image_combined_svm,456,2,048,67,0,0.29699329848306727
mild,image_combined_svm,456,2,052,8,0,-0.19014191007894535
mild,image_combined_svm,456,2,053,78,0,0.29363175352421717
mild,image_combined_svm,456,2,067,34,1,0.01724625625917997
mild,image_combined_svm,456,2,068,22,1,-0.2802362031810145
mild,image_combined_svm,456,2,096,17,0,-0.6576727457955793
mild,image_combined_svm,456,2,108,61,0,-0.7525261686135774
mild,image_combined_svm,456,2,110,22,1,0.6971557508789485
mild,image_combined_svm,456,2,113,78,0,0.513039127384461
mild,image_combined_svm,456,2,116,85,0,0.45358424390511604
mild,image_combined_svm,456,2,117,7,0,-0.4777068408418891
mild,image_combined_svm,456,2,121,74,1,-0.08970023627506413
mild,image_combined_svm,456,2,136,39,0,1.2856951251889397
mild,image_combined_svm,456,2,139,89,0,0.08495524188260167
mild,image_combined_svm,456,2,146,78,0,0.12432562631571836
mild,image_combined_svm,456,2,148,7,0,-0.4438697400037407
mild,image_combined_svm,456,2,151,85,1,0.3630366883107586
mild,image_combined_svm,456,2,158,74,1,0.6188098267361628
mild,image_combined_svm,456,2,164,53,0,0.1514925947593549
mild,image_combined_svm,456,2,165,30,0,-0.9476857211210967
mild,image_combined_svm,456,2,167,22,1,0.29417622289609385
mild,image_combined_svm,456,2,169,39,1,0.5148381957087447
mild,image_combined_svm,456,2,170,53,0,-0.32765975215724086
mild,image_combined_svm,456,2,173,89,0,-0.43186604027315634
mild,image_combined_svm,456,2,175,74,1,0.5998068885716854
mild,image_combined_svm,456,2,179,37,0,0.4962237380596101
mild,image_combined_svm,456,2,187,17,0,-0.684426383592903
mild,image_combined_svm,456,2,188,85,0,-0.8413792720164226
mild,image_combined_svm,456,2,189,22,1,-0.3773635542860338
mild,image_combined_svm,456,2,196,67,0,-0.6059305183151237
mild,image_combined_svm,456,2,201,66,1,-0.5923211152519903
mild,image_combined_svm,456,2,225,67,0,-0.5712851943340443
mild,image_combined_svm,456,2,227,78,0,-0.318786251604254
mild,image_combined_svm,456,2,230,34,0,0.03661070615024986
mild,image_combined_svm,456,2,233,37,1,0.1528599610483879
mild,image_combined_svm,456,2,234,39,0,0.8238367792982888
mild,image_combined_svm,456,2,235,89,0,-0.18581018977676506
mild,image_combined_svm,456,2,243,85,1,1.2957331938293082
mild,image_combined_svm,456,2,249,17,1,-0.0389936901088091
mild,image_combined_svm,456,2,256,10,1,0.34871938028929966
mild,image_combined_svm,456,2,258,85,1,0.23913352918381187
mild,image_combined_svm,456,2,264,31,0,0.2799741670826534
mild,image_combined_svm,456,3,015,75,1,-1.3091650450860413
mild,image_combined_svm,456,3,019,82,0,-0.6791156438787952
mild,image_combined_svm,456,3,023,44,0,-0.7334193715537876
mild,image_combined_svm,456,3,029,35,0,-0.06759933870708712
mild,image_combined_svm,456,3,031,38,1,-0.45385750951562176
mild,image_combined_svm,456,3,042,23,0,-0.13389169660979094
mild,image_combined_svm,456,3,054,16,1,0.5012645100657502
mild,image_combined_svm,456,3,055,15,1,-0.04081833942730248
mild,image_combined_svm,456,3,057,69,1,0.6475145292471672
mild,image_combined_svm,456,3,060,44,0,-0.08966733898040091
mild,image_combined_svm,456,3,070,75,1,-0.3428462822526249
mild,image_combined_svm,456,3,071,23,1,1.2622410769878325
mild,image_combined_svm,456,3,073,13,1,0.392777974752475
mild,image_combined_svm,456,3,075,38,1,-0.44738008567164145
mild,image_combined_svm,456,3,078,93,0,-0.43510136983704806
mild,image_combined_svm,456,3,088,82,0,-0.5420705132330337
mild,image_combined_svm,456,3,090,69,0,0.6045094592470631
mild,image_combined_svm,456,3,094,93,1,-0.4752772607002418
mild,image_combined_svm,456,3,101,36,0,-0.16714923944069815
mild,image_combined_svm,456,3,107,35,0,-1.184883165480504
mild,image_combined_svm,456,3,125,42,0,-1.1634212898843317
mild,image_combined_svm,456,3,126,82,0,-0.8375688022256927
mild,image_combined_svm,456,3,127,75,1,0.2055014738454608
mild,image_combined_svm,456,3,129,69,1,1.395331899450396
mild,image_combined_svm,456,3,132,38,0,0.029500105319438086
mild,image_combined_svm,456,3,134,69,1,0.37437637396908807
mild,image_combined_svm,456,3,135,64,1,0.21557959842332974
mild,image_combined_svm,456,3,138,75,1,-0.5158009216319257
mild,image_combined_svm,456,3,142,44,0,-0.45148851220925507
mild,image_combined_svm,456,3,145,36,0,-0.823225355514536
mild,image_combined_svm,456,3,152,58,1,0.830021835104256
mild,image_combined_svm,456,3,162,23,0,-0.04932803971334729
mild,image_combined_svm,456,3,171,42,0,-0.7147781943182842
mild,image_combined_svm,456,3,190,44,0,-0.04397666195390326
mild,image_combined_svm,456,3,192,38,0,-0.026950526227353583
mild,image_combined_svm,456,3,197,35,0,-0.33953424097494445
mild,image_combined_svm,456,3,198,93,0,-0.3358193894482897
mild,image_combined_svm,456,3,199,82,0,-0.5863091412324724
mild,image_combined_svm,456,3,202,46,0,-0.690918402151212
mild,image_combined_svm,456,3,206,42,0,-0.640055545799195
mild,image_combined_svm,456,3,209,64,0,0.13843273633025976
mild,image_combined_svm,456,3,213,44,1,0.7301140639649637
mild,image_combined_svm,456,3,216,36,1,-0.5550008663611568
mild,image_combined_svm,456,3,223,38,0,-0.3177673144284419
mild,image_combined_svm,456,3,236,44,0,0.3263778828853737
mild,image_combined_svm,456,3,244,75,1,0.28541738912312453
mild,image_combined_svm,456,3,248,36,1,0.41530926721722705
mild,image_combined_svm,456,3,251,38,0,-0.13482608196648432
mild,image_combined_svm,456,3,262,14,0,0.15605698006903074
mild,image_combined_svm,456,3,269,44,0,-0.5889476298046216
mild,image_combined_svm,456,4,003,1,0,-0.12622314996424233
mild,image_combined_svm,456,4,006,49,1,0.9369018265810822
mild,image_combined_svm,456,4,007,90,1,0.08791166945996715
mild,image_combined_svm,456,4,013,92,0,-0.5578208935679796
mild,image_combined_svm,456,4,020,20,1,0.8113931954039013
mild,image_combined_svm,456,4,028,55,0,-0.5056039407523001
mild,image_combined_svm,456,4,032,19,0,-0.6375852598227041
mild,image_combined_svm,456,4,037,90,0,-0.6657040554378891
mild,image_combined_svm,456,4,045,49,1,-0.4854914358702679
mild,image_combined_svm,456,4,062,55,0,-0.32588940088515395
mild,image_combined_svm,456,4,064,88,0,-0.9597532769143293
mild,image_combined_svm,456,4,065,41,1,-0.10138713816467737
mild,image_combined_svm,456,4,066,90,1,-0.6265518880224411
mild,image_combined_svm,456,4,069,1,0,-0.33235297680890025
mild,image_combined_svm,456,4,076,4,1,-0.18035719782017368
mild,image_combined_svm,456,4,089,20,1,1.0818551822584457
mild,image_combined_svm,456,4,098,4,1,0.4816694060406986
mild,image_combined_svm,456,4,104,19,0,-0.7165378156969501
mild,image_combined_svm,456,4,106,48,1,0.12284333965929933
mild,image_combined_svm,456,4,112,94,0,-0.03192740174895642
mild,image_combined_svm,456,4,114,92,1,0.3276404132472616
mild,image_combined_svm,456,4,115,41,1,0.07827422787003407
mild,image_combined_svm,456,4,130,88,0,-0.3028384084672908
mild,image_combined_svm,456,4,131,54,1,0.250419551813071
mild,image_combined_svm,456,4,137,19,0,-0.5160932368018673
mild,image_combined_svm,456,4,150,29,0,0.18592436827857522
mild,image_combined_svm,456,4,163,48,0,0.6545670805237709
mild,image_combined_svm,456,4,166,19,0,-0.49936948088484817
mild,image_combined_svm,456,4,168,4,1,0.43091584855517523
mild,image_combined_svm,456,4,174,1,0,-0.6141968634971186
mild,image_combined_svm,456,4,176,41,0,-0.9100123695632976
mild,image_combined_svm,456,4,195,94,0,-1.0931755708698492
mild,image_combined_svm,456,4,200,21,0,-0.6498115873982613
mild,image_combined_svm,456,4,210,20,1,1.0352005862525824
mild,image_combined_svm,456,4,214,92,0,-0.5445534876840283
mild,image_combined_svm,456,4,220,88,0,-1.037582099013218
mild,image_combined_svm,456,4,226,41,1,-0.4051807491024528
mild,image_combined_svm,456,4,238,54,1,0.5797839885086304
mild,image_combined_svm,456,4,239,1,0,-0.11592690567136488
mild,image_combined_svm,456,4,241,29,0,-0.4490552289789477
mild,image_combined_svm,456,4,247,88,0,-0.7459212938620932
mild,image_combined_svm,456,4,259,62,1,0.3136813372399993
mild,image_combined_svm,456,4,260,60,0,-0.3904370390388811
mild,image_combined_svm,456,4,266,88,0,-0.841313488050424
mild,image_combined_svm,456,4,268,21,0,-0.3735581354475084
mild,image_combined_svm,456,4,270,49,0,0.20031155516975335
mild,image_combined_svm,789,0,006,49,1,0.8014388034092699
mild,image_combined_svm,789,0,007,90,1,0.24570076145595499
mild,image_combined_svm,789,0,026,86,1,1.0813240745775783
mild,image_combined_svm,789,0,035,83,1,-0.46737585218018785
mild,image_combined_svm,789,0,037,90,0,-0.5223412248562618
mild,image_combined_svm,789,0,039,40,0,-0.1958114223807303
mild,image_combined_svm,789,0,045,49,1,-0.429946467117292
mild,image_combined_svm,789,0,047,51,0,0.3815048531366765
mild,image_combined_svm,789,0,050,51,0,-0.4224690187441062
mild,image_combined_svm,789,0,058,50,0,-0.31747423243108575
mild,image_combined_svm,789,0,066,90,1,-0.48696564602765474
mild,image_combined_svm,789,0,077,86,1,0.7620442884827745
mild,image_combined_svm,789,0,078,93,0,-0.4620334156287046
mild,image_combined_svm,789,0,080,25,0,0.5049366722478297
mild,image_combined_svm,789,0,081,40,0,-0.29388777147972406
mild,image_combined_svm,789,0,083,79,0,-0.17662265908992822
mild,image_combined_svm,789,0,087,51,0,0.5696352030962872
mild,image_combined_svm,789,0,092,51,0,0.7027687377877017
mild,image_combined_svm,789,0,094,93,1,-0.4067611371688863
mild,image_combined_svm,789,0,095,86,1,0.06577766943464108
mild,image_combined_svm,789,0,097,2,1,0.42141894745027053
mild,image_combined_svm,789,0,108,61,0,-0.7529539591040605
mild,image_combined_svm,789,0,112,94,0,-0.22037101166012904
mild,image_combined_svm,789,0,119,40,0,-0.6100754077732257
mild,image_combined_svm,789,0,133,51,0,0.5293290852470343
mild,image_combined_svm,789,0,149,40,0,-0.346574551358381
mild,image_combined_svm,789,0,150,29,0,0.05784806585555735
mild,image_combined_svm,789,0,153,83,1,-0.4813587730757042
mild,image_combined_svm,789,0,155,68,1,0.8169605625426377
mild,image_combined_svm,789,0,160,51,0,0.6816461330241386
mild,image_combined_svm,789,0,161,79,1,0.9028131166202198
mild,image_combined_svm,789,0,182,79,1,0.005522046711244899
mild,image_combined_svm,789,0,184,68,0,0.7879972121015488
mild,image_combined_svm,789,0,186,51,0,-0.04301134923876798
mild,image_combined_svm,789,0,195,94,0,-1.552157478196538
mild,image_combined_svm,789,0,198,93,0,-1.0325630586507866
mild,image_combined_svm,789,0,201,66,1,-0.756399080017438
mild,image_combined_svm,789,0,208,79,1,1.028269607833182
mild,image_combined_svm,789,0,212,12,0,-0.3198795137561483
mild,image_combined_svm,789,0,215,50,0,-0.21042072902135273
mild,image_combined_svm,789,0,229,51,0,0.29463974177716823
mild,image_combined_svm,789,0,241,29,0,-0.39125196228626113
mild,image_combined_svm,789,0,246,50,0,-0.04777078481276531
mild,image_combined_svm,789,0,254,86,1,0.4765310765340589
mild,image_combined_svm,789,0,257,83,1,0.8953290971290524
mild,image_combined_svm,789,0,267,98,1,-0.14119637559955495
mild,image_combined_svm,789,0,270,49,0,-0.09971855441486288
mild,image_combined_svm,789,1,003,1,0,-1.239583523193879
mild,image_combined_svm,789,1,005,65,0,-0.8057197371948129
mild,image_combined_svm,789,1,013,92,0,-0.6554172283942459
mild,image_combined_svm,789,1,016,84,1,-0.18088810188231996
mild,image_combined_svm,789,1,030,57,1,-0.777628237868293
mild,image_combined_svm,789,1,048,67,0,0.01805031799526044
mild,image_combined_svm,789,1,055,15,1,-0.0671895863520457
mild,image_combined_svm,789,1,061,24,1,0.3182022329980313
mild,image_combined_svm,789,1,068,22,1,-0.3042033182016438
mild,image_combined_svm,789,1,069,1,0,-1.1435196747559906
mild,image_combined_svm,789,1,085,18,0,-0.9023756063411096
mild,image_combined_svm,789,1,086,18,0,-0.20952857353856424
mild,image_combined_svm,789,1,103,6,0,-0.20952857353856424
mild,image_combined_svm,789,1,106,48,1,-0.5016083273262532
mild,image_combined_svm,789,1,110,22,1,0.36629481860615554
mild,image_combined_svm,789,1,114,92,1,-0.40951998256178457
mild,image_combined_svm,789,1,121,74,1,-0.0755435863493622
mild,image_combined_svm,789,1,140,84,1,-0.6822141360043206
mild,image_combined_svm,789,1,156,5,0,-0.5791222727200047
mild,image_combined_svm,789,1,158,74,1,0.2512088571614267
mild,image_combined_svm,789,1,163,48,0,0.4445547055679756
mild,image_combined_svm,789,1,164,53,0,0.13008194787519434
mild,image_combined_svm,789,1,167,22,1,0.18311272176023297
mild,image_combined_svm,789,1,170,53,0,-0.8461178236421065
mild,image_combined_svm,789,1,172,18,0,-0.6600548495781439
mild,image_combined_svm,789,1,174,1,0,-0.674287105898117
mild,image_combined_svm,789,1,175,74,1,0.4173831763748924
mild,image_combined_svm,789,1,180,73,1,-0.5228769990972014
mild,image_combined_svm,789,1,181,6,0,-0.2724413601787973
mild,image_combined_svm,789,1,189,22,1,-0.29486448192537135
mild,image_combined_svm,789,1,193,56,1,0.8463249645401
mild,image_combined_svm,789,1,194,5,0,-0.3382393170167331
mild,image_combined_svm,789,1,196,67,0,-0.5487728713369534
mild,image_combined_svm,789,1,200,21,0,-0.5284751585404838
mild,image_combined_svm,789,1,204,27,0,-1.063368407880652
mild,image_combined_svm,789,1,214,92,0,-0.48023296249214253
mild,image_combined_svm,789,1,219,73,1,1.006571795926761
mild,image_combined_svm,789,1,225,67,0,-0.525145985287259
mild,image_combined_svm,789,1,231,11,0,-0.6092690739675631
mild,image_combined_svm,789,1,237,18,0,0.07629213359311515
mild,image_combined_svm,789,1,239,1,0,-0.09891510878232679
mild,image_combined_svm,789,1,252,18,0,-0.9747533346517016
mild,image_combined_svm,789,1,256,10,1,0.19767259316449182
mild,image_combined_svm,789,1,262,14,0,-0.32887921570108214
mild,image_combined_svm,789,1,265,18,0,-1.6765886560078762
mild,image_combined_svm,789,1,268,21,0,-0.184439730358949
mild,image_combined_svm,789,1,272,33,1,-0.15966184624682467
mild,image_combined_svm,789,2,014,39,1,-0.21821202642270512
mild,image_combined_svm,789,2,015,75,1,-1.3819282161738293
mild,image_combined_svm,789,2,017,8,0,-1.2276072896704395
mild,image_combined_svm,789,2,019,82,0,-0.5534082104546418
mild,image_combined_svm,789,2,021,70,0,0.4627383173998908
mild,image_combined_svm,789,2,034,91,1,0.7073170408352191
mild,image_combined_svm,789,2,036,77,0,-1.020829551420546
mild,image_combined_svm,789,2,040,8,0,-0.8519717406555722
mild,image_combined_svm,789,2,041,26,1,-0.4566878384164129
mild,image_combined_svm,789,2,042,23,0,-0.20681461199122822
mild,image_combined_svm,789,2,046,70,1,0.7409645494276541
mild,image_combined_svm,789,2,052,8,0,-0.6107686227408519
mild,image_combined_svm,789,2,057,69,1,0.5384250886973758
mild,image_combined_svm,789,2,064,88,0,-0.8641529118394617
mild,image_combined_svm,789,2,070,75,1,-0.6224850264016073
mild,image_combined_svm,789,2,071,23,1,1.162015353240775
mild,image_combined_svm,789,2,072,70,1,0.6617343001494892
mild,image_combined_svm,789,2,088,82,0,-0.27322212091299874
mild,image_combined_svm,789,2,090,69,0,0.6243778004254167
mild,image_combined_svm,789,2,102,76,1,0.7605010919203096
mild,image_combined_svm,789,2,111,77,0,-0.4808521540598259
mild,image_combined_svm,789,2,118,91,1,0.6184614442119843
mild,image_combined_svm,789,2,120,52,0,-0.12405682826763167
mild,image_combined_svm,789,2,122,71,0,-0.6329331157877711
mild,image_combined_svm,789,2,126,82,0,-0.7487037144223947
mild,image_combined_svm,789,2,127,75,1,-0.16536842473670693
mild,image_combined_svm,789,2,129,69,1,1.4755811049921683
mild,image_combined_svm,789,2,130,88,0,-1.1259376307177171
mild,image_combined_svm,789,2,134,69,1,0.3371732867474776
mild,image_combined_svm,789,2,136,39,0,1.517237613605138
mild,image_combined_svm,789,2,138,75,1,-0.3843667629749271
mild,image_combined_svm,789,2,152,58,1,1.399927277477436
mild,image_combined_svm,789,2,157,77,0,-0.6962921093048045
mild,image_combined_svm,789,2,159,52,0,-0.7636995583407981
mild,image_combined_svm,789,2,162,23,0,0.009171136638973176
mild,image_combined_svm,789,2,165,30,0,-1.0687646056679974
mild,image_combined_svm,789,2,169,39,1,0.2920030490596719
mild,image_combined_svm,789,2,178,76,1,1.1775574469313401
mild,image_combined_svm,789,2,185,71,0,-0.06609594713091305
mild,image_combined_svm,789,2,199,82,0,-0.8262375945923908
mild,image_combined_svm,789,2,202,46,0,-0.4421535740925236
mild,image_combined_svm,789,2,203,77,1,-0.018768505781002864
mild,image_combined_svm,789,2,220,88,0,-1.3946256715543712
mild,image_combined_svm,789,2,222,52,0,-0.7978941009022881
mild,image_combined_svm,789,2,234,39,0,0.5662278347688656
mild,image_combined_svm,789,2,244,75,1,0.7974371417020926
mild,image_combined_svm,789,2,247,88,0,-1.1427330823074109
mild,image_combined_svm,789,2,255,97,0,-0.4297108856120453
mild,image_combined_svm,789,2,266,88,0,-0.9653691645545254
mild,image_combined_svm,789,3,001,87,0,0.016417906531507098
mild,image_combined_svm,789,3,002,78,0,-0.32761491441918317
mild,image_combined_svm,789,3,008,28,0,-0.2519966636991591
mild,image_combined_svm,789,3,010,72,0,-0.34881831744728736
mild,image_combined_svm,789,3,022,34,1,-0.10389259371831483
mild,image_combined_svm,789,3,024,89,0,-0.5654450799692271
mild,image_combined_svm,789,3,028,55,0,-0.3164294654165002
mild,image_combined_svm,789,3,038,43,1,-0.3357744832093969
mild,image_combined_svm,789,3,049,87,0,-0.38578669395744825
mild,image_combined_svm,789,3,051,28,0,-0.32429736800148
mild,image_combined_svm,789,3,053,78,0,-0.12839488470789254
mild,image_combined_svm,789,3,054,16,1,-0.28094675727143775
mild,image_combined_svm,789,3,062,55,0,-0.3687745755640267
mild,image_combined_svm,789,3,067,34,1,-0.3424062146565984
mild,image_combined_svm,789,3,073,13,1,-0.10496686541680789
mild,image_combined_svm,789,3,076,4,1,-0.3951651503204463
mild,image_combined_svm,789,3,079,43,1,-0.4523225102992077
mild,image_combined_svm,789,3,091,96,1,-0.7306621698372704
mild,image_combined_svm,789,3,098,4,1,0.35500854482533556
mild,image_combined_svm,789,3,100,72,1,-0.35255720276389924
mild,image_combined_svm,789,3,113,78,0,-0.11909160516390718
mild,image_combined_svm,789,3,117,7,0,-0.3111849128924518
mild,image_combined_svm,789,3,128,96,1,-0.07684671751829403
mild,image_combined_svm,789,3,131,54,1,-0.10908306102027807
mild,image_combined_svm,789,3,135,64,1,-0.16726873823953092
mild,image_combined_svm,789,3,139,89,0,-0.14732223622119076
mild,image_combined_svm,789,3,143,28,0,-0.28169757977595006
mild,image_combined_svm,789,3,146,78,0,-0.1440905655965129
mild,image_combined_svm,789,3,147,72,0,-0.3167594827309545
mild,image_combined_svm,789,3,148,7,0,-0.3354318251438088
mild,image_combined_svm,789,3,168,4,1,0.0777123441142829
mild,image_combined_svm,789,3,173,89,0,-0.25187354764511294
mild,image_combined_svm,789,3,177,32,0,0.3696410112374719
mild,image_combined_svm,789,3,179,37,0,0.39643573358720335
mild,image_combined_svm,789,3,191,87,0,-0.5473545650965322
mild,image_combined_svm,789,3,209,64,0,-0.08024049819860835
mild,image_combined_svm,789,3,211,87,0,-0.5255418481500567
mild,image_combined_svm,789,3,221,72,1,-0.16907548564895195
mild,image_combined_svm,789,3,227,78,0,-0.23778429432331621
mild,image_combined_svm,789,3,228,43,1,-0.04700945861547662
mild,image_combined_svm,789,3,230,34,0,-0.24232590309149432
mild,image_combined_svm,789,3,233,37,1,0.14661100238167135
mild,image_combined_svm,789,3,235,89,0,-0.13671020662937095
mild,image_combined_svm,789,3,238,54,1,0.5121470695132329
mild,image_combined_svm,789,3,240,72,0,-0.2620383024025285
mild,image_combined_svm,789,3,259,62,1,-0.004419720118681747
mild,image_combined_svm,789,3,260,60,0,-0.574503105820459
mild,image_combined_svm,789,3,264,31,0,-0.014515249015899068
mild,image_combined_svm,789,4,004,45,1,-0.41219405829246425
mild,image_combined_svm,789,4,020,20,1,0.5014527913105616
mild,image_combined_svm,789,4,023,44,0,-0.7867192985307715
mild,image_combined_svm,789,4,027,85,1,0.2150723547242054
mild,image_combined_svm,789,4,029,35,0,0.18071618331077835
mild,image_combined_svm,789,4,031,38,1,-0.23175578907123198
mild,image_combined_svm,789,4,032,19,0,-0.5034066064219276
mild,image_combined_svm,789,4,060,44,0,0.12262582758331933
mild,image_combined_svm,789,4,065,41,1,-0.16084095276798271
mild,image_combined_svm,789,4,075,38,1,-0.3482492575428292
mild,image_combined_svm,789,4,089,20,1,0.4856497308878863
mild,image_combined_svm,789,4,096,17,0,-0.4239992460374048
mild,image_combined_svm,789,4,101,36,0,-0.25318349319832356
mild,image_combined_svm,789,4,104,19,0,-0.7922690351313161
mild,image_combined_svm,789,4,107,35,0,-0.5316839642415019
mild,image_combined_svm,789,4,115,41,1,0.17072232905532467
mild,image_combined_svm,789,4,116,85,0,0.0452469322386064
mild,image_combined_svm,789,4,125,42,0,-1.178206902840943
mild,image_combined_svm,789,4,132,38,0,-0.17762125850882898
mild,image_combined_svm,789,4,137,19,0,-0.495865935670331
mild,image_combined_svm,789,4,142,44,0,-0.2663944788163627
mild,image_combined_svm,789,4,144,63,1,0.2960377437813745
mild,image_combined_svm,789,4,145,36,0,-0.6887335892804259
mild,image_combined_svm,789,4,151,85,1,-0.06388589710900913
mild,image_combined_svm,789,4,154,45,0,-0.0008077115976193872
mild,image_combined_svm,789,4,166,19,0,-0.6651253919940217
mild,image_combined_svm,789,4,171,42,0,-0.8263195939688274
mild,image_combined_svm,789,4,176,41,0,-0.8131494735533914
mild,image_combined_svm,789,4,187,17,0,-0.6492803633786958
mild,image_combined_svm,789,4,188,85,0,-0.7814577050140793
mild,image_combined_svm,789,4,190,44,0,-0.18266960323560708
mild,image_combined_svm,789,4,192,38,0,-0.10775416829567416
mild,image_combined_svm,789,4,197,35,0,-0.260864167580629
mild,image_combined_svm,789,4,205,95,0,-0.014588147444755478
mild,image_combined_svm,789,4,206,42,0,-0.6414543683986048
mild,image_combined_svm,789,4,210,20,1,0.21667477649397085
mild,image_combined_svm,789,4,213,44,1,0.6983328943833987
mild,image_combined_svm,789,4,216,36,1,-0.5732077533536521
mild,image_combined_svm,789,4,223,38,0,-0.3277142560127652
mild,image_combined_svm,789,4,226,41,1,-0.347066363248581
mild,image_combined_svm,789,4,236,44,0,0.29080570412067186
mild,image_combined_svm,789,4,243,85,1,1.2383439587263092
mild,image_combined_svm,789,4,248,36,1,0.3325906450440559
mild,image_combined_svm,789,4,249,17,1,0.11172153153288536
mild,image_combined_svm,789,4,251,38,0,0.02492542086318414
mild,image_combined_svm,789,4,253,45,1,-0.6472400742709703
mild,image_combined_svm,789,4,258,85,1,-0.454244123757634
mild,image_combined_svm,789,4,269,44,0,-0.3660710897222442
mild,image_combined_svm,2024,0,004,45,1,-0.24174184381677333
mild,image_combined_svm,2024,0,010,72,0,-0.3775617472062829
mild,image_combined_svm,2024,0,017,8,0,-1.2203848226242815
mild,image_combined_svm,2024,0,024,89,0,-0.4722227834732997
mild,image_combined_svm,2024,0,027,85,1,0.40330676216753414
mild,image_combined_svm,2024,0,035,83,1,-0.1758128523991439
mild,image_combined_svm,2024,0,040,8,0,-0.3120829586413182
mild,image_combined_svm,2024,0,047,51,0,-0.5448777577709476
mild,image_combined_svm,2024,0,050,51,0,-0.21667326069253243
mild,image_combined_svm,2024,0,052,8,0,-0.27665716138379437
mild,image_combined_svm,2024,0,087,51,0,-0.3849884517230997
mild,image_combined_svm,2024,0,092,51,0,-0.3397974869943384
mild,image_combined_svm,2024,0,100,72,1,-0.2125742920897027
mild,image_combined_svm,2024,0,103,6,0,-0.2163907945882085
mild,image_combined_svm,2024,0,108,61,0,-0.7057977284552066
mild,image_combined_svm,2024,0,116,85,0,0.24274485793102643
mild,image_combined_svm,2024,0,117,7,0,-0.520541672418347
mild,image_combined_svm,2024,0,121,74,1,-0.06571302236138807
mild,image_combined_svm,2024,0,133,51,0,0.18354373863589638
mild,image_combined_svm,2024,0,139,89,0,0.2501065182778133
mild,image_combined_svm,2024,0,144,63,1,0.3989408369184151
mild,image_combined_svm,2024,0,147,72,0,-0.19145891708961907
mild,image_combined_svm,2024,0,148,7,0,-0.3157982458814138
mild,image_combined_svm,2024,0,151,85,1,0.2080128863685067
mild,image_combined_svm,2024,0,153,83,1,-0.2502929974023593
mild,image_combined_svm,2024,0,154,45,0,0.07737243980044281
mild,image_combined_svm,2024,0,158,74,1,0.5065882118310026
mild,image_combined_svm,2024,0,160,51,0,-0.36614838668714145
mild,image_combined_svm,2024,0,165,30,0,-1.392061695254981
mild,image_combined_svm,2024,0,173,89,0,-0.5240210521046286
mild,image_combined_svm,2024,0,175,74,1,0.5848684987207687
mild,image_combined_svm,2024,0,180,73,1,-0.3239398677501182
mild,image_combined_svm,2024,0,181,6,0,-0.3978728915812488
mild,image_combined_svm,2024,0,186,51,0,-0.517230909718481
mild,image_combined_svm,2024,0,188,85,0,-0.7482729551125779
mild,image_combined_svm,2024,0,193,56,1,1.0571321386919985
mild,image_combined_svm,2024,0,205,95,0,0.355795359669384
mild,image_combined_svm,2024,0,219,73,1,0.3222577848274246
mild,image_combined_svm,2024,0,221,72,1,-0.10041830235999202
mild,image_combined_svm,2024,0,229,51,0,-1.0124672049443932
mild,image_combined_svm,2024,0,235,89,0,-0.035780202868986255
mild,image_combined_svm,2024,0,240,72,0,0.4027318125490694
mild,image_combined_svm,2024,0,243,85,1,1.3494221692099506
mild,image_combined_svm,2024,0,253,45,1,-0.5324801227544071
mild,image_combined_svm,2024,0,257,83,1,0.862095595655807
mild,image_combined_svm,2024,0,258,85,1,-0.2874223919740606
mild,image_combined_svm,2024,0,262,14,0,-0.2110048541672029
mild,image_combined_svm,2024,1,016,84,1,-0.08818236235907509
mild,image_combined_svm,2024,1,026,86,1,1.1253828492987537
mild,image_combined_svm,2024,1,031,38,1,-0.8019524076978205
mild,image_combined_svm,2024,1,032,19,0,-0.5792078503378948
mild,image_combined_svm,2024,1,041,26,1,-0.5472540907872603
mild,image_combined_svm,2024,1,048,67,0,-0.1151507876326904
mild,image_combined_svm,2024,1,055,15,1,-0.2224458645532555
mild,image_combined_svm,2024,1,065,41,1,-0.4511435169838325
mild,image_combined_svm,2024,1,075,38,1,-0.5768856364076258
mild,image_combined_svm,2024,1,077,86,1,-0.34878185852049637
mild,image_combined_svm,2024,1,078,93,0,-0.4543728740299318
mild,image_combined_svm,2024,1,085,18,0,-0.8584403346117605
mild,image_combined_svm,2024,1,086,18,0,-0.2895220798701151
mild,image_combined_svm,2024,1,094,93,1,-0.5592359672172982
mild,image_combined_svm,2024,1,095,86,1,-0.378687696062601
mild,image_combined_svm,2024,1,104,19,0,-0.7270588338178068
mild,image_combined_svm,2024,1,106,48,1,-0.2070323687210103
mild,image_combined_svm,2024,1,115,41,1,-0.179645813881674
mild,image_combined_svm,2024,1,120,52,0,-1.0173655096340037
mild,image_combined_svm,2024,1,132,38,0,-0.23642820221556338
mild,image_combined_svm,2024,1,137,19,0,-0.6735103473723424
mild,image_combined_svm,2024,1,140,84,1,-0.8686990406381748
mild,image_combined_svm,2024,1,152,58,1,0.8540955217183143
mild,image_combined_svm,2024,1,155,68,1,0.16870528301327425
mild,image_combined_svm,2024,1,159,52,0,-0.6616689958811366
mild,image_combined_svm,2024,1,163,48,0,0.6639703816918154
mild,image_combined_svm,2024,1,164,53,0,-0.21446322897287975
mild,image_combined_svm,2024,1,166,19,0,-0.272952840731987
mild,image_combined_svm,2024,1,170,53,0,-0.8803244725590884
mild,image_combined_svm,2024,1,172,18,0,-0.8032004211574241
mild,image_combined_svm,2024,1,176,41,0,-0.9947472034148901
mild,image_combined_svm,2024,1,184,68,0,0.9568190049610811
mild,image_combined_svm,2024,1,192,38,0,0.0471137055120423
mild,image_combined_svm,2024,1,196,67,0,-0.49195474612470413
mild,image_combined_svm,2024,1,198,93,0,-0.5350464616994084
mild,image_combined_svm,2024,1,201,66,1,-0.7119237249181831
mild,image_combined_svm,2024,1,222,52,0,-0.6101623983472542
mild,image_combined_svm,2024,1,223,38,0,-0.393150513187595
mild,image_combined_svm,2024,1,225,67,0,-0.4203907789179907
mild,image_combined_svm,2024,1,226,41,1,-0.5181341911582431
mild,image_combined_svm,2024,1,237,18,0,0.38313532295024166
mild,image_combined_svm,2024,1,251,38,0,0.6985582497833732
mild,image_combined_svm,2024,1,252,18,0,-0.8164929276529119
mild,image_combined_svm,2024,1,254,86,1,-0.01264690827296322
mild,image_combined_svm,2024,1,256,10,1,0.0771277281093945
mild,image_combined_svm,2024,1,260,60,0,-1.227377167847187
mild,image_combined_svm,2024,1,265,18,0,-1.8070688723333657
mild,image_combined_svm,2024,2,005,65,0,-0.8730693575733104
mild,image_combined_svm,2024,2,006,49,1,0.8189682757124659
mild,image_combined_svm,2024,2,007,90,1,-0.14845005955076884
mild,image_combined_svm,2024,2,015,75,1,-1.2198795650186145
mild,image_combined_svm,2024,2,023,44,0,-0.8376859826147423
mild,image_combined_svm,2024,2,029,35,0,0.17608391127445427
mild,image_combined_svm,2024,2,034,91,1,0.6135634289961704
mild,image_combined_svm,2024,2,037,90,0,-0.4113740223498127
mild,image_combined_svm,2024,2,039,40,0,-0.055597413064827905
mild,image_combined_svm,2024,2,045,49,1,-0.4239127930448355
mild,image_combined_svm,2024,2,057,69,1,0.5873323007840621
mild,image_combined_svm,2024,2,058,50,0,-0.9505432342689013
mild,image_combined_svm,2024,2,060,44,0,-0.22817851557582106
mild,image_combined_svm,2024,2,066,90,1,-0.40256621940371307
mild,image_combined_svm,2024,2,070,75,1,-0.40408943100112615
mild,image_combined_svm,2024,2,081,40,0,-0.4652861334126955
mild,image_combined_svm,2024,2,090,69,0,0.8852663922452197
mild,image_combined_svm,2024,2,102,76,1,-0.008859750976819625
mild,image_combined_svm,2024,2,107,35,0,-0.9482684417472482
mild,image_combined_svm,2024,2,118,91,1,0.14898987766497257
mild,image_combined_svm,2024,2,119,40,0,-0.48552434322448623
mild,image_combined_svm,2024,2,127,75,1,0.2952270133762966
mild,image_combined_svm,2024,2,129,69,1,1.5132208164730756
mild,image_combined_svm,2024,2,134,69,1,0.34532906974739624
mild,image_combined_svm,2024,2,138,75,1,0.05874621928633755
mild,image_combined_svm,2024,2,142,44,0,-0.3703508395288466
mild,image_combined_svm,2024,2,149,40,0,-0.21658449319343792
mild,image_combined_svm,2024,2,150,29,0,-0.05959239278953549
mild,image_combined_svm,2024,2,156,5,0,-0.1646229748619752
mild,image_combined_svm,2024,2,178,76,1,0.5397356117318024
mild,image_combined_svm,2024,2,179,37,0,0.5270099276487579
mild,image_combined_svm,2024,2,190,44,0,-0.0617424388136843
mild,image_combined_svm,2024,2,194,5,0,-0.395874188574495
mild,image_combined_svm,2024,2,197,35,0,-0.3740433486994835
mild,image_combined_svm,2024,2,202,46,0,-0.5175410542779587
mild,image_combined_svm,2024,2,204,27,0,-1.0435160426392405
mild,image_combined_svm,2024,2,213,44,1,0.9465906562248758
mild,image_combined_svm,2024,2,215,50,0,-1.0438163424619111
mild,image_combined_svm,2024,2,231,11,0,-0.34115363272579585
mild,image_combined_svm,2024,2,233,37,1,0.26486424102450173
mild,image_combined_svm,2024,2,236,44,0,0.6225629390107128
mild,image_combined_svm,2024,2,241,29,0,-0.8056683946058356
mild,image_combined_svm,2024,2,244,75,1,0.2098115267946999
mild,image_combined_svm,2024,2,246,50,0,-0.9413035702802481
mild,image_combined_svm,2024,2,267,98,1,-0.6699133901067373
mild,image_combined_svm,2024,2,269,44,0,-0.8127035862955856
mild,image_combined_svm,2024,2,270,49,0,0.12182201328122438
mild,image_combined_svm,2024,3,002,78,0,0.13242573123815038
mild,image_combined_svm,2024,3,008,28,0,-0.18475852331638032
mild,image_combined_svm,2024,3,013,92,0,-0.8625215006167676
mild,image_combined_svm,2024,3,014,39,1,-0.1369406565159338
mild,image_combined_svm,2024,3,019,82,0,-0.488897566074489
mild,image_combined_svm,2024,3,038,43,1,-0.2942547858882225
mild,image_combined_svm,2024,3,042,23,0,-0.5210204133508096
mild,image_combined_svm,2024,3,051,28,0,-0.5196433830936951
mild,image_combined_svm,2024,3,053,78,0,0.4603082611414936
mild,image_combined_svm,2024,3,054,16,1,-0.013693947917211124
mild,image_combined_svm,2024,3,068,22,1,-0.531737141349085
mild,image_combined_svm,2024,3,071,23,1,0.9458103192095614
mild,image_combined_svm,2024,3,073,13,1,0.3720341507687238
mild,image_combined_svm,2024,3,079,43,1,-0.9805445438085603
mild,image_combined_svm,2024,3,088,82,0,-0.2599958405171835
mild,image_combined_svm,2024,3,091,96,1,-1.0934566807828392
mild,image_combined_svm,2024,3,096,17,0,-0.5563262108753034
mild,image_combined_svm,2024,3,097,2,1,0.6495024173343268
mild,image_combined_svm,2024,3,110,22,1,0.7731490159824438
mild,image_combined_svm,2024,3,112,94,0,-0.4874415871756025
mild,image_combined_svm,2024,3,113,78,0,0.3286264777867537
mild,image_combined_svm,2024,3,114,92,1,0.32357901467923944
mild,image_combined_svm,2024,3,125,42,0,-0.9269754335366652
mild,image_combined_svm,2024,3,126,82,0,-0.8079490599762852
mild,image_combined_svm,2024,3,128,96,1,0.48328954324387585
mild,image_combined_svm,2024,3,131,54,1,-0.041071713114048225
mild,image_combined_svm,2024,3,136,39,0,1.452340474090247
mild,image_combined_svm,2024,3,143,28,0,-0.357460091766851
mild,image_combined_svm,2024,3,146,78,0,0.31366577317040234
mild,image_combined_svm,2024,3,162,23,0,-0.18541523581358244
mild,image_combined_svm,2024,3,167,22,1,0.3022960541391352
mild,image_combined_svm,2024,3,169,39,1,0.4166633741801783
mild,image_combined_svm,2024,3,171,42,0,-0.6791348377518788
mild,image_combined_svm,2024,3,177,32,0,0.03722525867146087
mild,image_combined_svm,2024,3,187,17,0,-0.5420745052386898
mild,image_combined_svm,2024,3,189,22,1,-0.3364078128468687
mild,image_combined_svm,2024,3,195,94,0,-1.7534929766202403
mild,image_combined_svm,2024,3,199,82,0,-1.2610390505227838
mild,image_combined_svm,2024,3,200,21,0,-0.8527375488462324
mild,image_combined_svm,2024,3,206,42,0,-0.852780112545827
mild,image_combined_svm,2024,3,214,92,0,-0.6991780419445642
mild,image_combined_svm,2024,3,227,78,0,-0.4893030435372837
mild,image_combined_svm,2024,3,228,43,1,-0.3078617906782415
mild,image_combined_svm,2024,3,234,39,0,0.494950399818603
mild,image_combined_svm,2024,3,238,54,1,1.0027660721337313
mild,image_combined_svm,2024,3,249,17,1,0.034099277159877595
mild,image_combined_svm,2024,3,264,31,0,0.3868467842387714
mild,image_combined_svm,2024,3,268,21,0,0.06879246739087408
mild,image_combined_svm,2024,3,272,33,1,-0.4416525967587691
mild,image_combined_svm,2024,4,001,87,0,0.027261028338984306
mild,image_combined_svm,2024,4,003,1,0,0.0757714815869765
mild,image_combined_svm,2024,4,020,20,1,0.6710336873990834
mild,image_combined_svm,2024,4,021,70,0,0.20031510912356348
mild,image_combined_svm,2024,4,022,34,1,0.12255011462756699
mild,image_combined_svm,2024,4,028,55,0,-0.5530697020889519
mild,image_combined_svm,2024,4,030,57,1,-0.626669436905913
mild,image_combined_svm,2024,4,036,77,0,-1.1468348621851294
mild,image_combined_svm,2024,4,046,70,1,0.6205079707711667
mild,image_combined_svm,2024,4,049,87,0,-0.22672088744561722
mild,image_combined_svm,2024,4,061,24,1,0.10189172030420235
mild,image_combined_svm,2024,4,062,55,0,-0.33753405751410015
mild,image_combined_svm,2024,4,064,88,0,-0.7818693596732464
mild,image_combined_svm,2024,4,067,34,1,-0.23513496725933242
mild,image_combined_svm,2024,4,069,1,0,-0.4691799160976786
mild,image_combined_svm,2024,4,072,70,1,0.4501047701758694
mild,image_combined_svm,2024,4,076,4,1,-0.20264180256858133
mild,image_combined_svm,2024,4,080,25,0,0.7106576865102625
mild,image_combined_svm,2024,4,083,79,0,-0.1467255623140548
mild,image_combined_svm,2024,4,089,20,1,1.0300640956710239
mild,image_combined_svm,2024,4,098,4,1,0.4103537408563995
mild,image_combined_svm,2024,4,101,36,0,-0.3528445559583999
mild,image_combined_svm,2024,4,111,77,0,-0.12201378692965775
mild,image_combined_svm,2024,4,122,71,0,-0.6525480484273081
mild,image_combined_svm,2024,4,130,88,0,-0.5433030748295392
mild,image_combined_svm,2024,4,135,64,1,0.4889521315147403
mild,image_combined_svm,2024,4,145,36,0,-0.21684143888975688
mild,image_combined_svm,2024,4,157,77,0,-0.7271937625137652
mild,image_combined_svm,2024,4,161,79,1,0.18448752137185082
mild,image_combined_svm,2024,4,168,4,1,0.23239710879004055
mild,image_combined_svm,2024,4,174,1,0,-0.6777549488908621
mild,image_combined_svm,2024,4,182,79,1,-0.25799806922062657
mild,image_combined_svm,2024,4,185,71,0,-0.8064580733333764
mild,image_combined_svm,2024,4,191,87,0,-1.2083393598754868
mild,image_combined_svm,2024,4,203,77,1,0.015866584300865016
mild,image_combined_svm,2024,4,208,79,1,0.68695821908368
mild,image_combined_svm,2024,4,209,64,0,-0.07315702675118063
mild,image_combined_svm,2024,4,210,20,1,0.5569497407548989
mild,image_combined_svm,2024,4,211,87,0,-0.6230562220236455
mild,image_combined_svm,2024,4,212,12,0,-0.47630539421471463
mild,image_combined_svm,2024,4,216,36,1,0.09161197021894946
mild,image_combined_svm,2024,4,220,88,0,-1.2236024115660873
mild,image_combined_svm,2024,4,230,34,0,0.23066740214324039
mild,image_combined_svm,2024,4,239,1,0,-0.04672130160870097
mild,image_combined_svm,2024,4,247,88,0,-0.8550397871580494
mild,image_combined_svm,2024,4,248,36,1,0.3181857939019523
mild,image_combined_svm,2024,4,255,97,0,-0.14462521551733498
mild,image_combined_svm,2024,4,259,62,1,0.10847354921386287
mild,image_combined_svm,2024,4,266,88,0,-0.9246216326634389
mild,body_static_svm,42,0,004,45,1,0.9250571501603225
mild,body_static_svm,42,0,005,65,0,-1.2871191587746906
mild,body_static_svm,42,0,013,92,0,-0.818857866946291
mild,body_static_svm,42,0,017,8,0,-1.020212301341835
mild,body_static_svm,42,0,019,82,0,-1.6479897027554364
mild,body_static_svm,42,0,020,20,1,0.8398668976870102
mild,body_static_svm,42,0,022,34,1,0.02912719831241123
mild,body_static_svm,42,0,035,83,1,0.1259675033930684
mild,body_static_svm,42,0,040,8,0,0.009074124900177005
mild,body_static_svm,42,0,047,51,0,-0.5658951094169855
mild,body_static_svm,42,0,050,51,0,0.5241822352522805
mild,body_static_svm,42,0,052,8,0,0.29752890669502474
mild,body_static_svm,42,0,061,24,1,1.2849594106568567
mild,body_static_svm,42,0,067,34,1,0.5356993215457847
mild,body_static_svm,42,0,087,51,0,-0.7221845883218794
mild,body_static_svm,42,0,088,82,0,-0.817314506183748
mild,body_static_svm,42,0,089,20,1,0.9793719688392629
mild,body_static_svm,42,0,091,96,1,0.6368997619217512
mild,body_static_svm,42,0,092,51,0,-0.738974497055968
mild,body_static_svm,42,0,101,36,0,-1.2009247381423056
mild,body_static_svm,42,0,102,76,1,0.02467678128643569
mild,body_static_svm,42,0,103,6,0,-0.9547774953786647
mild,body_static_svm,42,0,114,92,1,0.8368850859663618
mild,body_static_svm,42,0,126,82,0,-1.7174799478699398
mild,body_static_svm,42,0,128,96,1,1.673692925660542
mild,body_static_svm,42,0,133,51,0,0.44651500919525555
mild,body_static_svm,42,0,145,36,0,-1.2023882155017063
mild,body_static_svm,42,0,153,83,1,0.5967280271118441
mild,body_static_svm,42,0,154,45,0,-0.28404250396706565
mild,body_static_svm,42,0,160,51,0,-0.44669189025104167
mild,body_static_svm,42,0,164,53,0,-0.8837673175862655
mild,body_static_svm,42,0,170,53,0,-0.7285134552660931
mild,body_static_svm,42,0,177,32,0,-0.10521065982293981
mild,body_static_svm,42,0,178,76,1,0.6946124729407556
mild,body_static_svm,42,0,181,6,0,-1.5288714067393516
mild,body_static_svm,42,0,186,51,0,-1.0453567817518068
mild,body_static_svm,42,0,199,82,0,-0.637753191253214
mild,body_static_svm,42,0,200,21,0,-0.5770257139635748
mild,body_static_svm,42,0,204,27,0,-0.7311919729400425
mild,body_static_svm,42,0,210,20,1,1.3119965933308184
mild,body_static_svm,42,0,214,92,0,-1.2249079332796113
mild,body_static_svm,42,0,216,36,1,0.607426815899707
mild,body_static_svm,42,0,229,51,0,-1.0671553621947032
mild,body_static_svm,42,0,230,34,0,-0.9835157348408442
mild,body_static_svm,42,0,248,36,1,0.5465864019020826
mild,body_static_svm,42,0,253,45,1,0.0927932500646923
mild,body_static_svm,42,0,255,97,0,0.47621665063956253
mild,body_static_svm,42,0,257,83,1,0.6532645711226067
mild,body_static_svm,42,0,259,62,1,0.40512526516762637
mild,body_static_svm,42,0,268,21,0,-1.1206255245973562
mild,body_static_svm,42,1,016,84,1,1.0826610645474584
mild,body_static_svm,42,1,030,57,1,-0.8587395300016496
mild,body_static_svm,42,1,039,40,0,-0.8840690769715462
mild,body_static_svm,42,1,042,23,0,-0.09372865322053553
mild,body_static_svm,42,1,068,22,1,0.422951414789116
mild,body_static_svm,42,1,071,23,1,1.293047980881743
mild,body_static_svm,42,1,073,13,1,1.5015714824700865
mild,body_static_svm,42,1,076,4,1,0.4491776719952433
mild,body_static_svm,42,1,081,40,0,-0.4999963831347615
mild,body_static_svm,42,1,083,79,0,-0.9767538791760484
mild,body_static_svm,42,1,085,18,0,-1.8821569414496124
mild,body_static_svm,42,1,086,18,0,-1.6051342343610495
mild,body_static_svm,42,1,096,17,0,-1.482550546456539
mild,body_static_svm,42,1,098,4,1,0.8486998889178472
mild,body_static_svm,42,1,110,22,1,1.6466698913337345
mild,body_static_svm,42,1,112,94,0,-0.5690112667779506
mild,body_static_svm,42,1,119,40,0,-1.3979749278219888
mild,body_static_svm,42,1,120,52,0,-0.7852362955962814
mild,body_static_svm,42,1,122,71,0,-0.8632257907058797
mild,body_static_svm,42,1,135,64,1,1.311396649860163
mild,body_static_svm,42,1,140,84,1,-0.38872975958598543
mild,body_static_svm,42,1,149,40,0,-0.1428669710583661
mild,body_static_svm,42,1,152,58,1,1.0500681048347404
mild,body_static_svm,42,1,156,5,0,-0.5358337378595261
mild,body_static_svm,42,1,159,52,0,-0.6735286201002287
mild,body_static_svm,42,1,161,79,1,0.4036735467650855
mild,body_static_svm,42,1,162,23,0,-0.17929144498952002
mild,body_static_svm,42,1,165,30,0,-0.6784629222031501
mild,body_static_svm,42,1,167,22,1,1.3822947796002463
mild,body_static_svm,42,1,168,4,1,0.08097410951310263
mild,body_static_svm,42,1,172,18,0,-1.7884726089962824
mild,body_static_svm,42,1,182,79,1,0.10391032421875873
mild,body_static_svm,42,1,185,71,0,-1.0332462398459274
mild,body_static_svm,42,1,187,17,0,-0.8380546422403683
mild,body_static_svm,42,1,189,22,1,1.3301168020056726
mild,body_static_svm,42,1,194,5,0,-0.5890768347239304
mild,body_static_svm,42,1,195,94,0,-0.5558207725381098
mild,body_static_svm,42,1,201,66,1,-0.9129907467940761
mild,body_static_svm,42,1,208,79,1,0.35767690397111584
mild,body_static_svm,42,1,209,64,0,0.49153399647928353
mild,body_static_svm,42,1,212,12,0,-0.8292499499586665
mild,body_static_svm,42,1,222,52,0,-0.8927148153706527
mild,body_static_svm,42,1,231,11,0,-1.0210513096622842
mild,body_static_svm,42,1,237,18,0,-1.323697274929456
mild,body_static_svm,42,1,249,17,1,1.4498626186541552
mild,body_static_svm,42,1,252,18,0,-0.20399224806476585
mild,body_static_svm,42,1,265,18,0,-1.0996224393624086
mild,body_static_svm,42,2,002,78,0,-0.12562287925314874
mild,body_static_svm,42,2,003,1,0,-1.1462469227738534
mild,body_static_svm,42,2,014,39,1,0.03473445435734657
mild,body_static_svm,42,2,021,70,0,0.659863705263436
mild,body_static_svm,42,2,026,86,1,1.7663688038640248
mild,body_static_svm,42,2,028,55,0,-0.9532018811356419
mild,body_static_svm,42,2,041,26,1,0.9190019817399608
mild,body_static_svm,42,2,046,70,1,0.6788058286349774
mild,body_static_svm,42,2,053,78,0,0.8236658710927098
mild,body_static_svm,42,2,057,69,1,1.6086930956998582
mild,body_static_svm,42,2,058,50,0,0.7161913133787998
mild,body_static_svm,42,2,062,55,0,-1.7600814270321579
mild,body_static_svm,42,2,065,41,1,1.3495721705343051
mild,body_static_svm,42,2,069,1,0,-1.3406593744379325
mild,body_static_svm,42,2,072,70,1,0.1758195489168225
mild,body_static_svm,42,2,077,86,1,1.7090417348289197
mild,body_static_svm,42,2,080,25,0,-0.1404148737974521
mild,body_static_svm,42,2,090,69,0,1.0634712617861835
mild,body_static_svm,42,2,095,86,1,1.8303543200878483
mild,body_static_svm,42,2,097,2,1,0.875323718779845
mild,body_static_svm,42,2,113,78,0,0.335432444805131
mild,body_static_svm,42,2,115,41,1,0.8185735170721149
mild,body_static_svm,42,2,125,42,0,-2.244639593033047
mild,body_static_svm,42,2,129,69,1,0.9988556577493257
mild,body_static_svm,42,2,134,69,1,0.8690762959817
mild,body_static_svm,42,2,136,39,0,1.1728989447862348
mild,body_static_svm,42,2,146,78,0,-0.13383793745823958
mild,body_static_svm,42,2,150,29,0,0.42787561268970775
mild,body_static_svm,42,2,169,39,1,0.46678352702634573
mild,body_static_svm,42,2,171,42,0,-1.8101387283073431
mild,body_static_svm,42,2,174,1,0,-2.0127144470341873
mild,body_static_svm,42,2,176,41,0,-0.7716106102836997
mild,body_static_svm,42,2,180,73,1,1.5082131579059126
mild,body_static_svm,42,2,205,95,0,-0.6168773531896358
mild,body_static_svm,42,2,206,42,0,-2.0714261612675795
mild,body_static_svm,42,2,215,50,0,-1.9634753971330698
mild,body_static_svm,42,2,219,73,1,1.6105234701395854
mild,body_static_svm,42,2,226,41,1,-0.10980841878240788
mild,body_static_svm,42,2,227,78,0,-1.2928157943211271
mild,body_static_svm,42,2,234,39,0,0.24492973474057278
mild,body_static_svm,42,2,239,1,0,-1.4821419275170018
mild,body_static_svm,42,2,241,29,0,-0.3921364626777486
mild,body_static_svm,42,2,246,50,0,-1.0193891641165431
mild,body_static_svm,42,2,254,86,1,1.274868755022886
mild,body_static_svm,42,2,260,60,0,-0.6434010557168247
mild,body_static_svm,42,2,262,14,0,-0.2627349511079189
mild,body_static_svm,42,2,267,98,1,-0.6446230276528837
mild,body_static_svm,42,2,272,33,1,-0.02013981776355689
mild,body_static_svm,42,3,001,87,0,-1.3959581700942083
mild,body_static_svm,42,3,008,28,0,0.16233010952742633
mild,body_static_svm,42,3,010,72,0,-0.9514949396853887
mild,body_static_svm,42,3,015,75,1,-0.8239167041544314
mild,body_static_svm,42,3,023,44,0,-1.743094747574981
mild,body_static_svm,42,3,027,85,1,-0.14453539110375702
mild,body_static_svm,42,3,029,35,0,-0.7126475245219238
mild,body_static_svm,42,3,034,91,1,1.117121645350726
mild,body_static_svm,42,3,049,87,0,-1.562831387488971
mild,body_static_svm,42,3,051,28,0,-0.41159945696856287
mild,body_static_svm,42,3,060,44,0,-0.4206735317987812
mild,body_static_svm,42,3,070,75,1,-0.10807878434218937
mild,body_static_svm,42,3,078,93,0,-0.9771680052212934
mild,body_static_svm,42,3,094,93,1,-0.10923619377341176
mild,body_static_svm,42,3,100,72,1,0.10528819962897751
mild,body_static_svm,42,3,106,48,1,-0.1548116924806861
mild,body_static_svm,42,3,107,35,0,-1.0098208318719424
mild,body_static_svm,42,3,116,85,0,-0.08268399830547357
mild,body_static_svm,42,3,117,7,0,-1.5781409150517671
mild,body_static_svm,42,3,118,91,1,1.2577327486194374
mild,body_static_svm,42,3,127,75,1,0.1684518827068533
mild,body_static_svm,42,3,138,75,1,-0.14133408704791994
mild,body_static_svm,42,3,142,44,0,-0.6408932235519074
mild,body_static_svm,42,3,143,28,0,-0.8521002644274461
mild,body_static_svm,42,3,147,72,0,0.7643770565130772
mild,body_static_svm,42,3,148,7,0,-1.447153821759984
mild,body_static_svm,42,3,151,85,1,0.09189635143142616
mild,body_static_svm,42,3,163,48,0,0.34864912634791523
mild,body_static_svm,42,3,179,37,0,0.5738303359534
mild,body_static_svm,42,3,188,85,0,-0.8210565754161818
mild,body_static_svm,42,3,190,44,0,-1.1776382270162633
mild,body_static_svm,42,3,191,87,0,-1.7588179726591169
mild,body_static_svm,42,3,193,56,1,0.7935326102873912
mild,body_static_svm,42,3,197,35,0,-1.030046114930955
mild,body_static_svm,42,3,198,93,0,-1.0846797777040962
mild,body_static_svm,42,3,202,46,0,-1.0607199201154425
mild,body_static_svm,42,3,211,87,0,-1.696959272554117
mild,body_static_svm,42,3,213,44,1,0.5244675438015809
mild,body_static_svm,42,3,221,72,1,-0.8684587099878094
mild,body_static_svm,42,3,233,37,1,1.2555311837593122
mild,body_static_svm,42,3,236,44,0,-0.19126014684955883
mild,body_static_svm,42,3,240,72,0,-0.8410324012105679
mild,body_static_svm,42,3,243,85,1,0.5763135269027311
mild,body_static_svm,42,3,244,75,1,0.6325802304191923
mild,body_static_svm,42,3,256,10,1,0.5141258465887585
mild,body_static_svm,42,3,258,85,1,-0.3348542144997623
mild,body_static_svm,42,3,264,31,0,0.20537027691343623
mild,body_static_svm,42,3,269,44,0,-0.5040517257845238
mild,body_static_svm,42,4,006,49,1,0.9051678747642512
mild,body_static_svm,42,4,007,90,1,0.19168002597556766
mild,body_static_svm,42,4,024,89,0,-0.15981801378245597
mild,body_static_svm,42,4,031,38,1,-0.7310383863047138
mild,body_static_svm,42,4,032,19,0,-1.564452034810512
mild,body_static_svm,42,4,036,77,0,-0.23594112916787546
mild,body_static_svm,42,4,037,90,0,-0.05215354939610284
mild,body_static_svm,42,4,038,43,1,-0.23882545548000533
mild,body_static_svm,42,4,045,49,1,1.2593303718075717
mild,body_static_svm,42,4,048,67,0,-0.24199584828066018
mild,body_static_svm,42,4,054,16,1,0.6319078476055723
mild,body_static_svm,42,4,055,15,1,-1.331079903238991
mild,body_static_svm,42,4,064,88,0,-1.2096634006089597
mild,body_static_svm,42,4,066,90,1,0.05489837455641644
mild,body_static_svm,42,4,075,38,1,-0.8478897177388758
mild,body_static_svm,42,4,079,43,1,-0.7693775875774622
mild,body_static_svm,42,4,104,19,0,-0.8784632995578691
mild,body_static_svm,42,4,108,61,0,-0.33421791035416326
mild,body_static_svm,42,4,111,77,0,0.07367253768212112
mild,body_static_svm,42,4,121,74,1,0.26066718436575453
mild,body_static_svm,42,4,130,88,0,-1.534495114985765
mild,body_static_svm,42,4,131,54,1,0.17044768842350166
mild,body_static_svm,42,4,132,38,0,-0.5095634099622051
mild,body_static_svm,42,4,137,19,0,-1.4335625498652504
mild,body_static_svm,42,4,139,89,0,-0.13537772838955697
mild,body_static_svm,42,4,144,63,1,0.805273560083721
mild,body_static_svm,42,4,155,68,1,0.9666557918379003
mild,body_static_svm,42,4,157,77,0,-1.17004915015903
mild,body_static_svm,42,4,158,74,1,1.1248378618430839
mild,body_static_svm,42,4,166,19,0,-1.0776668952998762
mild,body_static_svm,42,4,173,89,0,-0.1284292991615309
mild,body_static_svm,42,4,175,74,1,1.7622302342477032
mild,body_static_svm,42,4,184,68,0,-0.17186666759609787
mild,body_static_svm,42,4,192,38,0,-0.8404679009964188
mild,body_static_svm,42,4,196,67,0,-0.7238156764574758
mild,body_static_svm,42,4,203,77,1,0.6284427174252855
mild,body_static_svm,42,4,220,88,0,-1.5491231913459798
mild,body_static_svm,42,4,223,38,0,-0.48979913354836824
mild,body_static_svm,42,4,225,67,0,-0.8145047858707744
mild,body_static_svm,42,4,228,43,1,-0.13187370051256997
mild,body_static_svm,42,4,235,89,0,0.27001077729872136
mild,body_static_svm,42,4,238,54,1,-0.5375536772754381
mild,body_static_svm,42,4,247,88,0,-0.7661720661829949
mild,body_static_svm,42,4,251,38,0,0.2471650854484564
mild,body_static_svm,42,4,266,88,0,-1.467685814697421
mild,body_static_svm,42,4,270,49,0,-0.0791209643148692
mild,body_static_svm,123,0,013,92,0,-0.6295721483485991
mild,body_static_svm,123,0,017,8,0,-0.6844401142846177
mild,body_static_svm,123,0,020,20,1,0.9037503194824675
mild,body_static_svm,123,0,021,70,0,0.7181572901576389
mild,body_static_svm,123,0,030,57,1,-0.8949105738368053
mild,body_static_svm,123,0,032,19,0,-1.0530958274537192
mild,body_static_svm,123,0,040,8,0,0.18053619879984206
mild,body_static_svm,123,0,046,70,1,0.5787281114389117
mild,body_static_svm,123,0,047,51,0,-0.7297428167954814
mild,body_static_svm,123,0,050,51,0,0.6225734483887183
mild,body_static_svm,123,0,052,8,0,0.5668221586938543
mild,body_static_svm,123,0,055,15,1,-1.0706780948756318
mild,body_static_svm,123,0,072,70,1,0.31642916937617693
mild,body_static_svm,123,0,073,13,1,1.4699668305715194
mild,body_static_svm,123,0,087,51,0,-0.7535409808170993
mild,body_static_svm,123,0,089,20,1,1.4966460665774202
mild,body_static_svm,123,0,092,51,0,-0.5841871790617851
mild,body_static_svm,123,0,102,76,1,0.48913885490622133
mild,body_static_svm,123,0,104,19,0,-0.5528056521658835
mild,body_static_svm,123,0,106,48,1,-0.2728006683980192
mild,body_static_svm,123,0,112,94,0,-0.8083483101357244
mild,body_static_svm,123,0,114,92,1,1.1228813803222306
mild,body_static_svm,123,0,121,74,1,0.3785607608099234
mild,body_static_svm,123,0,122,71,0,-0.9871891234516575
mild,body_static_svm,123,0,133,51,0,0.6332395756101897
mild,body_static_svm,123,0,135,64,1,1.2661247098065695
mild,body_static_svm,123,0,137,19,0,-1.158840221256963
mild,body_static_svm,123,0,156,5,0,-0.6279696191193305
mild,body_static_svm,123,0,158,74,1,0.9873990719455165
mild,body_static_svm,123,0,160,51,0,-0.40944335281229094
mild,body_static_svm,123,0,163,48,0,0.23480977376030376
mild,body_static_svm,123,0,165,30,0,-0.8673478841237465
mild,body_static_svm,123,0,166,19,0,-0.9086606840955639
mild,body_static_svm,123,0,175,74,1,1.7839586833927745
mild,body_static_svm,123,0,178,76,1,1.211152745927607
mild,body_static_svm,123,0,179,37,0,0.5647755351695934
mild,body_static_svm,123,0,180,73,1,1.393585036149282
mild,body_static_svm,123,0,185,71,0,-0.9509813192602555
mild,body_static_svm,123,0,186,51,0,-0.9880476879836423
mild,body_static_svm,123,0,194,5,0,-0.5950315505490763
mild,body_static_svm,123,0,195,94,0,-0.8029026122087299
mild,body_static_svm,123,0,209,64,0,0.5248165437768962
mild,body_static_svm,123,0,210,20,1,1.4197813340376553
mild,body_static_svm,123,0,214,92,0,-1.2661865317163714
mild,body_static_svm,123,0,219,73,1,1.44138543808424
mild,body_static_svm,123,0,229,51,0,-1.2198271347514043
mild,body_static_svm,123,0,233,37,1,1.0397063387810865
mild,body_static_svm,123,0,260,60,0,-0.642089140399472
mild,body_static_svm,123,0,272,33,1,-0.10598080345565108
mild,body_static_svm,123,1,001,87,0,-1.285019326787744
mild,body_static_svm,123,1,004,45,1,0.8979795608940659
mild,body_static_svm,123,1,005,65,0,-1.5345713654399384
mild,body_static_svm,123,1,028,55,0,-0.7993710804733207
mild,body_static_svm,123,1,048,67,0,-0.4394850215442316
mild,body_static_svm,123,1,049,87,0,-1.5425153889902834
mild,body_static_svm,123,1,058,50,0,0.424846692949894
mild,body_static_svm,123,1,062,55,0,-1.5176384358568322
mild,body_static_svm,123,1,068,22,1,0.2635408172937325
mild,body_static_svm,123,1,076,4,1,0.5037060456557165
mild,body_static_svm,123,1,078,93,0,-1.0101587614905627
mild,body_static_svm,123,1,083,79,0,-0.874593782457764
mild,body_static_svm,123,1,085,18,0,-1.8089915320030547
mild,body_static_svm,123,1,086,18,0,-1.7479170355407667
mild,body_static_svm,123,1,091,96,1,0.7138952063779886
mild,body_static_svm,123,1,094,93,1,-0.26249636707955504
mild,body_static_svm,123,1,098,4,1,0.930378275546855
mild,body_static_svm,123,1,101,36,0,-1.3165648554568083
mild,body_static_svm,123,1,110,22,1,1.602171219316899
mild,body_static_svm,123,1,128,96,1,1.8035875434882311
mild,body_static_svm,123,1,144,63,1,0.7772248316736368
mild,body_static_svm,123,1,145,36,0,-1.3323478810256986
mild,body_static_svm,123,1,154,45,0,-0.6073655529731503
mild,body_static_svm,123,1,161,79,1,0.48426046489281943
mild,body_static_svm,123,1,167,22,1,1.3455884205032558
mild,body_static_svm,123,1,168,4,1,0.15568700044634748
mild,body_static_svm,123,1,172,18,0,-1.8602660454223539
mild,body_static_svm,123,1,182,79,1,-0.05212125872452311
mild,body_static_svm,123,1,189,22,1,1.2484138602495616
mild,body_static_svm,123,1,191,87,0,-1.746096268119902
mild,body_static_svm,123,1,196,67,0,-0.769684247230652
mild,body_static_svm,123,1,198,93,0,-1.232892084689104
mild,body_static_svm,123,1,200,21,0,-0.7725685926297081
mild,body_static_svm,123,1,201,66,1,-0.9753208315180439
mild,body_static_svm,123,1,202,46,0,-0.6449239848114171
mild,body_static_svm,123,1,208,79,1,0.31660168168747943
mild,body_static_svm,123,1,211,87,0,-1.6721344835276972
mild,body_static_svm,123,1,215,50,0,-1.9152456545148517
mild,body_static_svm,123,1,216,36,1,0.5024454689578475
mild,body_static_svm,123,1,225,67,0,-0.868037939365142
mild,body_static_svm,123,1,237,18,0,-1.4365126099290542
mild,body_static_svm,123,1,246,50,0,-1.0219389735328126
mild,body_static_svm,123,1,248,36,1,0.6483782537378842
mild,body_static_svm,123,1,252,18,0,-0.286165250468583
mild,body_static_svm,123,1,253,45,1,-0.1525139339635263
mild,body_static_svm,123,1,262,14,0,-0.5042967054828371
mild,body_static_svm,123,1,264,31,0,0.45012770185126444
mild,body_static_svm,123,1,265,18,0,-1.2121185823226905
mild,body_static_svm,123,1,268,21,0,-1.1760656577091284
mild,body_static_svm,123,2,003,1,0,-0.9216398024766026
mild,body_static_svm,123,2,006,49,1,0.9206972312152802
mild,body_static_svm,123,2,007,90,1,0.16195471846508014
mild,body_static_svm,123,2,026,86,1,1.5427890332197145
mild,body_static_svm,123,2,036,77,0,-0.32524735014175515
mild,body_static_svm,123,2,037,90,0,-0.234505171686461
mild,body_static_svm,123,2,038,43,1,-0.23046714592288675
mild,body_static_svm,123,2,039,40,0,-1.0541213064361956
mild,body_static_svm,123,2,041,26,1,0.9293650867302005
mild,body_static_svm,123,2,045,49,1,1.37292077518554
mild,body_static_svm,123,2,061,24,1,1.0064309708921177
mild,body_static_svm,123,2,064,88,0,-1.0915608387300901
mild,body_static_svm,123,2,065,41,1,1.1521378210687327
mild,body_static_svm,123,2,066,90,1,0.0940731482295184
mild,body_static_svm,123,2,069,1,0,-0.8751818124088389
mild,body_static_svm,123,2,077,86,1,1.6848612653195607
mild,body_static_svm,123,2,079,43,1,-0.638750237757727
mild,body_static_svm,123,2,081,40,0,-0.6021305295048829
mild,body_static_svm,123,2,095,86,1,1.6448132307811236
mild,body_static_svm,123,2,097,2,1,0.9372487516924372
mild,body_static_svm,123,2,111,77,0,0.017307987394968527
mild,body_static_svm,123,2,115,41,1,0.5862211687722444
mild,body_static_svm,123,2,119,40,0,-1.5795329437433083
mild,body_static_svm,123,2,130,88,0,-1.3507783186786995
mild,body_static_svm,123,2,149,40,0,-0.14823991238902845
mild,body_static_svm,123,2,150,29,0,0.6802106430477733
mild,body_static_svm,123,2,155,68,1,1.031622958290146
mild,body_static_svm,123,2,157,77,0,-1.0486041740312153
mild,body_static_svm,123,2,164,53,0,-0.8870303501027013
mild,body_static_svm,123,2,170,53,0,-0.8633180841238526
mild,body_static_svm,123,2,174,1,0,-1.687270397477307
mild,body_static_svm,123,2,176,41,0,-0.5961568028124274
mild,body_static_svm,123,2,184,68,0,0.022395348461155096
mild,body_static_svm,123,2,203,77,1,0.7940187241533511
mild,body_static_svm,123,2,205,95,0,-0.6176983534533671
mild,body_static_svm,123,2,212,12,0,-0.8121888340512686
mild,body_static_svm,123,2,220,88,0,-1.419041495569227
mild,body_static_svm,123,2,226,41,1,-0.004836656215947532
mild,body_static_svm,123,2,228,43,1,-0.03416521220060287
mild,body_static_svm,123,2,231,11,0,-0.6880405197827667
mild,body_static_svm,123,2,239,1,0,-1.2967506077479654
mild,body_static_svm,123,2,241,29,0,-0.12173252270281432
mild,body_static_svm,123,2,247,88,0,-0.7065112458770325
mild,body_static_svm,123,2,254,86,1,1.3276856216906925
mild,body_static_svm,123,2,255,97,0,0.04952731423841683
mild,body_static_svm,123,2,266,88,0,-1.3701770837755158
mild,body_static_svm,123,2,270,49,0,0.08219520000278413
mild,body_static_svm,123,3,008,28,0,0.18814939833490102
mild,body_static_svm,123,3,014,39,1,0.15923705536013372
mild,body_static_svm,123,3,022,34,1,-0.04273045430995365
mild,body_static_svm,123,3,023,44,0,-1.6107361902064627
mild,body_static_svm,123,3,024,89,0,-0.3634768090816324
mild,body_static_svm,123,3,027,85,1,-0.19116152699385142
mild,body_static_svm,123,3,029,35,0,-0.6524972677632124
mild,body_static_svm,123,3,034,91,1,1.237882229924206
mild,body_static_svm,123,3,035,83,1,0.34661810074178784
mild,body_static_svm,123,3,051,28,0,-0.40354897515546395
mild,body_static_svm,123,3,054,16,1,0.9245313942104185
mild,body_static_svm,123,3,057,69,1,1.2222903055866126
mild,body_static_svm,123,3,060,44,0,-0.44449208768064413
mild,body_static_svm,123,3,067,34,1,0.33101184400315004
mild,body_static_svm,123,3,080,25,0,0.0901333951928765
mild,body_static_svm,123,3,090,69,0,1.0522124063061538
mild,body_static_svm,123,3,103,6,0,-1.1137003768802427
mild,body_static_svm,123,3,107,35,0,-0.9524046689166392
mild,body_static_svm,123,3,108,61,0,-0.4784246410154183
mild,body_static_svm,123,3,116,85,0,-0.1988459216613204
mild,body_static_svm,123,3,118,91,1,1.2658253127775678
mild,body_static_svm,123,3,129,69,1,1.0804688936736173
mild,body_static_svm,123,3,134,69,1,0.9640465288722062
mild,body_static_svm,123,3,136,39,0,1.0816865003052087
mild,body_static_svm,123,3,139,89,0,-0.2247866777192261
mild,body_static_svm,123,3,142,44,0,-0.5633789805204897
mild,body_static_svm,123,3,143,28,0,-0.5802912820031723
mild,body_static_svm,123,3,151,85,1,-0.028010828629473628
mild,body_static_svm,123,3,153,83,1,0.812791317950754
mild,body_static_svm,123,3,169,39,1,0.5695181232365072
mild,body_static_svm,123,3,173,89,0,-0.33325652765647007
mild,body_static_svm,123,3,177,32,0,0.07868483678608462
mild,body_static_svm,123,3,181,6,0,-1.695857722295763
mild,body_static_svm,123,3,188,85,0,-0.836722347600803
mild,body_static_svm,123,3,190,44,0,-0.7335941199405324
mild,body_static_svm,123,3,197,35,0,-0.6216956287089497
mild,body_static_svm,123,3,204,27,0,-0.6718269221344237
mild,body_static_svm,123,3,213,44,1,0.5253664608003095
mild,body_static_svm,123,3,230,34,0,-0.9176670561725229
mild,body_static_svm,123,3,234,39,0,0.3753135359354394
mild,body_static_svm,123,3,235,89,0,0.06829855101996424
mild,body_static_svm,123,3,236,44,0,-0.2650276329048436
mild,body_static_svm,123,3,243,85,1,0.401592787173722
mild,body_static_svm,123,3,257,83,1,0.7782161029195858
mild,body_static_svm,123,3,258,85,1,-0.5171767997503829
mild,body_static_svm,123,3,259,62,1,0.5875298592426279
mild,body_static_svm,123,3,269,44,0,-0.617063825047047
mild,body_static_svm,123,4,002,78,0,-0.23818661401905494
mild,body_static_svm,123,4,010,72,0,-0.8432722161924281
mild,body_static_svm,123,4,015,75,1,-0.5746268329690796
mild,body_static_svm,123,4,016,84,1,1.0559512942301075
mild,body_static_svm,123,4,019,82,0,-2.1945022088532693
mild,body_static_svm,123,4,031,38,1,-0.5009042785873731
mild,body_static_svm,123,4,042,23,0,-0.3012123236104329
mild,body_static_svm,123,4,053,78,0,0.7957165100582986
mild,body_static_svm,123,4,070,75,1,0.05524286502406828
mild,body_static_svm,123,4,071,23,1,1.1907617376404687
mild,body_static_svm,123,4,075,38,1,-0.8012094321382919
mild,body_static_svm,123,4,088,82,0,-0.8328093717169267
mild,body_static_svm,123,4,096,17,0,-1.5839972682646768
mild,body_static_svm,123,4,100,72,1,0.10971034883607217
mild,body_static_svm,123,4,113,78,0,0.09115680780233087
mild,body_static_svm,123,4,117,7,0,-1.6043041099556785
mild,body_static_svm,123,4,120,52,0,-1.0480100509019465
mild,body_static_svm,123,4,125,42,0,-2.051445045826753
mild,body_static_svm,123,4,126,82,0,-2.039658179513384
mild,body_static_svm,123,4,127,75,1,0.20729411703089812
mild,body_static_svm,123,4,131,54,1,-0.07452065862654644
mild,body_static_svm,123,4,132,38,0,-0.4204136235334908
mild,body_static_svm,123,4,138,75,1,-0.15945475771631507
mild,body_static_svm,123,4,140,84,1,-0.4337279955070014
mild,body_static_svm,123,4,146,78,0,-0.2314421222087774
mild,body_static_svm,123,4,147,72,0,0.654300671247023
mild,body_static_svm,123,4,148,7,0,-1.5130791803607986
mild,body_static_svm,123,4,152,58,1,1.3058938784299046
mild,body_static_svm,123,4,159,52,0,-0.731748489747909
mild,body_static_svm,123,4,162,23,0,-0.13064468668597215
mild,body_static_svm,123,4,171,42,0,-1.7083217341904582
mild,body_static_svm,123,4,187,17,0,-0.7936375033085938
mild,body_static_svm,123,4,192,38,0,-0.801593223610952
mild,body_static_svm,123,4,193,56,1,0.8702601735926798
mild,body_static_svm,123,4,199,82,0,-0.791959841039286
mild,body_static_svm,123,4,206,42,0,-2.1023362673965833
mild,body_static_svm,123,4,221,72,1,-0.9092519177610938
mild,body_static_svm,123,4,222,52,0,-1.087691077248943
mild,body_static_svm,123,4,223,38,0,-0.30423303043563976
mild,body_static_svm,123,4,227,78,0,-1.2402077241634841
mild,body_static_svm,123,4,238,54,1,-0.5792174938022876
mild,body_static_svm,123,4,240,72,0,-1.0432606211452462
mild,body_static_svm,123,4,244,75,1,0.7053170940537661
mild,body_static_svm,123,4,249,17,1,1.1572979779330799
mild,body_static_svm,123,4,251,38,0,0.3014094049392004
mild,body_static_svm,123,4,256,10,1,0.8752668869816698
mild,body_static_svm,123,4,267,98,1,-0.5895951762252887
mild,body_static_svm,456,0,001,87,0,-1.2840840226873937
mild,body_static_svm,456,0,016,84,1,1.219564125857727
mild,body_static_svm,456,0,021,70,0,0.4617667754588094
mild,body_static_svm,456,0,030,57,1,-0.7992897555156687
mild,body_static_svm,456,0,035,83,1,0.19896949748423753
mild,body_static_svm,456,0,038,43,1,-0.3922978719117025
mild,body_static_svm,456,0,046,70,1,0.4683179152701218
mild,body_static_svm,456,0,047,51,0,-0.6419240937013478
mild,body_static_svm,456,0,049,87,0,-1.4039445701400943
mild,body_static_svm,456,0,050,51,0,0.5314383495848046
mild,body_static_svm,456,0,072,70,1,-0.052961525781908436
mild,body_static_svm,456,0,079,43,1,-0.6612067862350842
mild,body_static_svm,456,0,087,51,0,-0.7594764894085975
mild,body_static_svm,456,0,092,51,0,-0.8341583570046227
mild,body_static_svm,456,0,097,2,1,0.5660340901473732
mild,body_static_svm,456,0,102,76,1,0.4892099576262049
mild,body_static_svm,456,0,103,6,0,-0.9857889112058382
mild,body_static_svm,456,0,120,52,0,-0.7662286423940727
mild,body_static_svm,456,0,122,71,0,-0.8776967150371505
mild,body_static_svm,456,0,133,51,0,0.5069832774491106
mild,body_static_svm,456,0,140,84,1,-0.24776274968073286
mild,body_static_svm,456,0,153,83,1,0.5464534792470427
mild,body_static_svm,456,0,155,68,1,0.9631121352942756
mild,body_static_svm,456,0,156,5,0,-0.6207429113240053
mild,body_static_svm,456,0,159,52,0,-0.7552340768505538
mild,body_static_svm,456,0,160,51,0,-0.5282080203411821
mild,body_static_svm,456,0,177,32,0,0.060131265660508526
mild,body_static_svm,456,0,178,76,1,1.2808513367269048
mild,body_static_svm,456,0,180,73,1,1.079560474840347
mild,body_static_svm,456,0,181,6,0,-1.7961872930599685
mild,body_static_svm,456,0,184,68,0,0.0904821168991995
mild,body_static_svm,456,0,185,71,0,-1.035408788173441
mild,body_static_svm,456,0,186,51,0,-1.2721183690268822
mild,body_static_svm,456,0,191,87,0,-1.7420480246826053
mild,body_static_svm,456,0,193,56,1,0.7164809213560913
mild,body_static_svm,456,0,194,5,0,-0.5431289114716376
mild,body_static_svm,456,0,205,95,0,-0.7278013254433269
mild,body_static_svm,456,0,211,87,0,-1.7196229602838122
mild,body_static_svm,456,0,219,73,1,1.2259245775972833
mild,body_static_svm,456,0,222,52,0,-0.7761934971350766
mild,body_static_svm,456,0,228,43,1,-0.03767955750960572
mild,body_static_svm,456,0,229,51,0,-1.1336740792084292
mild,body_static_svm,456,0,231,11,0,-0.62793462452957
mild,body_static_svm,456,0,255,97,0,0.4582706363497199
mild,body_static_svm,456,0,257,83,1,0.6682654681441692
mild,body_static_svm,456,0,267,98,1,-0.770883479441502
mild,body_static_svm,456,1,004,45,1,0.9729085079208681
mild,body_static_svm,456,1,005,65,0,-1.3787302354286215
mild,body_static_svm,456,1,008,28,0,0.33438980341228947
mild,body_static_svm,456,1,010,72,0,-0.5594014262613103
mild,body_static_svm,456,1,026,86,1,1.634334704950466
mild,body_static_svm,456,1,034,91,1,1.1332672160786446
mild,body_static_svm,456,1,036,77,0,0.04350370327401348
mild,body_static_svm,456,1,039,40,0,-0.8479385583018142
mild,body_static_svm,456,1,051,28,0,-0.4456614153288851
mild,body_static_svm,456,1,058,50,0,0.7214260528037202
mild,body_static_svm,456,1,061,24,1,1.1451318785359406
mild,body_static_svm,456,1,077,86,1,1.6059408797435575
mild,body_static_svm,456,1,080,25,0,0.09596811992870063
mild,body_static_svm,456,1,081,40,0,-0.40366419713577345
mild,body_static_svm,456,1,083,79,0,-0.6081864565669306
mild,body_static_svm,456,1,085,18,0,-1.6479414647749686
mild,body_static_svm,456,1,086,18,0,-1.6698811351180525
mild,body_static_svm,456,1,091,96,1,0.662851436119865
mild,body_static_svm,456,1,095,86,1,1.5477025592796037
mild,body_static_svm,456,1,100,72,1,0.30229672717699047
mild,body_static_svm,456,1,111,77,0,0.16876417829898233
mild,body_static_svm,456,1,118,91,1,1.0644455929149417
mild,body_static_svm,456,1,119,40,0,-1.4232912705553444
mild,body_static_svm,456,1,128,96,1,1.882057446972524
mild,body_static_svm,456,1,143,28,0,-0.650721470930832
mild,body_static_svm,456,1,144,63,1,0.9776278952806603
mild,body_static_svm,456,1,147,72,0,0.45651638336242756
mild,body_static_svm,456,1,149,40,0,0.044506650594245245
mild,body_static_svm,456,1,154,45,0,-0.45240363970405945
mild,body_static_svm,456,1,157,77,0,-0.9508378466201237
mild,body_static_svm,456,1,161,79,1,0.38192564192869244
mild,body_static_svm,456,1,172,18,0,-1.747452914613326
mild,body_static_svm,456,1,182,79,1,0.23469939872060913
mild,body_static_svm,456,1,203,77,1,0.7870325457814253
mild,body_static_svm,456,1,204,27,0,-0.610612925913862
mild,body_static_svm,456,1,208,79,1,0.46763055411588733
mild,body_static_svm,456,1,212,12,0,-0.6508081737067242
mild,body_static_svm,456,1,215,50,0,-1.9379820016092437
mild,body_static_svm,456,1,221,72,1,-0.7342178884638018
mild,body_static_svm,456,1,237,18,0,-1.382201066560202
mild,body_static_svm,456,1,240,72,0,-0.7458030354869618
mild,body_static_svm,456,1,246,50,0,-0.9947466226855288
mild,body_static_svm,456,1,252,18,0,-0.22525605789527187
mild,body_static_svm,456,1,253,45,1,0.05004923713221837
mild,body_static_svm,456,1,254,86,1,1.375137098342508
mild,body_static_svm,456,1,265,18,0,-1.244703713771357
mild,body_static_svm,456,1,272,33,1,-0.14618942361707143
mild,body_static_svm,456,2,002,78,0,-0.053241243819238504
mild,body_static_svm,456,2,014,39,1,0.14591016041922328
mild,body_static_svm,456,2,017,8,0,-0.5433942668022861
mild,body_static_svm,456,2,022,34,1,0.1711071652907437
mild,body_static_svm,456,2,024,89,0,-0.19530364060800687
mild,body_static_svm,456,2,027,85,1,-0.39941568992706417
mild,body_static_svm,456,2,040,8,0,0.12695711415340988
mild,body_static_svm,456,2,041,26,1,1.0446204127135974
mild,body_static_svm,456,2,048,67,0,-0.38182335178659743
mild,body_static_svm,456,2,052,8,0,0.3402315754343839
mild,body_static_svm,456,2,053,78,0,0.8077747005434872
mild,body_static_svm,456,2,067,34,1,0.6409772602928183
mild,body_static_svm,456,2,068,22,1,0.33496043911874324
mild,body_static_svm,456,2,096,17,0,-1.5628600075874934
mild,body_static_svm,456,2,108,61,0,-0.33764421087323865
mild,body_static_svm,456,2,110,22,1,1.685843238770295
mild,body_static_svm,456,2,113,78,0,0.33790221359639344
mild,body_static_svm,456,2,116,85,0,-0.19612720626432872
mild,body_static_svm,456,2,117,7,0,-1.3213997281472039
mild,body_static_svm,456,2,121,74,1,0.22784802585738168
mild,body_static_svm,456,2,136,39,0,0.9459571809817156
mild,body_static_svm,456,2,139,89,0,-0.11192397356274086
mild,body_static_svm,456,2,146,78,0,-0.17319164471696702
mild,body_static_svm,456,2,148,7,0,-1.5777035583739936
mild,body_static_svm,456,2,151,85,1,-0.04939579223160989
mild,body_static_svm,456,2,158,74,1,0.9500353128059693
mild,body_static_svm,456,2,164,53,0,-0.7255638048677406
mild,body_static_svm,456,2,165,30,0,-0.9284087256994293
mild,body_static_svm,456,2,167,22,1,1.460614306763846
mild,body_static_svm,456,2,169,39,1,0.6007619739949484
mild,body_static_svm,456,2,170,53,0,-0.7918251485189369
mild,body_static_svm,456,2,173,89,0,-0.06882551151689703
mild,body_static_svm,456,2,175,74,1,1.643661053368161
mild,body_static_svm,456,2,179,37,0,0.6630814885701974
mild,body_static_svm,456,2,187,17,0,-0.7822892277085212
mild,body_static_svm,456,2,188,85,0,-0.7149630381845453
mild,body_static_svm,456,2,189,22,1,1.3314900446907256
mild,body_static_svm,456,2,196,67,0,-0.7970808819343522
mild,body_static_svm,456,2,201,66,1,-0.7762453381066265
mild,body_static_svm,456,2,225,67,0,-0.8764537002323367
mild,body_static_svm,456,2,227,78,0,-1.1795807966904739
mild,body_static_svm,456,2,230,34,0,-1.0016113947527385
mild,body_static_svm,456,2,233,37,1,1.0997594592560271
mild,body_static_svm,456,2,234,39,0,0.2565824728206217
mild,body_static_svm,456,2,235,89,0,0.42407419374700855
mild,body_static_svm,456,2,243,85,1,0.48859306432213306
mild,body_static_svm,456,2,249,17,1,0.9086261373068203
mild,body_static_svm,456,2,256,10,1,0.4622208937555971
mild,body_static_svm,456,2,258,85,1,-0.46924090948552627
mild,body_static_svm,456,2,264,31,0,0.4200543301612332
mild,body_static_svm,456,3,015,75,1,-0.961986906598518
mild,body_static_svm,456,3,019,82,0,-1.689399211403507
mild,body_static_svm,456,3,023,44,0,-1.7378420756919446
mild,body_static_svm,456,3,029,35,0,-1.0385641431358759
mild,body_static_svm,456,3,031,38,1,-0.41612021445374336
mild,body_static_svm,456,3,042,23,0,-0.1819511763245593
mild,body_static_svm,456,3,054,16,1,1.0058993077479705
mild,body_static_svm,456,3,055,15,1,-1.3401081139413207
mild,body_static_svm,456,3,057,69,1,1.317997120063696
mild,body_static_svm,456,3,060,44,0,-0.4725518208417404
mild,body_static_svm,456,3,070,75,1,-0.3323926961240695
mild,body_static_svm,456,3,071,23,1,1.0311217674491946
mild,body_static_svm,456,3,073,13,1,1.2461516828085066
mild,body_static_svm,456,3,075,38,1,-0.6691021823313016
mild,body_static_svm,456,3,078,93,0,-0.5083908744750032
mild,body_static_svm,456,3,088,82,0,-0.757554514855129
mild,body_static_svm,456,3,090,69,0,0.9675223942923346
mild,body_static_svm,456,3,094,93,1,-0.0844603482291732
mild,body_static_svm,456,3,101,36,0,-1.0032913636611538
mild,body_static_svm,456,3,107,35,0,-0.8546024331084463
mild,body_static_svm,456,3,125,42,0,-1.7045160679256182
mild,body_static_svm,456,3,126,82,0,-1.6326490359841141
mild,body_static_svm,456,3,127,75,1,0.051420258488614146
mild,body_static_svm,456,3,129,69,1,1.2998314765998937
mild,body_static_svm,456,3,132,38,0,-0.40491383060382896
mild,body_static_svm,456,3,134,69,1,0.9487218174053842
mild,body_static_svm,456,3,135,64,1,1.000180103806944
mild,body_static_svm,456,3,138,75,1,-0.24970641790722828
mild,body_static_svm,456,3,142,44,0,-0.595560989611142
mild,body_static_svm,456,3,145,36,0,-1.1430702977431972
mild,body_static_svm,456,3,152,58,1,0.9383380601302633
mild,body_static_svm,456,3,162,23,0,-0.13535580931325486
mild,body_static_svm,456,3,171,42,0,-1.689453587456937
mild,body_static_svm,456,3,190,44,0,-0.8143938069455434
mild,body_static_svm,456,3,192,38,0,-0.6687453827871057
mild,body_static_svm,456,3,197,35,0,-1.1873579836961254
mild,body_static_svm,456,3,198,93,0,-1.0659928889147583
mild,body_static_svm,456,3,199,82,0,-0.5899891945462477
mild,body_static_svm,456,3,202,46,0,-1.0133813544961865
mild,body_static_svm,456,3,206,42,0,-1.9929783902966725
mild,body_static_svm,456,3,209,64,0,0.5760934096182382
mild,body_static_svm,456,3,213,44,1,0.4479195084874524
mild,body_static_svm,456,3,216,36,1,0.46050064349763603
mild,body_static_svm,456,3,223,38,0,-0.3365785146277924
mild,body_static_svm,456,3,236,44,0,-0.21735524241974422
mild,body_static_svm,456,3,244,75,1,0.5526225258082773
mild,body_static_svm,456,3,248,36,1,0.6337654373209043
mild,body_static_svm,456,3,251,38,0,0.4401397390402522
mild,body_static_svm,456,3,262,14,0,-0.23108350831341715
mild,body_static_svm,456,3,269,44,0,-0.6654920901105708
mild,body_static_svm,456,4,003,1,0,-0.9959962168132845
mild,body_static_svm,456,4,006,49,1,0.8820367886826233
mild,body_static_svm,456,4,007,90,1,0.14212278520115534
mild,body_static_svm,456,4,013,92,0,-0.6146324994861172
mild,body_static_svm,456,4,020,20,1,0.7718446414182114
mild,body_static_svm,456,4,028,55,0,-0.8417327607415914
mild,body_static_svm,456,4,032,19,0,-1.1656098793129548
mild,body_static_svm,456,4,037,90,0,-0.36279845065984945
mild,body_static_svm,456,4,045,49,1,1.1439319470192595
mild,body_static_svm,456,4,062,55,0,-1.3270664069642537
mild,body_static_svm,456,4,064,88,0,-1.1008705980605864
mild,body_static_svm,456,4,065,41,1,1.1908579775684809
mild,body_static_svm,456,4,066,90,1,-0.054026612373671845
mild,body_static_svm,456,4,069,1,0,-0.965724688243039
mild,body_static_svm,456,4,076,4,1,0.7551359340954145
mild,body_static_svm,456,4,089,20,1,1.417366739969086
mild,body_static_svm,456,4,098,4,1,1.0671926294808558
mild,body_static_svm,456,4,104,19,0,-0.6447599347722148
mild,body_static_svm,456,4,106,48,1,-0.09725111720784457
mild,body_static_svm,456,4,112,94,0,-0.6921081622619327
mild,body_static_svm,456,4,114,92,1,1.096778556786373
mild,body_static_svm,456,4,115,41,1,0.48147860419558813
mild,body_static_svm,456,4,130,88,0,-1.276707276423197
mild,body_static_svm,456,4,131,54,1,-0.03800201448622559
mild,body_static_svm,456,4,137,19,0,-1.1209655283667985
mild,body_static_svm,456,4,150,29,0,0.644427072578621
mild,body_static_svm,456,4,163,48,0,0.2725388398902729
mild,body_static_svm,456,4,166,19,0,-0.9889106465869462
mild,body_static_svm,456,4,168,4,1,0.03960767872821075
mild,body_static_svm,456,4,174,1,0,-1.6675206696288054
mild,body_static_svm,456,4,176,41,0,-0.5950073958725532
mild,body_static_svm,456,4,195,94,0,-0.9529513276899781
mild,body_static_svm,456,4,200,21,0,-0.6775328019247375
mild,body_static_svm,456,4,210,20,1,1.2874865642941673
mild,body_static_svm,456,4,214,92,0,-1.1718385908942777
mild,body_static_svm,456,4,220,88,0,-1.1944621177601282
mild,body_static_svm,456,4,226,41,1,0.01887204767820022
mild,body_static_svm,456,4,238,54,1,-0.6691161887533066
mild,body_static_svm,456,4,239,1,0,-1.606528572285748
mild,body_static_svm,456,4,241,29,0,-0.07915019946557139
mild,body_static_svm,456,4,247,88,0,-0.6577243559214612
mild,body_static_svm,456,4,259,62,1,0.5575679359297387
mild,body_static_svm,456,4,260,60,0,-0.7536322195984759
mild,body_static_svm,456,4,266,88,0,-1.2497719346199876
mild,body_static_svm,456,4,268,21,0,-1.3763414802609482
mild,body_static_svm,456,4,270,49,0,0.03467359949899579
mild,body_static_svm,789,0,006,49,1,1.0271249932044113
mild,body_static_svm,789,0,007,90,1,0.4989337537502395
mild,body_static_svm,789,0,026,86,1,1.220866926327754
mild,body_static_svm,789,0,035,83,1,0.1262211887333976
mild,body_static_svm,789,0,037,90,0,0.022170191022165664
mild,body_static_svm,789,0,039,40,0,-0.6820468161564625
mild,body_static_svm,789,0,045,49,1,1.417528539905148
mild,body_static_svm,789,0,047,51,0,-0.46304646552904244
mild,body_static_svm,789,0,050,51,0,0.32572254088815866
mild,body_static_svm,789,0,058,50,0,0.8371537652410287
mild,body_static_svm,789,0,066,90,1,0.36298520590152306
mild,body_static_svm,789,0,077,86,1,1.397180225381089
mild,body_static_svm,789,0,078,93,0,-0.7957900427242632
mild,body_static_svm,789,0,080,25,0,0.018652892995852932
mild,body_static_svm,789,0,081,40,0,-0.35193500777866393
mild,body_static_svm,789,0,083,79,0,-0.8328311438446766
mild,body_static_svm,789,0,087,51,0,-0.5711120690215438
mild,body_static_svm,789,0,092,51,0,-0.5433025817330117
mild,body_static_svm,789,0,094,93,1,0.10851519534647858
mild,body_static_svm,789,0,095,86,1,1.3946863451991867
mild,body_static_svm,789,0,097,2,1,0.6351386570223468
mild,body_static_svm,789,0,108,61,0,-0.4068131951986378
mild,body_static_svm,789,0,112,94,0,-0.6848659072678472
mild,body_static_svm,789,0,119,40,0,-1.195155615866121
mild,body_static_svm,789,0,133,51,0,0.28787733460183185
mild,body_static_svm,789,0,149,40,0,-0.038191467679033975
mild,body_static_svm,789,0,150,29,0,0.4874293148425104
mild,body_static_svm,789,0,153,83,1,0.4943426167792363
mild,body_static_svm,789,0,155,68,1,1.0180727660727307
mild,body_static_svm,789,0,160,51,0,-0.2913893257577836
mild,body_static_svm,789,0,161,79,1,0.529064817973209
mild,body_static_svm,789,0,182,79,1,0.08885251778769088
mild,body_static_svm,789,0,184,68,0,0.04553232667046614
mild,body_static_svm,789,0,186,51,0,-0.865292194536966
mild,body_static_svm,789,0,195,94,0,-0.6813194324562121
mild,body_static_svm,789,0,198,93,0,-1.1515295818159466
mild,body_static_svm,789,0,201,66,1,-0.8609878334502998
mild,body_static_svm,789,0,208,79,1,0.21955939523367873
mild,body_static_svm,789,0,212,12,0,-0.7137687101533217
mild,body_static_svm,789,0,215,50,0,-1.696394885200219
mild,body_static_svm,789,0,229,51,0,-0.9789871775372893
mild,body_static_svm,789,0,241,29,0,-0.27890853888359335
mild,body_static_svm,789,0,246,50,0,-0.7931659729534541
mild,body_static_svm,789,0,254,86,1,1.0125740291481242
mild,body_static_svm,789,0,257,83,1,0.5737417029253712
mild,body_static_svm,789,0,267,98,1,-0.4784126215278359
mild,body_static_svm,789,0,270,49,0,0.39273170152155923
mild,body_static_svm,789,1,003,1,0,-0.8842471345919166
mild,body_static_svm,789,1,005,65,0,-1.372118133209042
mild,body_static_svm,789,1,013,92,0,-0.7350283894813726
mild,body_static_svm,789,1,016,84,1,1.1402508909980633
mild,body_static_svm,789,1,030,57,1,-0.9601769485147527
mild,body_static_svm,789,1,048,67,0,-0.4750031254438658
mild,body_static_svm,789,1,055,15,1,-1.5086537595459697
mild,body_static_svm,789,1,061,24,1,1.1060577580675304
mild,body_static_svm,789,1,068,22,1,0.2733514292705864
mild,body_static_svm,789,1,069,1,0,-1.061713707165182
mild,body_static_svm,789,1,085,18,0,-1.743106033270477
mild,body_static_svm,789,1,086,18,0,-1.5957884321213482
mild,body_static_svm,789,1,103,6,0,-1.0831480693275837
mild,body_static_svm,789,1,106,48,1,-0.1026487104801792
mild,body_static_svm,789,1,110,22,1,1.7287842423185449
mild,body_static_svm,789,1,114,92,1,1.1368321073290542
mild,body_static_svm,789,1,121,74,1,0.3297174245536558
mild,body_static_svm,789,1,140,84,1,-0.49524228693132233
mild,body_static_svm,789,1,156,5,0,-0.5905011741254653
mild,body_static_svm,789,1,158,74,1,0.916594394999578
mild,body_static_svm,789,1,163,48,0,0.27398422932607813
mild,body_static_svm,789,1,164,53,0,-1.0240895998960797
mild,body_static_svm,789,1,167,22,1,1.3482536443373654
mild,body_static_svm,789,1,170,53,0,-0.8765204444167509
mild,body_static_svm,789,1,172,18,0,-1.5457994892393874
mild,body_static_svm,789,1,174,1,0,-1.714780586012575
mild,body_static_svm,789,1,175,74,1,1.61853617688078
mild,body_static_svm,789,1,180,73,1,1.3476760436191593
mild,body_static_svm,789,1,181,6,0,-1.9116393187225307
mild,body_static_svm,789,1,189,22,1,1.185111937339638
mild,body_static_svm,789,1,193,56,1,0.9446892098115561
mild,body_static_svm,789,1,194,5,0,-0.5205083121784824
mild,body_static_svm,789,1,196,67,0,-0.9943944821751403
mild,body_static_svm,789,1,200,21,0,-0.6868839497994208
mild,body_static_svm,789,1,204,27,0,-0.663450987518109
mild,body_static_svm,789,1,214,92,0,-1.3017861168741103
mild,body_static_svm,789,1,219,73,1,1.228025226343862
mild,body_static_svm,789,1,225,67,0,-1.0126277137702921
mild,body_static_svm,789,1,231,11,0,-1.0446046166823346
mild,body_static_svm,789,1,237,18,0,-1.2794236649898987
mild,body_static_svm,789,1,239,1,0,-1.3521715449981864
mild,body_static_svm,789,1,252,18,0,-0.24428746432660864
mild,body_static_svm,789,1,256,10,1,0.5929154239255937
mild,body_static_svm,789,1,262,14,0,-0.2890119003638857
mild,body_static_svm,789,1,265,18,0,-1.1289257982921734
mild,body_static_svm,789,1,268,21,0,-1.053981500378053
mild,body_static_svm,789,1,272,33,1,-0.1762605823326151
mild,body_static_svm,789,2,014,39,1,-0.07307030402700421
mild,body_static_svm,789,2,015,75,1,-0.8131811795600126
mild,body_static_svm,789,2,017,8,0,-0.7767019204226717
mild,body_static_svm,789,2,019,82,0,-2.243526804569326
mild,body_static_svm,789,2,021,70,0,0.5992505611639599
mild,body_static_svm,789,2,034,91,1,1.238758113380308
mild,body_static_svm,789,2,036,77,0,-0.10008516478947183
mild,body_static_svm,789,2,040,8,0,-0.008410047171824475
mild,body_static_svm,789,2,041,26,1,1.1944023034997904
mild,body_static_svm,789,2,042,23,0,-0.044862923369414054
mild,body_static_svm,789,2,046,70,1,0.5168385552917779
mild,body_static_svm,789,2,052,8,0,0.07104715934464584
mild,body_static_svm,789,2,057,69,1,1.6469840230975463
mild,body_static_svm,789,2,064,88,0,-1.447986346661827
mild,body_static_svm,789,2,070,75,1,-0.07803688343818654
mild,body_static_svm,789,2,071,23,1,1.0612675211662381
mild,body_static_svm,789,2,072,70,1,0.06545142304609042
mild,body_static_svm,789,2,088,82,0,-1.0820007968074816
mild,body_static_svm,789,2,090,69,0,0.9697390305364039
mild,body_static_svm,789,2,102,76,1,0.4133176458277763
mild,body_static_svm,789,2,111,77,0,0.08198858355214284
mild,body_static_svm,789,2,118,91,1,1.2606000441717637
mild,body_static_svm,789,2,120,52,0,-0.7769436525326316
mild,body_static_svm,789,2,122,71,0,-0.5783905920291581
mild,body_static_svm,789,2,126,82,0,-2.042741065336529
mild,body_static_svm,789,2,127,75,1,0.21509069121696167
mild,body_static_svm,789,2,129,69,1,1.0434965264484082
mild,body_static_svm,789,2,130,88,0,-1.658443488681447
mild,body_static_svm,789,2,134,69,1,0.7373268899394653
mild,body_static_svm,789,2,136,39,0,1.0374174195463803
mild,body_static_svm,789,2,138,75,1,-0.07963507596484742
mild,body_static_svm,789,2,152,58,1,1.3262043305218194
mild,body_static_svm,789,2,157,77,0,-1.216730857632111
mild,body_static_svm,789,2,159,52,0,-0.6261836893418522
mild,body_static_svm,789,2,162,23,0,-0.06595943392212156
mild,body_static_svm,789,2,165,30,0,-0.9760638003843879
mild,body_static_svm,789,2,169,39,1,0.39851608579744
mild,body_static_svm,789,2,178,76,1,1.1790698742843615
mild,body_static_svm,789,2,185,71,0,-0.8733581388018374
mild,body_static_svm,789,2,199,82,0,-0.8859073917304984
mild,body_static_svm,789,2,202,46,0,-0.7486798274614019
mild,body_static_svm,789,2,203,77,1,0.7579820699813805
mild,body_static_svm,789,2,220,88,0,-1.7542836978687686
mild,body_static_svm,789,2,222,52,0,-0.8189145943573544
mild,body_static_svm,789,2,234,39,0,0.1719390427430756
mild,body_static_svm,789,2,244,75,1,0.6961197643692641
mild,body_static_svm,789,2,247,88,0,-0.997500237981245
mild,body_static_svm,789,2,255,97,0,0.36609017577814185
mild,body_static_svm,789,2,266,88,0,-1.618661600247425
mild,body_static_svm,789,3,001,87,0,-0.9158405277652145
mild,body_static_svm,789,3,002,78,0,-0.24978875152524976
mild,body_static_svm,789,3,008,28,0,0.23323295383665354
mild,body_static_svm,789,3,010,72,0,-0.8611394337365059
mild,body_static_svm,789,3,022,34,1,-0.01742227166635324
mild,body_static_svm,789,3,024,89,0,-0.4983816223256744
mild,body_static_svm,789,3,028,55,0,-0.5955671334632477
mild,body_static_svm,789,3,038,43,1,0.01783385554542899
mild,body_static_svm,789,3,049,87,0,-1.1707139847401282
mild,body_static_svm,789,3,051,28,0,-0.26869551456300267
mild,body_static_svm,789,3,053,78,0,0.5696265253741043
mild,body_static_svm,789,3,054,16,1,0.6923092891661358
mild,body_static_svm,789,3,062,55,0,-1.3111055841846069
mild,body_static_svm,789,3,067,34,1,0.6403257318388836
mild,body_static_svm,789,3,073,13,1,1.2217445448002646
mild,body_static_svm,789,3,076,4,1,0.43953820977746794
mild,body_static_svm,789,3,079,43,1,-0.723950925987228
mild,body_static_svm,789,3,091,96,1,0.6646955077471404
mild,body_static_svm,789,3,098,4,1,0.9072623566542423
mild,body_static_svm,789,3,100,72,1,0.25777768303014625
mild,body_static_svm,789,3,113,78,0,0.41351081013682456
mild,body_static_svm,789,3,117,7,0,-1.1645214429674102
mild,body_static_svm,789,3,128,96,1,1.7548621027238753
mild,body_static_svm,789,3,131,54,1,-0.04583143134101475
mild,body_static_svm,789,3,135,64,1,1.0357079715051136
mild,body_static_svm,789,3,139,89,0,-0.4087812167789365
mild,body_static_svm,789,3,143,28,0,-1.0833323595320428
mild,body_static_svm,789,3,146,78,0,0.02521746343791309
mild,body_static_svm,789,3,147,72,0,0.2597597249310829
mild,body_static_svm,789,3,148,7,0,-1.1894052840475524
mild,body_static_svm,789,3,168,4,1,-0.27568786802519885
mild,body_static_svm,789,3,173,89,0,-0.17068143654020856
mild,body_static_svm,789,3,177,32,0,-0.12802562477267973
mild,body_static_svm,789,3,179,37,0,0.7720773106460924
mild,body_static_svm,789,3,191,87,0,-0.9770596197892634
mild,body_static_svm,789,3,209,64,0,0.43631015257851824
mild,body_static_svm,789,3,211,87,0,-0.9645545683683013
mild,body_static_svm,789,3,221,72,1,-0.937561838042448
mild,body_static_svm,789,3,227,78,0,-1.255921893657825
mild,body_static_svm,789,3,228,43,1,-0.22592031328595363
mild,body_static_svm,789,3,230,34,0,-1.0874165601060897
mild,body_static_svm,789,3,233,37,1,1.366672046961023
mild,body_static_svm,789,3,235,89,0,0.048464867254289334
mild,body_static_svm,789,3,238,54,1,-0.469810462113806
mild,body_static_svm,789,3,240,72,0,-0.9366958242960192
mild,body_static_svm,789,3,259,62,1,0.749863251101815
mild,body_static_svm,789,3,260,60,0,-0.6774622968631538
mild,body_static_svm,789,3,264,31,0,0.27218436703160886
mild,body_static_svm,789,4,004,45,1,0.9015390886132018
mild,body_static_svm,789,4,020,20,1,0.9303744377773588
mild,body_static_svm,789,4,023,44,0,-1.5136913728388313
mild,body_static_svm,789,4,027,85,1,-0.4943359969831998
mild,body_static_svm,789,4,029,35,0,-0.7263143079895685
mild,body_static_svm,789,4,031,38,1,-0.7185029101548754
mild,body_static_svm,789,4,032,19,0,-1.065610182733722
mild,body_static_svm,789,4,060,44,0,-0.40963205968799227
mild,body_static_svm,789,4,065,41,1,1.2497430758425652
mild,body_static_svm,789,4,075,38,1,-0.7856749580938623
mild,body_static_svm,789,4,089,20,1,1.386535441797966
mild,body_static_svm,789,4,096,17,0,-1.5046893149262346
mild,body_static_svm,789,4,101,36,0,-1.1400057112500928
mild,body_static_svm,789,4,104,19,0,-0.5922739669756619
mild,body_static_svm,789,4,107,35,0,-0.7382159118210974
mild,body_static_svm,789,4,115,41,1,0.6636867556478911
mild,body_static_svm,789,4,116,85,0,-0.3667778111069646
mild,body_static_svm,789,4,125,42,0,-1.9592721150615147
mild,body_static_svm,789,4,132,38,0,-0.5966780418255584
mild,body_static_svm,789,4,137,19,0,-1.3144948428603287
mild,body_static_svm,789,4,142,44,0,-0.6612664399153011
mild,body_static_svm,789,4,144,63,1,0.8807316067178199
mild,body_static_svm,789,4,145,36,0,-1.2606886127016834
mild,body_static_svm,789,4,151,85,1,-0.13674806551581015
mild,body_static_svm,789,4,154,45,0,-0.17741042688529635
mild,body_static_svm,789,4,166,19,0,-1.2222943262024026
mild,body_static_svm,789,4,171,42,0,-1.6954216515528047
mild,body_static_svm,789,4,176,41,0,-0.6618785070171862
mild,body_static_svm,789,4,187,17,0,-0.8043899531152197
mild,body_static_svm,789,4,188,85,0,-0.7935128996335985
mild,body_static_svm,789,4,190,44,0,-0.8795135579177966
mild,body_static_svm,789,4,192,38,0,-0.933105541560415
mild,body_static_svm,789,4,197,35,0,-0.8722034011482223
mild,body_static_svm,789,4,205,95,0,-0.5459925943269082
mild,body_static_svm,789,4,206,42,0,-2.1403003089564328
mild,body_static_svm,789,4,210,20,1,1.4172840977307966
mild,body_static_svm,789,4,213,44,1,0.48903843257220686
mild,body_static_svm,789,4,216,36,1,0.487489266219119
mild,body_static_svm,789,4,223,38,0,-0.5293387213373177
mild,body_static_svm,789,4,226,41,1,-0.08060068048837565
mild,body_static_svm,789,4,236,44,0,-0.2824028831373846
mild,body_static_svm,789,4,243,85,1,0.3428301832367246
mild,body_static_svm,789,4,248,36,1,0.6159450167711176
mild,body_static_svm,789,4,249,17,1,0.7786852218950173
mild,body_static_svm,789,4,251,38,0,0.4107126005798359
mild,body_static_svm,789,4,253,45,1,0.09975856471022843
mild,body_static_svm,789,4,258,85,1,-0.5341219982385357
mild,body_static_svm,789,4,269,44,0,-0.3572182274942777
mild,body_static_svm,2024,0,004,45,1,1.2828685709878478
mild,body_static_svm,2024,0,010,72,0,-0.6823602011489103
mild,body_static_svm,2024,0,017,8,0,-0.5500579537801169
mild,body_static_svm,2024,0,024,89,0,0.15659957291809484
mild,body_static_svm,2024,0,027,85,1,-0.238414065696408
mild,body_static_svm,2024,0,035,83,1,0.3873175410581113
mild,body_static_svm,2024,0,040,8,0,0.3780555041580535
mild,body_static_svm,2024,0,047,51,0,-0.65021407541816
mild,body_static_svm,2024,0,050,51,0,0.807867991992193
mild,body_static_svm,2024,0,052,8,0,0.7411464472229117
mild,body_static_svm,2024,0,087,51,0,-0.8126671121346483
mild,body_static_svm,2024,0,092,51,0,-0.5916231773259728
mild,body_static_svm,2024,0,100,72,1,0.4090213549659765
mild,body_static_svm,2024,0,103,6,0,-1.0249981045099483
mild,body_static_svm,2024,0,108,61,0,-0.47490480114565026
mild,body_static_svm,2024,0,116,85,0,-0.12435782934044526
mild,body_static_svm,2024,0,117,7,0,-1.465545979365541
mild,body_static_svm,2024,0,121,74,1,0.47870210435858424
mild,body_static_svm,2024,0,133,51,0,0.7531472527327976
mild,body_static_svm,2024,0,139,89,0,0.21046668649836237
mild,body_static_svm,2024,0,144,63,1,1.2904460931243695
mild,body_static_svm,2024,0,147,72,0,0.5696633752585065
mild,body_static_svm,2024,0,148,7,0,-1.5272529430452197
mild,body_static_svm,2024,0,151,85,1,0.15822376512882513
mild,body_static_svm,2024,0,153,83,1,0.8755003435875006
mild,body_static_svm,2024,0,154,45,0,-0.3744909144805211
mild,body_static_svm,2024,0,158,74,1,1.3111039472497044
mild,body_static_svm,2024,0,160,51,0,-0.26988576894174615
mild,body_static_svm,2024,0,165,30,0,-0.9832660761720291
mild,body_static_svm,2024,0,173,89,0,0.10045769160904355
mild,body_static_svm,2024,0,175,74,1,1.9032229654541946
mild,body_static_svm,2024,0,180,73,1,1.4158688968853217
mild,body_static_svm,2024,0,181,6,0,-1.696819116021371
mild,body_static_svm,2024,0,186,51,0,-1.0334188929444916
mild,body_static_svm,2024,0,188,85,0,-0.7354396237135024
mild,body_static_svm,2024,0,193,56,1,0.9060756264415806
mild,body_static_svm,2024,0,205,95,0,-0.3565225398569025
mild,body_static_svm,2024,0,219,73,1,1.4437796036775432
mild,body_static_svm,2024,0,221,72,1,-0.5025570681321001
mild,body_static_svm,2024,0,229,51,0,-1.2217866578727075
mild,body_static_svm,2024,0,235,89,0,0.8802615983212809
mild,body_static_svm,2024,0,240,72,0,-0.6959383200932877
mild,body_static_svm,2024,0,243,85,1,0.7326532773000614
mild,body_static_svm,2024,0,253,45,1,0.3200313519759272
mild,body_static_svm,2024,0,257,83,1,1.0886882875617312
mild,body_static_svm,2024,0,258,85,1,-0.30184841617773583
mild,body_static_svm,2024,0,262,14,0,-0.22478991767626139
mild,body_static_svm,2024,1,016,84,1,1.1757231919132025
mild,body_static_svm,2024,1,026,86,1,1.6460043018545274
mild,body_static_svm,2024,1,031,38,1,-0.6015412126864996
mild,body_static_svm,2024,1,032,19,0,-1.2545865652386003
mild,body_static_svm,2024,1,041,26,1,0.9973053199922757
mild,body_static_svm,2024,1,048,67,0,-0.497498835790536
mild,body_static_svm,2024,1,055,15,1,-1.6293141700675935
mild,body_static_svm,2024,1,065,41,1,1.2443060328177944
mild,body_static_svm,2024,1,075,38,1,-0.9214103755832382
mild,body_static_svm,2024,1,077,86,1,1.8015806320276904
mild,body_static_svm,2024,1,078,93,0,-1.1046179067078066
mild,body_static_svm,2024,1,085,18,0,-1.9986297010572935
mild,body_static_svm,2024,1,086,18,0,-1.8569902616802505
mild,body_static_svm,2024,1,094,93,1,-0.1323648206099196
mild,body_static_svm,2024,1,095,86,1,1.67111053024686
mild,body_static_svm,2024,1,104,19,0,-0.8390571863389165
mild,body_static_svm,2024,1,106,48,1,0.16381979420620774
mild,body_static_svm,2024,1,115,41,1,0.8359669574321069
mild,body_static_svm,2024,1,120,52,0,-0.9802362049226317
mild,body_static_svm,2024,1,132,38,0,-0.465273723631261
mild,body_static_svm,2024,1,137,19,0,-1.5778708786089137
mild,body_static_svm,2024,1,140,84,1,-0.6254783302903317
mild,body_static_svm,2024,1,152,58,1,1.0827509453834174
mild,body_static_svm,2024,1,155,68,1,1.1223306329458314
mild,body_static_svm,2024,1,159,52,0,-0.7167687822099441
mild,body_static_svm,2024,1,163,48,0,0.44522141273599236
mild,body_static_svm,2024,1,164,53,0,-0.9393536392792294
mild,body_static_svm,2024,1,166,19,0,-1.2133718225471197
mild,body_static_svm,2024,1,170,53,0,-0.9437991229518952
mild,body_static_svm,2024,1,172,18,0,-1.7802444282868453
mild,body_static_svm,2024,1,176,41,0,-1.0164105815057811
mild,body_static_svm,2024,1,184,68,0,0.13031937812057293
mild,body_static_svm,2024,1,192,38,0,-0.7952530938378477
mild,body_static_svm,2024,1,196,67,0,-0.7718421095617225
mild,body_static_svm,2024,1,198,93,0,-1.1800143155812277
mild,body_static_svm,2024,1,201,66,1,-0.9887949953830433
mild,body_static_svm,2024,1,222,52,0,-1.0462949075908083
mild,body_static_svm,2024,1,223,38,0,-0.42499018051425325
mild,body_static_svm,2024,1,225,67,0,-0.894032507913796
mild,body_static_svm,2024,1,226,41,1,-0.37555080339054187
mild,body_static_svm,2024,1,237,18,0,-1.4355895646380599
mild,body_static_svm,2024,1,251,38,0,0.30066365287391816
mild,body_static_svm,2024,1,252,18,0,-0.32972468693960333
mild,body_static_svm,2024,1,254,86,1,1.2666532824092336
mild,body_static_svm,2024,1,256,10,1,0.6714633620602153
mild,body_static_svm,2024,1,260,60,0,-0.6317283807416698
mild,body_static_svm,2024,1,265,18,0,-1.1539336063468324
mild,body_static_svm,2024,2,005,65,0,-1.2837165251697034
mild,body_static_svm,2024,2,006,49,1,0.6623225572202444
mild,body_static_svm,2024,2,007,90,1,0.0869197546542777
mild,body_static_svm,2024,2,015,75,1,-0.835513224820712
mild,body_static_svm,2024,2,023,44,0,-1.6616799953283024
mild,body_static_svm,2024,2,029,35,0,-0.7096680579723599
mild,body_static_svm,2024,2,034,91,1,0.9844153944539958
mild,body_static_svm,2024,2,037,90,0,-0.24246673930675255
mild,body_static_svm,2024,2,039,40,0,-0.8493199843760948
mild,body_static_svm,2024,2,045,49,1,1.3592492781031105
mild,body_static_svm,2024,2,057,69,1,1.6031172737872832
mild,body_static_svm,2024,2,058,50,0,0.5423019072054772
mild,body_static_svm,2024,2,060,44,0,-0.18149239795204497
mild,body_static_svm,2024,2,066,90,1,-0.0278930312808765
mild,body_static_svm,2024,2,070,75,1,0.1504078728849355
mild,body_static_svm,2024,2,081,40,0,-0.451397821597669
mild,body_static_svm,2024,2,090,69,0,1.271620327419504
mild,body_static_svm,2024,2,102,76,1,0.34256700326163947
mild,body_static_svm,2024,2,107,35,0,-0.732389027832824
mild,body_static_svm,2024,2,118,91,1,1.1511503625561526
mild,body_static_svm,2024,2,119,40,0,-1.360218938392406
mild,body_static_svm,2024,2,127,75,1,0.42579188399623924
mild,body_static_svm,2024,2,129,69,1,1.258066007511136
mild,body_static_svm,2024,2,134,69,1,1.1948146753881832
mild,body_static_svm,2024,2,138,75,1,0.10418736429604947
mild,body_static_svm,2024,2,142,44,0,-0.38800463901933946
mild,body_static_svm,2024,2,149,40,0,-0.1342314759283404
mild,body_static_svm,2024,2,150,29,0,0.6306224849165302
mild,body_static_svm,2024,2,156,5,0,-0.5516301532037228
mild,body_static_svm,2024,2,178,76,1,1.125616197758434
mild,body_static_svm,2024,2,179,37,0,0.7358957800520106
mild,body_static_svm,2024,2,190,44,0,-0.8431584734633667
mild,body_static_svm,2024,2,194,5,0,-0.4621939355389908
mild,body_static_svm,2024,2,197,35,0,-0.8676897355391693
mild,body_static_svm,2024,2,202,46,0,-1.192693291193888
mild,body_static_svm,2024,2,204,27,0,-0.8045895837815387
mild,body_static_svm,2024,2,213,44,1,0.6161077912368035
mild,body_static_svm,2024,2,215,50,0,-1.9641355137656658
mild,body_static_svm,2024,2,231,11,0,-0.8021033725414244
mild,body_static_svm,2024,2,233,37,1,1.2574330859940575
mild,body_static_svm,2024,2,236,44,0,-0.07553643419074885
mild,body_static_svm,2024,2,241,29,0,-0.03966997815902984
mild,body_static_svm,2024,2,244,75,1,0.767230264027181
mild,body_static_svm,2024,2,246,50,0,-0.7873541931750005
mild,body_static_svm,2024,2,267,98,1,-0.41728899853124896
mild,body_static_svm,2024,2,269,44,0,-0.36930552975619313
mild,body_static_svm,2024,2,270,49,0,0.3858161504641858
mild,body_static_svm,2024,3,002,78,0,-0.13474048259449745
mild,body_static_svm,2024,3,008,28,0,0.17424337905128678
mild,body_static_svm,2024,3,013,92,0,-0.9053255470701633
mild,body_static_svm,2024,3,014,39,1,0.1643505196711172
mild,body_static_svm,2024,3,019,82,0,-2.1916188527314633
mild,body_static_svm,2024,3,038,43,1,-0.07623382761191894
mild,body_static_svm,2024,3,042,23,0,0.05864065431330234
mild,body_static_svm,2024,3,051,28,0,-0.38039595198306186
mild,body_static_svm,2024,3,053,78,0,0.7471200127302933
mild,body_static_svm,2024,3,054,16,1,0.7855959051561514
mild,body_static_svm,2024,3,068,22,1,0.510461080845422
mild,body_static_svm,2024,3,071,23,1,1.3786068092745325
mild,body_static_svm,2024,3,073,13,1,1.365841051749945
mild,body_static_svm,2024,3,079,43,1,-0.7169009544291169
mild,body_static_svm,2024,3,088,82,0,-0.8273941237911464
mild,body_static_svm,2024,3,091,96,1,0.6409658814702193
mild,body_static_svm,2024,3,096,17,0,-1.6910534747969426
mild,body_static_svm,2024,3,097,2,1,1.0828658946178995
mild,body_static_svm,2024,3,110,22,1,1.5600857095237493
mild,body_static_svm,2024,3,112,94,0,-0.7900517652031105
mild,body_static_svm,2024,3,113,78,0,0.4353521989444486
mild,body_static_svm,2024,3,114,92,1,1.130421261808429
mild,body_static_svm,2024,3,125,42,0,-2.0692945835813013
mild,body_static_svm,2024,3,126,82,0,-2.0312133922560194
mild,body_static_svm,2024,3,128,96,1,2.0121076541333776
mild,body_static_svm,2024,3,131,54,1,0.23425326501753768
mild,body_static_svm,2024,3,136,39,0,1.1157414502197562
mild,body_static_svm,2024,3,143,28,0,-0.809863314566333
mild,body_static_svm,2024,3,146,78,0,0.019029597345869342
mild,body_static_svm,2024,3,162,23,0,-0.03590304475117606
mild,body_static_svm,2024,3,167,22,1,1.1540802328491975
mild,body_static_svm,2024,3,169,39,1,0.5628706254877871
mild,body_static_svm,2024,3,171,42,0,-1.5126387353742654
mild,body_static_svm,2024,3,177,32,0,0.018560931232751487
mild,body_static_svm,2024,3,187,17,0,-1.051397149818056
mild,body_static_svm,2024,3,189,22,1,1.1181192476571977
mild,body_static_svm,2024,3,195,94,0,-0.8488955261269044
mild,body_static_svm,2024,3,199,82,0,-0.9727865046482791
mild,body_static_svm,2024,3,200,21,0,-0.7302193011109817
mild,body_static_svm,2024,3,206,42,0,-1.9797013437528512
mild,body_static_svm,2024,3,214,92,0,-1.4179614387441053
mild,body_static_svm,2024,3,227,78,0,-1.172364142382683
mild,body_static_svm,2024,3,228,43,1,-0.16523818823649222
mild,body_static_svm,2024,3,234,39,0,0.2972094833217496
mild,body_static_svm,2024,3,238,54,1,-0.3596094370443674
mild,body_static_svm,2024,3,249,17,1,1.348566752561175
mild,body_static_svm,2024,3,264,31,0,0.32632751904986473
mild,body_static_svm,2024,3,268,21,0,-1.2948153748216802
mild,body_static_svm,2024,3,272,33,1,-0.00744296715345294
mild,body_static_svm,2024,4,001,87,0,-1.4144548979123202
mild,body_static_svm,2024,4,003,1,0,-1.109117686814407
mild,body_static_svm,2024,4,020,20,1,0.769779039129254
mild,body_static_svm,2024,4,021,70,0,0.396179659437907
mild,body_static_svm,2024,4,022,34,1,-0.09877795967344549
mild,body_static_svm,2024,4,028,55,0,-0.876387990794436
mild,body_static_svm,2024,4,030,57,1,-0.8663691750670692
mild,body_static_svm,2024,4,036,77,0,-0.2104599958028085
mild,body_static_svm,2024,4,046,70,1,0.5998265737308599
mild,body_static_svm,2024,4,049,87,0,-1.7099826307400903
mild,body_static_svm,2024,4,061,24,1,0.8784652702155293
mild,body_static_svm,2024,4,062,55,0,-1.5058114137578575
mild,body_static_svm,2024,4,064,88,0,-1.4728214085488214
mild,body_static_svm,2024,4,067,34,1,0.473524760858518
mild,body_static_svm,2024,4,069,1,0,-1.282123800759513
mild,body_static_svm,2024,4,072,70,1,0.11246087558571183
mild,body_static_svm,2024,4,076,4,1,0.30915156401112276
mild,body_static_svm,2024,4,080,25,0,-0.04179390800862154
mild,body_static_svm,2024,4,083,79,0,-1.0438699947889363
mild,body_static_svm,2024,4,089,20,1,1.3980678733775862
mild,body_static_svm,2024,4,098,4,1,0.8364754762057194
mild,body_static_svm,2024,4,101,36,0,-1.3083924510009957
mild,body_static_svm,2024,4,111,77,0,0.09579373918677514
mild,body_static_svm,2024,4,122,71,0,-0.7360034283346477
mild,body_static_svm,2024,4,130,88,0,-1.5819124628515253
mild,body_static_svm,2024,4,135,64,1,1.467791329175295
mild,body_static_svm,2024,4,145,36,0,-1.3069766786648116
mild,body_static_svm,2024,4,157,77,0,-1.076902993847076
mild,body_static_svm,2024,4,161,79,1,0.27447402450748437
mild,body_static_svm,2024,4,168,4,1,0.038599316190724486
mild,body_static_svm,2024,4,174,1,0,-1.8696033554632714
mild,body_static_svm,2024,4,182,79,1,-0.17241361743710926
mild,body_static_svm,2024,4,185,71,0,-0.9378076810866134
mild,body_static_svm,2024,4,191,87,0,-1.682365550226971
mild,body_static_svm,2024,4,203,77,1,0.5655989807099595
mild,body_static_svm,2024,4,208,79,1,0.20175189361944557
mild,body_static_svm,2024,4,209,64,0,0.3092594782272201
mild,body_static_svm,2024,4,210,20,1,1.2778771438081908
mild,body_static_svm,2024,4,211,87,0,-1.6587684140003787
mild,body_static_svm,2024,4,212,12,0,-0.9403190645994286
mild,body_static_svm,2024,4,216,36,1,0.3422330472648911
mild,body_static_svm,2024,4,220,88,0,-1.6435574241568878
mild,body_static_svm,2024,4,230,34,0,-0.8881540609263671
mild,body_static_svm,2024,4,239,1,0,-1.3044968598722613
mild,body_static_svm,2024,4,247,88,0,-0.8398396849627638
mild,body_static_svm,2024,4,248,36,1,0.5385455731056108
mild,body_static_svm,2024,4,255,97,0,0.21008618793358003
mild,body_static_svm,2024,4,259,62,1,0.3833528608290261
mild,body_static_svm,2024,4,266,88,0,-1.432566221784949
mild,body_dynamic_svm,42,0,004,45,1,0.29913383628569123
mild,body_dynamic_svm,42,0,005,65,0,0.6930748871498331
mild,body_dynamic_svm,42,0,013,92,0,-0.10985854655707064
mild,body_dynamic_svm,42,0,017,8,0,-0.49406206112750783
mild,body_dynamic_svm,42,0,019,82,0,-0.28026884863965534
mild,body_dynamic_svm,42,0,020,20,1,0.4415214717066661
mild,body_dynamic_svm,42,0,022,34,1,0.019740011556005993
mild,body_dynamic_svm,42,0,035,83,1,0.03754579618569806
mild,body_dynamic_svm,42,0,040,8,0,-0.23434406299442737
mild,body_dynamic_svm,42,0,047,51,0,0.28268815796718527
mild,body_dynamic_svm,42,0,050,51,0,0.09366643382068865
mild,body_dynamic_svm,42,0,052,8,0,-0.16315967163008577
mild,body_dynamic_svm,42,0,061,24,1,0.8769808374757524
mild,body_dynamic_svm,42,0,067,34,1,-0.43983706930901595
mild,body_dynamic_svm,42,0,087,51,0,0.7173691021723673
mild,body_dynamic_svm,42,0,088,82,0,-0.2864702466279549
mild,body_dynamic_svm,42,0,089,20,1,0.5481394425198587
mild,body_dynamic_svm,42,0,091,96,1,-0.41989125474281697
mild,body_dynamic_svm,42,0,092,51,0,0.8020861694064605
mild,body_dynamic_svm,42,0,101,36,0,-0.3270845293750285
mild,body_dynamic_svm,42,0,102,76,1,0.4516931009146624
mild,body_dynamic_svm,42,0,103,6,0,-0.24955637083464494
mild,body_dynamic_svm,42,0,114,92,1,0.6719378103491173
mild,body_dynamic_svm,42,0,126,82,0,-0.2966153626141079
mild,body_dynamic_svm,42,0,128,96,1,0.41609855916803473
mild,body_dynamic_svm,42,0,133,51,0,0.46975346658325046
mild,body_dynamic_svm,42,0,145,36,0,-0.42148231825132654
mild,body_dynamic_svm,42,0,153,83,1,-0.2009092038079024
mild,body_dynamic_svm,42,0,154,45,0,0.024068913634103378
mild,body_dynamic_svm,42,0,160,51,0,0.7092997478959061
mild,body_dynamic_svm,42,0,164,53,0,-0.6750959129837159
mild,body_dynamic_svm,42,0,170,53,0,-0.3962329561863948
mild,body_dynamic_svm,42,0,177,32,0,0.9377498495925634
mild,body_dynamic_svm,42,0,178,76,1,0.5596917958584807
mild,body_dynamic_svm,42,0,181,6,0,-0.41501989263743533
mild,body_dynamic_svm,42,0,186,51,0,0.29160583280774954
mild,body_dynamic_svm,42,0,199,82,0,-0.24787760439812656
mild,body_dynamic_svm,42,0,200,21,0,-0.41773496539887744
mild,body_dynamic_svm,42,0,204,27,0,-0.5263567217790385
mild,body_dynamic_svm,42,0,210,20,1,0.5427525305828498
mild,body_dynamic_svm,42,0,214,92,0,0.48241112603038594
mild,body_dynamic_svm,42,0,216,36,1,-0.021478702255440935
mild,body_dynamic_svm,42,0,229,51,0,0.4635109711573564
mild,body_dynamic_svm,42,0,230,34,0,0.11338963705943991
mild,body_dynamic_svm,42,0,248,36,1,0.36176720742852186
mild,body_dynamic_svm,42,0,253,45,1,-0.06804583788550697
mild,body_dynamic_svm,42,0,255,97,0,0.7316673948076301
mild,body_dynamic_svm,42,0,257,83,1,0.559925417995136
mild,body_dynamic_svm,42,0,259,62,1,0.5524938405421704
mild,body_dynamic_svm,42,0,268,21,0,-0.07164696871917278
mild,body_dynamic_svm,42,1,016,84,1,-0.20927243484906932
mild,body_dynamic_svm,42,1,030,57,1,-0.7657554044322071
mild,body_dynamic_svm,42,1,039,40,0,-0.7669061061051718
mild,body_dynamic_svm,42,1,042,23,0,-0.44939352082381845
mild,body_dynamic_svm,42,1,068,22,1,-0.40183914641999446
mild,body_dynamic_svm,42,1,071,23,1,0.47305412623995013
mild,body_dynamic_svm,42,1,073,13,1,0.01924020026193002
mild,body_dynamic_svm,42,1,076,4,1,-0.4278090493982865
mild,body_dynamic_svm,42,1,081,40,0,-0.7078300807638482
mild,body_dynamic_svm,42,1,083,79,0,-0.2822526692231566
mild,body_dynamic_svm,42,1,085,18,0,-0.772999220664599
mild,body_dynamic_svm,42,1,086,18,0,-0.4826267138710942
mild,body_dynamic_svm,42,1,096,17,0,-0.3115675638854397
mild,body_dynamic_svm,42,1,098,4,1,0.25395130458820336
mild,body_dynamic_svm,42,1,110,22,1,-0.5434811185677156
mild,body_dynamic_svm,42,1,112,94,0,-0.6454412816850775
mild,body_dynamic_svm,42,1,119,40,0,-0.6071831772274952
mild,body_dynamic_svm,42,1,120,52,0,-0.595497273196959
mild,body_dynamic_svm,42,1,122,71,0,-0.7824404884786426
mild,body_dynamic_svm,42,1,135,64,1,0.33435856131971853
mild,body_dynamic_svm,42,1,140,84,1,-0.37363082929974706
mild,body_dynamic_svm,42,1,149,40,0,0.20855564682726846
mild,body_dynamic_svm,42,1,152,58,1,0.10134328062364395
mild,body_dynamic_svm,42,1,156,5,0,-0.41714587535699943
mild,body_dynamic_svm,42,1,159,52,0,-0.6636590226370115
mild,body_dynamic_svm,42,1,161,79,1,0.40520589227509496
mild,body_dynamic_svm,42,1,162,23,0,-0.06904878071417542
mild,body_dynamic_svm,42,1,165,30,0,-0.6812119009015026
mild,body_dynamic_svm,42,1,167,22,1,-0.12130525590589591
mild,body_dynamic_svm,42,1,168,4,1,-0.013499898899537566
mild,body_dynamic_svm,42,1,172,18,0,-0.8121923522658903
mild,body_dynamic_svm,42,1,182,79,1,-0.17224461906996488
mild,body_dynamic_svm,42,1,185,71,0,-0.7508051106711775
mild,body_dynamic_svm,42,1,187,17,0,-0.3502538871781565
mild,body_dynamic_svm,42,1,189,22,1,-0.7143586342864837
mild,body_dynamic_svm,42,1,194,5,0,-0.4537643084994012
mild,body_dynamic_svm,42,1,195,94,0,-0.7486192579787563
mild,body_dynamic_svm,42,1,201,66,1,-0.5259115401076646
mild,body_dynamic_svm,42,1,208,79,1,0.5252814126529378
mild,body_dynamic_svm,42,1,209,64,0,-0.5216289187330204
mild,body_dynamic_svm,42,1,212,12,0,0.007458639095393904
mild,body_dynamic_svm,42,1,222,52,0,-0.6626881750805643
mild,body_dynamic_svm,42,1,231,11,0,-0.216318140721906
mild,body_dynamic_svm,42,1,237,18,0,-0.43118879447779074
mild,body_dynamic_svm,42,1,249,17,1,-0.12676277986221596
mild,body_dynamic_svm,42,1,252,18,0,-0.8835931878817613
mild,body_dynamic_svm,42,1,265,18,0,-0.785584179525276
mild,body_dynamic_svm,42,2,002,78,0,-0.8375589230762365
mild,body_dynamic_svm,42,2,003,1,0,0.10282915657110037
mild,body_dynamic_svm,42,2,014,39,1,-0.7094801916999334
mild,body_dynamic_svm,42,2,021,70,0,0.2504378615990567
mild,body_dynamic_svm,42,2,026,86,1,0.8716158914800973
mild,body_dynamic_svm,42,2,028,55,0,-0.5300958400998058
mild,body_dynamic_svm,42,2,041,26,1,-0.8188260484753728
mild,body_dynamic_svm,42,2,046,70,1,0.40333485505639977
mild,body_dynamic_svm,42,2,053,78,0,-0.27198568730835987
mild,body_dynamic_svm,42,2,057,69,1,0.9407670408092257
mild,body_dynamic_svm,42,2,058,50,0,0.22292755020386845
mild,body_dynamic_svm,42,2,062,55,0,-0.5475341225012025
mild,body_dynamic_svm,42,2,065,41,1,-0.19778355500667116
mild,body_dynamic_svm,42,2,069,1,0,0.46356613197642527
mild,body_dynamic_svm,42,2,072,70,1,0.1649747653656325
mild,body_dynamic_svm,42,2,077,86,1,0.8916238012855258
mild,body_dynamic_svm,42,2,080,25,0,-0.42795775024326554
mild,body_dynamic_svm,42,2,090,69,0,0.041952600772927895
mild,body_dynamic_svm,42,2,095,86,1,-0.38632843163265973
mild,body_dynamic_svm,42,2,097,2,1,0.6310902993558252
mild,body_dynamic_svm,42,2,113,78,0,0.39709855106226166
mild,body_dynamic_svm,42,2,115,41,1,-0.4457988791369091
mild,body_dynamic_svm,42,2,125,42,0,-0.6810948998219257
mild,body_dynamic_svm,42,2,129,69,1,1.2705288533863413
mild,body_dynamic_svm,42,2,134,69,1,0.34037059477028797
mild,body_dynamic_svm,42,2,136,39,0,1.5313302664431714
mild,body_dynamic_svm,42,2,146,78,0,0.17971471547025886
mild,body_dynamic_svm,42,2,150,29,0,0.5280562833685507
mild,body_dynamic_svm,42,2,169,39,1,0.718469106904829
mild,body_dynamic_svm,42,2,171,42,0,-1.2500329189665647
mild,body_dynamic_svm,42,2,174,1,0,-0.31719053265935654
mild,body_dynamic_svm,42,2,176,41,0,-0.13529484687473442
mild,body_dynamic_svm,42,2,180,73,1,0.023848462456303343
mild,body_dynamic_svm,42,2,205,95,0,-1.0852606990806248
mild,body_dynamic_svm,42,2,206,42,0,-0.22872617556942887
mild,body_dynamic_svm,42,2,215,50,0,0.03530055519969233
mild,body_dynamic_svm,42,2,219,73,1,1.0108430492319103
mild,body_dynamic_svm,42,2,226,41,1,-0.6290313821024258
mild,body_dynamic_svm,42,2,227,78,0,0.06549703776060695
mild,body_dynamic_svm,42,2,234,39,0,1.2260983226537778
mild,body_dynamic_svm,42,2,239,1,0,0.6034815516838641
mild,body_dynamic_svm,42,2,241,29,0,0.3848647730897754
mild,body_dynamic_svm,42,2,246,50,0,-0.35096064097426516
mild,body_dynamic_svm,42,2,254,86,1,0.8235751721762707
mild,body_dynamic_svm,42,2,260,60,0,-0.16827339942923075
mild,body_dynamic_svm,42,2,262,14,0,0.14896844074911275
mild,body_dynamic_svm,42,2,267,98,1,-0.4988451276592151
mild,body_dynamic_svm,42,2,272,33,1,0.694720047202211
mild,body_dynamic_svm,42,3,001,87,0,0.3251698008085481
mild,body_dynamic_svm,42,3,008,28,0,0.0005833440153155123
mild,body_dynamic_svm,42,3,010,72,0,-0.10020925746815593
mild,body_dynamic_svm,42,3,015,75,1,-0.40699014165154174
mild,body_dynamic_svm,42,3,023,44,0,0.6528076921621928
mild,body_dynamic_svm,42,3,027,85,1,-0.16344037537690778
mild,body_dynamic_svm,42,3,029,35,0,0.2260162476735555
mild,body_dynamic_svm,42,3,034,91,1,-0.18627391353647252
mild,body_dynamic_svm,42,3,049,87,0,0.5697972906105082
mild,body_dynamic_svm,42,3,051,28,0,-0.3099578859320458
mild,body_dynamic_svm,42,3,060,44,0,0.4856200712663758
mild,body_dynamic_svm,42,3,070,75,1,-0.22435225195999609
mild,body_dynamic_svm,42,3,078,93,0,-0.30230516550783654
mild,body_dynamic_svm,42,3,094,93,1,-0.5230167412325155
mild,body_dynamic_svm,42,3,100,72,1,-0.4427608371006271
mild,body_dynamic_svm,42,3,106,48,1,-0.6869783855391308
mild,body_dynamic_svm,42,3,107,35,0,-0.6782522383194896
mild,body_dynamic_svm,42,3,116,85,0,0.1407145026297461
mild,body_dynamic_svm,42,3,117,7,0,-0.6852165404857156
mild,body_dynamic_svm,42,3,118,91,1,0.02861524140470767
mild,body_dynamic_svm,42,3,127,75,1,0.7038950452773114
mild,body_dynamic_svm,42,3,138,75,1,0.44647151008664127
mild,body_dynamic_svm,42,3,142,44,0,-0.1755491625905309
mild,body_dynamic_svm,42,3,143,28,0,0.39885338751425686
mild,body_dynamic_svm,42,3,147,72,0,-0.3637886782690112
mild,body_dynamic_svm,42,3,148,7,0,-0.7372146518548572
mild,body_dynamic_svm,42,3,151,85,1,0.37764521995399863
mild,body_dynamic_svm,42,3,163,48,0,0.32785879359572073
mild,body_dynamic_svm,42,3,179,37,0,0.29309026061589066
mild,body_dynamic_svm,42,3,188,85,0,-0.3466988902163308
mild,body_dynamic_svm,42,3,190,44,0,0.453170327538104
mild,body_dynamic_svm,42,3,191,87,0,-0.010287882955710814
mild,body_dynamic_svm,42,3,193,56,1,0.418379193528347
mild,body_dynamic_svm,42,3,197,35,0,-0.643192659925689
mild,body_dynamic_svm,42,3,198,93,0,-0.23373326088637164
mild,body_dynamic_svm,42,3,202,46,0,-0.15198520050707442
mild,body_dynamic_svm,42,3,211,87,0,0.25309184566625303
mild,body_dynamic_svm,42,3,213,44,1,0.642833967414312
mild,body_dynamic_svm,42,3,221,72,1,0.6446369197646988
mild,body_dynamic_svm,42,3,233,37,1,0.43312750701419717
mild,body_dynamic_svm,42,3,236,44,0,0.8853131655963615
mild,body_dynamic_svm,42,3,240,72,0,0.48045047579890227
mild,body_dynamic_svm,42,3,243,85,1,0.48889760354564243
mild,body_dynamic_svm,42,3,244,75,1,0.8539532402905361
mild,body_dynamic_svm,42,3,256,10,1,0.4960766270950882
mild,body_dynamic_svm,42,3,258,85,1,0.39117377680841064
mild,body_dynamic_svm,42,3,264,31,0,-0.6553015023001841
mild,body_dynamic_svm,42,3,269,44,0,-0.3764967934626967
mild,body_dynamic_svm,42,4,006,49,1,0.6680135008455448
mild,body_dynamic_svm,42,4,007,90,1,0.0879040295453824
mild,body_dynamic_svm,42,4,024,89,0,-0.4897470050565493
mild,body_dynamic_svm,42,4,031,38,1,-0.5787675202402639
mild,body_dynamic_svm,42,4,032,19,0,-0.7693904685077477
mild,body_dynamic_svm,42,4,036,77,0,-0.630561545817192
mild,body_dynamic_svm,42,4,037,90,0,-1.0415007219061565
mild,body_dynamic_svm,42,4,038,43,1,-0.9458888473988936
mild,body_dynamic_svm,42,4,045,49,1,-0.6057749941529573
mild,body_dynamic_svm,42,4,048,67,0,-0.6762090439949455
mild,body_dynamic_svm,42,4,054,16,1,-0.4033791014001539
mild,body_dynamic_svm,42,4,055,15,1,-0.7210550434562366
mild,body_dynamic_svm,42,4,064,88,0,-1.0911982121829706
mild,body_dynamic_svm,42,4,066,90,1,-0.07474190715830883
mild,body_dynamic_svm,42,4,075,38,1,-1.0295224149638207
mild,body_dynamic_svm,42,4,079,43,1,0.24380252794798823
mild,body_dynamic_svm,42,4,104,19,0,-0.3230249839024852
mild,body_dynamic_svm,42,4,108,61,0,-0.5910355424003598
mild,body_dynamic_svm,42,4,111,77,0,-0.7574056368734738
mild,body_dynamic_svm,42,4,121,74,1,0.6210081884699359
mild,body_dynamic_svm,42,4,130,88,0,-1.5207385132020157
mild,body_dynamic_svm,42,4,131,54,1,0.47159721218898715
mild,body_dynamic_svm,42,4,132,38,0,-0.4686679112179359
mild,body_dynamic_svm,42,4,137,19,0,-0.2127252625479519
mild,body_dynamic_svm,42,4,139,89,0,-0.7129237691516795
mild,body_dynamic_svm,42,4,144,63,1,0.4152878347085261
mild,body_dynamic_svm,42,4,155,68,1,-0.0584016936005293
mild,body_dynamic_svm,42,4,157,77,0,-0.4143560227464226
mild,body_dynamic_svm,42,4,158,74,1,1.0630690965190184
mild,body_dynamic_svm,42,4,166,19,0,-0.07296533113449055
mild,body_dynamic_svm,42,4,173,89,0,-0.8246768073586253
mild,body_dynamic_svm,42,4,175,74,1,1.0394809928791573
mild,body_dynamic_svm,42,4,184,68,0,0.2847905748446749
mild,body_dynamic_svm,42,4,192,38,0,-0.8065119061913821
mild,body_dynamic_svm,42,4,196,67,0,-0.7598490903036501
mild,body_dynamic_svm,42,4,203,77,1,0.22786229362707738
mild,body_dynamic_svm,42,4,220,88,0,-1.1781769535888207
mild,body_dynamic_svm,42,4,223,38,0,-0.1139073878041002
mild,body_dynamic_svm,42,4,225,67,0,-0.947756512986901
mild,body_dynamic_svm,42,4,228,43,1,1.2811849557445998
mild,body_dynamic_svm,42,4,235,89,0,-0.2382078665810563
mild,body_dynamic_svm,42,4,238,54,1,0.34591965705831523
mild,body_dynamic_svm,42,4,247,88,0,-0.5722334966065409
mild,body_dynamic_svm,42,4,251,38,0,-0.48911612897993595
mild,body_dynamic_svm,42,4,266,88,0,-0.8414167479696053
mild,body_dynamic_svm,42,4,270,49,0,-0.32348511559274495
mild,body_dynamic_svm,123,0,013,92,0,0.1587504643692565
mild,body_dynamic_svm,123,0,017,8,0,0.012619740593352857
mild,body_dynamic_svm,123,0,020,20,1,0.6745864605307852
mild,body_dynamic_svm,123,0,021,70,0,-0.35905131203658974
mild,body_dynamic_svm,123,0,030,57,1,-1.266394668058656
mild,body_dynamic_svm,123,0,032,19,0,-0.7745743636333512
mild,body_dynamic_svm,123,0,040,8,0,-0.6387641822815193
mild,body_dynamic_svm,123,0,046,70,1,-0.02514822872551914
mild,body_dynamic_svm,123,0,047,51,0,-0.008149185758591138
mild,body_dynamic_svm,123,0,050,51,0,0.5274362356667688
mild,body_dynamic_svm,123,0,052,8,0,0.507422172682
mild,body_dynamic_svm,123,0,055,15,1,-0.7109280244762832
mild,body_dynamic_svm,123,0,072,70,1,-0.24343218026437274
mild,body_dynamic_svm,123,0,073,13,1,0.4727251067495527
mild,body_dynamic_svm,123,0,087,51,0,0.7928412089018009
mild,body_dynamic_svm,123,0,089,20,1,0.6418073009253774
mild,body_dynamic_svm,123,0,092,51,0,0.7828229559613051
mild,body_dynamic_svm,123,0,102,76,1,0.34223393350873255
mild,body_dynamic_svm,123,0,104,19,0,-0.19148992784645968
mild,body_dynamic_svm,123,0,106,48,1,-1.1769360749515858
mild,body_dynamic_svm,123,0,112,94,0,-0.7954451684793733
mild,body_dynamic_svm,123,0,114,92,1,0.8275589960950411
mild,body_dynamic_svm,123,0,121,74,1,0.5376870957513886
mild,body_dynamic_svm,123,0,122,71,0,-0.9205901543409949
mild,body_dynamic_svm,123,0,133,51,0,0.2848573399026231
mild,body_dynamic_svm,123,0,135,64,1,0.6936502486338862
mild,body_dynamic_svm,123,0,137,19,0,0.07045883816148157
mild,body_dynamic_svm,123,0,156,5,0,-0.36077722993522465
mild,body_dynamic_svm,123,0,158,74,1,1.0947658129212599
mild,body_dynamic_svm,123,0,160,51,0,0.9807752682360285
mild,body_dynamic_svm,123,0,163,48,0,0.35690661749155306
mild,body_dynamic_svm,123,0,165,30,0,-0.9372202767644856
mild,body_dynamic_svm,123,0,166,19,0,-0.0782983774835268
mild,body_dynamic_svm,123,0,175,74,1,0.8482581833658553
mild,body_dynamic_svm,123,0,178,76,1,0.5718565531382287
mild,body_dynamic_svm,123,0,179,37,0,0.09278774433055093
mild,body_dynamic_svm,123,0,180,73,1,-0.17683740144686075
mild,body_dynamic_svm,123,0,185,71,0,-0.6570168996631118
mild,body_dynamic_svm,123,0,186,51,0,0.1298806773012629
mild,body_dynamic_svm,123,0,194,5,0,-0.3667711094933016
mild,body_dynamic_svm,123,0,195,94,0,-1.0448659206991384
mild,body_dynamic_svm,123,0,209,64,0,-0.027324503999664074
mild,body_dynamic_svm,123,0,210,20,1,0.5094507981698928
mild,body_dynamic_svm,123,0,214,92,0,0.6973892537956923
mild,body_dynamic_svm,123,0,219,73,1,0.8268222475776961
mild,body_dynamic_svm,123,0,229,51,0,0.49073527770840686
mild,body_dynamic_svm,123,0,233,37,1,0.6298795496509357
mild,body_dynamic_svm,123,0,260,60,0,-0.03147372830793438
mild,body_dynamic_svm,123,0,272,33,1,0.6903580268808828
mild,body_dynamic_svm,123,1,001,87,0,0.46314438762226606
mild,body_dynamic_svm,123,1,004,45,1,0.3003697273774495
mild,body_dynamic_svm,123,1,005,65,0,0.7970482097771595
mild,body_dynamic_svm,123,1,028,55,0,-0.3985297251668424
mild,body_dynamic_svm,123,1,048,67,0,0.09176274769093493
mild,body_dynamic_svm,123,1,049,87,0,0.7111023269706491
mild,body_dynamic_svm,123,1,058,50,0,0.1256874958825753
mild,body_dynamic_svm,123,1,062,55,0,-0.28645867607277886
mild,body_dynamic_svm,123,1,068,22,1,-0.1223830972440375
mild,body_dynamic_svm,123,1,076,4,1,-0.23918015515806582
mild,body_dynamic_svm,123,1,078,93,0,-0.16975710172277292
mild,body_dynamic_svm,123,1,083,79,0,0.05770252487505159
mild,body_dynamic_svm,123,1,085,18,0,-0.6066360126767429
mild,body_dynamic_svm,123,1,086,18,0,-0.27660399071831715
mild,body_dynamic_svm,123,1,091,96,1,-0.3954303743456276
mild,body_dynamic_svm,123,1,094,93,1,-0.4331414127551112
mild,body_dynamic_svm,123,1,098,4,1,0.5969731475988268
mild,body_dynamic_svm,123,1,101,36,0,-0.30636801362037563
mild,body_dynamic_svm,123,1,110,22,1,-0.2762525676000182
mild,body_dynamic_svm,123,1,128,96,1,0.41496643662728416
mild,body_dynamic_svm,123,1,144,63,1,0.575217635841188
mild,body_dynamic_svm,123,1,145,36,0,-0.36854307203908154
mild,body_dynamic_svm,123,1,154,45,0,-0.001743751547386485
mild,body_dynamic_svm,123,1,161,79,1,0.7501000999736009
mild,body_dynamic_svm,123,1,167,22,1,0.276888866071929
mild,body_dynamic_svm,123,1,168,4,1,0.3595716053194742
mild,body_dynamic_svm,123,1,172,18,0,-0.6522297735894863
mild,body_dynamic_svm,123,1,182,79,1,0.10420303348480928
mild,body_dynamic_svm,123,1,189,22,1,-0.5369612629775685
mild,body_dynamic_svm,123,1,191,87,0,0.10653767509618609
mild,body_dynamic_svm,123,1,196,67,0,-0.5763470407598451
mild,body_dynamic_svm,123,1,198,93,0,-0.07322335841634675
mild,body_dynamic_svm,123,1,200,21,0,-0.29365547325269065
mild,body_dynamic_svm,123,1,201,66,1,-0.09728362642339025
mild,body_dynamic_svm,123,1,202,46,0,-0.022022940918300427
mild,body_dynamic_svm,123,1,208,79,1,0.8641793897911209
mild,body_dynamic_svm,123,1,211,87,0,0.38567623463092926
mild,body_dynamic_svm,123,1,215,50,0,0.4743743589684887
mild,body_dynamic_svm,123,1,216,36,1,0.0894432993386651
mild,body_dynamic_svm,123,1,225,67,0,-0.5150415781950237
mild,body_dynamic_svm,123,1,237,18,0,-0.0987700688245708
mild,body_dynamic_svm,123,1,246,50,0,0.08491531958138246
mild,body_dynamic_svm,123,1,248,36,1,0.5058108319896519
mild,body_dynamic_svm,123,1,252,18,0,-0.6744367764947641
mild,body_dynamic_svm,123,1,253,45,1,0.05096771108818168
mild,body_dynamic_svm,123,1,262,14,0,0.3110071190650111
mild,body_dynamic_svm,123,1,264,31,0,-0.446219809976123
mild,body_dynamic_svm,123,1,265,18,0,-0.5225869774262558
mild,body_dynamic_svm,123,1,268,21,0,0.036490570721958104
mild,body_dynamic_svm,123,2,003,1,0,-0.4954138727865363
mild,body_dynamic_svm,123,2,006,49,1,0.4352595776177526
mild,body_dynamic_svm,123,2,007,90,1,0.11638439137317547
mild,body_dynamic_svm,123,2,026,86,1,0.3186836887460057
mild,body_dynamic_svm,123,2,036,77,0,-0.9059965241499844
mild,body_dynamic_svm,123,2,037,90,0,-0.6293103999661555
mild,body_dynamic_svm,123,2,038,43,1,-0.7819599074094331
mild,body_dynamic_svm,123,2,039,40,0,-0.8406490524943886
mild,body_dynamic_svm,123,2,041,26,1,-0.7338622856346474
mild,body_dynamic_svm,123,2,045,49,1,-0.6464235653637381
mild,body_dynamic_svm,123,2,061,24,1,0.5055695029256434
mild,body_dynamic_svm,123,2,064,88,0,-0.791321068276354
mild,body_dynamic_svm,123,2,065,41,1,-0.6053557769463813
mild,body_dynamic_svm,123,2,066,90,1,-0.34345822061494524
mild,body_dynamic_svm,123,2,069,1,0,-0.09333644207598435
mild,body_dynamic_svm,123,2,077,86,1,0.4562863911393612
mild,body_dynamic_svm,123,2,079,43,1,0.2513015181489193
mild,body_dynamic_svm,123,2,081,40,0,-0.8281138567091162
mild,body_dynamic_svm,123,2,095,86,1,-0.4196513793878372
mild,body_dynamic_svm,123,2,097,2,1,-0.03950264786276658
mild,body_dynamic_svm,123,2,111,77,0,-0.8816215521979833
mild,body_dynamic_svm,123,2,115,41,1,-0.5581300865612617
mild,body_dynamic_svm,123,2,119,40,0,-0.6811484058004985
mild,body_dynamic_svm,123,2,130,88,0,-0.6085069305906194
mild,body_dynamic_svm,123,2,149,40,0,0.21183375502659896
mild,body_dynamic_svm,123,2,150,29,0,-0.3648371074922972
mild,body_dynamic_svm,123,2,155,68,1,0.11401141831066841
mild,body_dynamic_svm,123,2,157,77,0,-0.6041035389538767
mild,body_dynamic_svm,123,2,164,53,0,-0.8363724718571974
mild,body_dynamic_svm,123,2,170,53,0,-0.5999020116816771
mild,body_dynamic_svm,123,2,174,1,0,-0.5197355892057112
mild,body_dynamic_svm,123,2,176,41,0,-0.160407765337015
mild,body_dynamic_svm,123,2,184,68,0,0.24611953172302492
mild,body_dynamic_svm,123,2,203,77,1,-0.04813480316550556
mild,body_dynamic_svm,123,2,205,95,0,-0.9443182863581501
mild,body_dynamic_svm,123,2,212,12,0,-0.05560803729163594
mild,body_dynamic_svm,123,2,220,88,0,-0.9999120492364336
mild,body_dynamic_svm,123,2,226,41,1,-0.7605571798489764
mild,body_dynamic_svm,123,2,228,43,1,0.4440684799226483
mild,body_dynamic_svm,123,2,231,11,0,-0.15777539146959202
mild,body_dynamic_svm,123,2,239,1,0,-0.040220575436345385
mild,body_dynamic_svm,123,2,241,29,0,-0.1234064116269481
mild,body_dynamic_svm,123,2,247,88,0,-0.7486536404453484
mild,body_dynamic_svm,123,2,254,86,1,0.37946184004665995
mild,body_dynamic_svm,123,2,255,97,0,0.3197143210631005
mild,body_dynamic_svm,123,2,266,88,0,-0.8801055692963835
mild,body_dynamic_svm,123,2,270,49,0,-0.5709096977089202
mild,body_dynamic_svm,123,3,008,28,0,-0.11235220449231209
mild,body_dynamic_svm,123,3,014,39,1,-0.6413590720014071
mild,body_dynamic_svm,123,3,022,34,1,-0.16578819350355817
mild,body_dynamic_svm,123,3,023,44,0,0.5432007935489638
mild,body_dynamic_svm,123,3,024,89,0,-0.7405023869665576
mild,body_dynamic_svm,123,3,027,85,1,-0.2391127852449137
mild,body_dynamic_svm,123,3,029,35,0,0.0006249684732751448
mild,body_dynamic_svm,123,3,034,91,1,-0.2875049586910691
mild,body_dynamic_svm,123,3,035,83,1,-0.1019601414275303
mild,body_dynamic_svm,123,3,051,28,0,-0.3229410358671884
mild,body_dynamic_svm,123,3,054,16,1,-0.6442130790126215
mild,body_dynamic_svm,123,3,057,69,1,0.1457217606081197
mild,body_dynamic_svm,123,3,060,44,0,0.5125974433616387
mild,body_dynamic_svm,123,3,067,34,1,-0.5623371448389733
mild,body_dynamic_svm,123,3,080,25,0,-0.6896665766163653
mild,body_dynamic_svm,123,3,090,69,0,-0.5344271999885437
mild,body_dynamic_svm,123,3,103,6,0,-0.3351866468523475
mild,body_dynamic_svm,123,3,107,35,0,-0.6828631542688424
mild,body_dynamic_svm,123,3,108,61,0,-0.8128599119709962
mild,body_dynamic_svm,123,3,116,85,0,0.052081907055812005
mild,body_dynamic_svm,123,3,118,91,1,-0.09957576487127875
mild,body_dynamic_svm,123,3,129,69,1,0.5177094695208795
mild,body_dynamic_svm,123,3,134,69,1,-0.2822070821282951
mild,body_dynamic_svm,123,3,136,39,0,0.8613508214374943
mild,body_dynamic_svm,123,3,139,89,0,-0.49412081163217325
mild,body_dynamic_svm,123,3,142,44,0,-0.19188880966115485
mild,body_dynamic_svm,123,3,143,28,0,0.3147775009970924
mild,body_dynamic_svm,123,3,151,85,1,0.3089700109921228
mild,body_dynamic_svm,123,3,153,83,1,-0.3615150533791034
mild,body_dynamic_svm,123,3,169,39,1,0.7598751479260746
mild,body_dynamic_svm,123,3,173,89,0,-0.4015394871592454
mild,body_dynamic_svm,123,3,177,32,0,0.8738892654606063
mild,body_dynamic_svm,123,3,181,6,0,-0.5908542122517398
mild,body_dynamic_svm,123,3,188,85,0,-0.4747122463862805
mild,body_dynamic_svm,123,3,190,44,0,0.4084249699996774
mild,body_dynamic_svm,123,3,197,35,0,-0.6288846182331388
mild,body_dynamic_svm,123,3,204,27,0,-0.7551716464050499
mild,body_dynamic_svm,123,3,213,44,1,0.5683174104923965
mild,body_dynamic_svm,123,3,230,34,0,0.0796159548148273
mild,body_dynamic_svm,123,3,234,39,0,0.6146916197738335
mild,body_dynamic_svm,123,3,235,89,0,0.02979950112125912
mild,body_dynamic_svm,123,3,236,44,0,0.9257911047182956
mild,body_dynamic_svm,123,3,243,85,1,0.3939202543251413
mild,body_dynamic_svm,123,3,257,83,1,0.47212461213732676
mild,body_dynamic_svm,123,3,258,85,1,0.19667494465103402
mild,body_dynamic_svm,123,3,259,62,1,0.30876984926503986
mild,body_dynamic_svm,123,3,269,44,0,-0.42586898880413215
mild,body_dynamic_svm,123,4,002,78,0,-0.6453518025625997
mild,body_dynamic_svm,123,4,010,72,0,-0.23640779946106708
mild,body_dynamic_svm,123,4,015,75,1,-0.42680859128291904
mild,body_dynamic_svm,123,4,016,84,1,-0.15915820964769675
mild,body_dynamic_svm,123,4,019,82,0,-0.40867771444589585
mild,body_dynamic_svm,123,4,031,38,1,-0.4488025006069921
mild,body_dynamic_svm,123,4,042,23,0,-0.39959453037939385
mild,body_dynamic_svm,123,4,053,78,0,-0.4126487145283134
mild,body_dynamic_svm,123,4,070,75,1,-0.318860870192465
mild,body_dynamic_svm,123,4,071,23,1,0.4833682430862125
mild,body_dynamic_svm,123,4,075,38,1,-0.6177003120714034
mild,body_dynamic_svm,123,4,088,82,0,-0.5141524074738324
mild,body_dynamic_svm,123,4,096,17,0,-0.33208522548840336
mild,body_dynamic_svm,123,4,100,72,1,-0.47681589258994206
mild,body_dynamic_svm,123,4,113,78,0,-0.04105153408442003
mild,body_dynamic_svm,123,4,117,7,0,-0.6736157827840293
mild,body_dynamic_svm,123,4,120,52,0,-0.5426959769046391
mild,body_dynamic_svm,123,4,125,42,0,-0.7951006289887076
mild,body_dynamic_svm,123,4,126,82,0,-0.4543032259173806
mild,body_dynamic_svm,123,4,127,75,1,0.42957127147497454
mild,body_dynamic_svm,123,4,131,54,1,0.08876016982361723
mild,body_dynamic_svm,123,4,132,38,0,-0.5747134884413545
mild,body_dynamic_svm,123,4,138,75,1,0.150343023272287
mild,body_dynamic_svm,123,4,140,84,1,-0.3392757322260479
mild,body_dynamic_svm,123,4,146,78,0,-0.10151096707539697
mild,body_dynamic_svm,123,4,147,72,0,-0.3833011078268527
mild,body_dynamic_svm,123,4,148,7,0,-0.7095530375089056
mild,body_dynamic_svm,123,4,152,58,1,0.19980152715783506
mild,body_dynamic_svm,123,4,159,52,0,-0.6263952621298927
mild,body_dynamic_svm,123,4,162,23,0,-0.01656325483520421
mild,body_dynamic_svm,123,4,171,42,0,-0.747044230829996
mild,body_dynamic_svm,123,4,187,17,0,-0.3670230356805255
mild,body_dynamic_svm,123,4,192,38,0,-0.6288561199509334
mild,body_dynamic_svm,123,4,193,56,1,0.122401217650629
mild,body_dynamic_svm,123,4,199,82,0,-0.36854538489183675
mild,body_dynamic_svm,123,4,206,42,0,-0.0834062146576256
mild,body_dynamic_svm,123,4,221,72,1,0.3310472053961625
mild,body_dynamic_svm,123,4,222,52,0,-0.6009551095865142
mild,body_dynamic_svm,123,4,223,38,0,-0.4598898468808887
mild,body_dynamic_svm,123,4,227,78,0,-0.3531488865130043
mild,body_dynamic_svm,123,4,238,54,1,-0.14190320667774523
mild,body_dynamic_svm,123,4,240,72,0,0.23489800556537788
mild,body_dynamic_svm,123,4,244,75,1,0.5835022594735864
mild,body_dynamic_svm,123,4,249,17,1,-0.14018600725906508
mild,body_dynamic_svm,123,4,251,38,0,-0.5831556439122656
mild,body_dynamic_svm,123,4,256,10,1,0.2326875173237175
mild,body_dynamic_svm,123,4,267,98,1,-0.4436324516982514
mild,body_dynamic_svm,456,0,001,87,0,0.3232362243302978
mild,body_dynamic_svm,456,0,016,84,1,0.07205015531369457
mild,body_dynamic_svm,456,0,021,70,0,-0.24077576746160914
mild,body_dynamic_svm,456,0,030,57,1,-0.7579057887880682
mild,body_dynamic_svm,456,0,035,83,1,-0.012188747710062842
mild,body_dynamic_svm,456,0,038,43,1,-0.6521418810179335
mild,body_dynamic_svm,456,0,046,70,1,0.13917315183914686
mild,body_dynamic_svm,456,0,047,51,0,0.22907851548015074
mild,body_dynamic_svm,456,0,049,87,0,0.7071934681633356
mild,body_dynamic_svm,456,0,050,51,0,0.1623615659387278
mild,body_dynamic_svm,456,0,072,70,1,-0.12855060643286456
mild,body_dynamic_svm,456,0,079,43,1,0.6977487901386248
mild,body_dynamic_svm,456,0,087,51,0,0.744234788042409
mild,body_dynamic_svm,456,0,092,51,0,0.7949060402414685
mild,body_dynamic_svm,456,0,097,2,1,0.16616599082601463
mild,body_dynamic_svm,456,0,102,76,1,0.40580058770876576
mild,body_dynamic_svm,456,0,103,6,0,-0.3120265987077656
mild,body_dynamic_svm,456,0,120,52,0,-0.5540996585727438
mild,body_dynamic_svm,456,0,122,71,0,-0.7381505111095858
mild,body_dynamic_svm,456,0,133,51,0,0.47643971946445945
mild,body_dynamic_svm,456,0,140,84,1,-0.10559695355044205
mild,body_dynamic_svm,456,0,153,83,1,-0.3350669747772383
mild,body_dynamic_svm,456,0,155,68,1,0.3817650740497937
mild,body_dynamic_svm,456,0,156,5,0,-0.24333776707550672
mild,body_dynamic_svm,456,0,159,52,0,-0.5518351769901301
mild,body_dynamic_svm,456,0,160,51,0,0.7429449044094543
mild,body_dynamic_svm,456,0,177,32,0,0.9763607076042518
mild,body_dynamic_svm,456,0,178,76,1,0.5463736095216638
mild,body_dynamic_svm,456,0,180,73,1,-0.1634875789418489
mild,body_dynamic_svm,456,0,181,6,0,-0.5423258159604276
mild,body_dynamic_svm,456,0,184,68,0,0.5735529937968371
mild,body_dynamic_svm,456,0,185,71,0,-0.7176678524091167
mild,body_dynamic_svm,456,0,186,51,0,0.23106331985759393
mild,body_dynamic_svm,456,0,191,87,0,-0.049247696700917915
mild,body_dynamic_svm,456,0,193,56,1,0.3686770691245285
mild,body_dynamic_svm,456,0,194,5,0,-0.34664623406302286
mild,body_dynamic_svm,456,0,205,95,0,-0.8391401577366446
mild,body_dynamic_svm,456,0,211,87,0,0.2502914352756516
mild,body_dynamic_svm,456,0,219,73,1,0.547070215963821
mild,body_dynamic_svm,456,0,222,52,0,-0.6250097479189268
mild,body_dynamic_svm,456,0,228,43,1,0.945870465762459
mild,body_dynamic_svm,456,0,229,51,0,0.38347944692501484
mild,body_dynamic_svm,456,0,231,11,0,0.028112195741972212
mild,body_dynamic_svm,456,0,255,97,0,0.7954874342765297
mild,body_dynamic_svm,456,0,257,83,1,0.6432890174224688
mild,body_dynamic_svm,456,0,267,98,1,-0.4267455191242436
mild,body_dynamic_svm,456,1,004,45,1,-0.16389610239128888
mild,body_dynamic_svm,456,1,005,65,0,0.2950624302069242
mild,body_dynamic_svm,456,1,008,28,0,-0.2350001454553344
mild,body_dynamic_svm,456,1,010,72,0,-0.26257415345962837
mild,body_dynamic_svm,456,1,026,86,1,0.30949524077229934
mild,body_dynamic_svm,456,1,034,91,1,-0.40048323320948065
mild,body_dynamic_svm,456,1,036,77,0,-0.8156695113412382
mild,body_dynamic_svm,456,1,039,40,0,-0.7816395749365701
mild,body_dynamic_svm,456,1,051,28,0,-0.4396592748439952
mild,body_dynamic_svm,456,1,058,50,0,-0.21426078243402508
mild,body_dynamic_svm,456,1,061,24,1,0.44296552700309627
mild,body_dynamic_svm,456,1,077,86,1,0.4238324424902065
mild,body_dynamic_svm,456,1,080,25,0,-0.7263513299360529
mild,body_dynamic_svm,456,1,081,40,0,-0.7420191827576073
mild,body_dynamic_svm,456,1,083,79,0,-0.3222447647691582
mild,body_dynamic_svm,456,1,085,18,0,-0.7981453261794228
mild,body_dynamic_svm,456,1,086,18,0,-0.4934345641691822
mild,body_dynamic_svm,456,1,091,96,1,-0.6227935150686508
mild,body_dynamic_svm,456,1,095,86,1,-0.44420146397234106
mild,body_dynamic_svm,456,1,100,72,1,-0.5748835002265491
mild,body_dynamic_svm,456,1,111,77,0,-0.8688630458847233
mild,body_dynamic_svm,456,1,118,91,1,-0.24168224456540305
mild,body_dynamic_svm,456,1,119,40,0,-0.6517164835341682
mild,body_dynamic_svm,456,1,128,96,1,0.04006590320681852
mild,body_dynamic_svm,456,1,143,28,0,0.0402211002517146
mild,body_dynamic_svm,456,1,144,63,1,0.050980357392963194
mild,body_dynamic_svm,456,1,147,72,0,-0.49029529526123494
mild,body_dynamic_svm,456,1,149,40,0,0.17456327978853808
mild,body_dynamic_svm,456,1,154,45,0,-0.31694167883095126
mild,body_dynamic_svm,456,1,157,77,0,-0.48284066614929766
mild,body_dynamic_svm,456,1,161,79,1,0.3141529726744969
mild,body_dynamic_svm,456,1,172,18,0,-0.811640960029168
mild,body_dynamic_svm,456,1,182,79,1,-0.19522502738912015
mild,body_dynamic_svm,456,1,203,77,1,-0.15958414464472698
mild,body_dynamic_svm,456,1,204,27,0,-0.7757216427236494
mild,body_dynamic_svm,456,1,208,79,1,0.38529398751843674
mild,body_dynamic_svm,456,1,212,12,0,-0.07113777229874779
mild,body_dynamic_svm,456,1,215,50,0,0.0017865930406439356
mild,body_dynamic_svm,456,1,221,72,1,0.2721749502979747
mild,body_dynamic_svm,456,1,237,18,0,-0.4028981984003507
mild,body_dynamic_svm,456,1,240,72,0,0.2101197331948656
mild,body_dynamic_svm,456,1,246,50,0,-0.25189790634566234
mild,body_dynamic_svm,456,1,252,18,0,-0.8892915732558965
mild,body_dynamic_svm,456,1,253,45,1,-0.32195011984044086
mild,body_dynamic_svm,456,1,254,86,1,0.41510620736313103
mild,body_dynamic_svm,456,1,265,18,0,-0.7476545952207505
mild,body_dynamic_svm,456,1,272,33,1,0.3413952985325894
mild,body_dynamic_svm,456,2,002,78,0,-0.41564105034208576
mild,body_dynamic_svm,456,2,014,39,1,-0.31475133324981586
mild,body_dynamic_svm,456,2,017,8,0,-0.33125824817008953
mild,body_dynamic_svm,456,2,022,34,1,0.1059449374578785
mild,body_dynamic_svm,456,2,024,89,0,-0.4351536289591395
mild,body_dynamic_svm,456,2,027,85,1,-0.03295673499656643
mild,body_dynamic_svm,456,2,040,8,0,-0.22085133296497744
mild,body_dynamic_svm,456,2,041,26,1,-0.4089578339322556
mild,body_dynamic_svm,456,2,048,67,0,0.0010015330840645875
mild,body_dynamic_svm,456,2,052,8,0,0.013586426233404253
mild,body_dynamic_svm,456,2,053,78,0,-0.14658506245339373
mild,body_dynamic_svm,456,2,067,34,1,-0.32534387487046745
mild,body_dynamic_svm,456,2,068,22,1,-0.1217651517160908
mild,body_dynamic_svm,456,2,096,17,0,-0.04020786067601781
mild,body_dynamic_svm,456,2,108,61,0,-0.5955529326590695
mild,body_dynamic_svm,456,2,110,22,1,-0.2328288083670044
mild,body_dynamic_svm,456,2,113,78,0,0.3370049436304676
mild,body_dynamic_svm,456,2,116,85,0,0.27782574586975084
mild,body_dynamic_svm,456,2,117,7,0,-0.44984359902298154
mild,body_dynamic_svm,456,2,121,74,1,0.5922901788075975
mild,body_dynamic_svm,456,2,136,39,0,0.8591113182970926
mild,body_dynamic_svm,456,2,139,89,0,-0.25935493531089865
mild,body_dynamic_svm,456,2,146,78,0,0.23082422358311563
mild,body_dynamic_svm,456,2,148,7,0,-0.5046687330671871
mild,body_dynamic_svm,456,2,151,85,1,0.37000179631240504
mild,body_dynamic_svm,456,2,158,74,1,0.7611489709240302
mild,body_dynamic_svm,456,2,164,53,0,-0.5163894855534781
mild,body_dynamic_svm,456,2,165,30,0,-0.47097945123635465
mild,body_dynamic_svm,456,2,167,22,1,0.25693416984765605
mild,body_dynamic_svm,456,2,169,39,1,0.8694516200367317
mild,body_dynamic_svm,456,2,170,53,0,-0.24427190957525702
mild,body_dynamic_svm,456,2,173,89,0,-0.09827414605613032
mild,body_dynamic_svm,456,2,175,74,1,0.7848170005073426
mild,body_dynamic_svm,456,2,179,37,0,0.3846986445291086
mild,body_dynamic_svm,456,2,187,17,0,-0.11531421274593098
mild,body_dynamic_svm,456,2,188,85,0,-0.155176851320994
mild,body_dynamic_svm,456,2,189,22,1,-0.5069022272278361
mild,body_dynamic_svm,456,2,196,67,0,-0.5592312997498915
mild,body_dynamic_svm,456,2,201,66,1,-0.17277831436018634
mild,body_dynamic_svm,456,2,225,67,0,-0.4698113460867629
mild,body_dynamic_svm,456,2,227,78,0,-0.016572661513198972
mild,body_dynamic_svm,456,2,230,34,0,0.1941190691511782
mild,body_dynamic_svm,456,2,233,37,1,0.5243369220078525
mild,body_dynamic_svm,456,2,234,39,0,0.6694734157425969
mild,body_dynamic_svm,456,2,235,89,0,0.3083775144395531
mild,body_dynamic_svm,456,2,243,85,1,0.5324058702650462
mild,body_dynamic_svm,456,2,249,17,1,0.1428070235782621
mild,body_dynamic_svm,456,2,256,10,1,0.4681987025319222
mild,body_dynamic_svm,456,2,258,85,1,0.4507347481824677
mild,body_dynamic_svm,456,2,264,31,0,-0.36006670782141315
mild,body_dynamic_svm,456,3,015,75,1,-0.8867274431302019
mild,body_dynamic_svm,456,3,019,82,0,-0.34492395418496735
mild,body_dynamic_svm,456,3,023,44,0,0.8759518568628237
mild,body_dynamic_svm,456,3,029,35,0,0.16109798598670128
mild,body_dynamic_svm,456,3,031,38,1,-0.3131614527025026
mild,body_dynamic_svm,456,3,042,23,0,0.39320873306550697
mild,body_dynamic_svm,456,3,054,16,1,-0.45216367618123066
mild,body_dynamic_svm,456,3,055,15,1,-0.6058278398893547
mild,body_dynamic_svm,456,3,057,69,1,0.8780550067737432
mild,body_dynamic_svm,456,3,060,44,0,0.4473083034756524
mild,body_dynamic_svm,456,3,070,75,1,-0.23974394023217646
mild,body_dynamic_svm,456,3,071,23,1,1.4503299746483789
mild,body_dynamic_svm,456,3,073,13,1,0.7779873397087793
mild,body_dynamic_svm,456,3,075,38,1,-0.8874019290565407
mild,body_dynamic_svm,456,3,078,93,0,-0.47271063743052977
mild,body_dynamic_svm,456,3,088,82,0,-0.09261722951995396
mild,body_dynamic_svm,456,3,090,69,0,0.023079325368883685
mild,body_dynamic_svm,456,3,094,93,1,-0.49469464282655157
mild,body_dynamic_svm,456,3,101,36,0,-0.22848627883431236
mild,body_dynamic_svm,456,3,107,35,0,-0.41451320720473506
mild,body_dynamic_svm,456,3,125,42,0,-0.7171432259270116
mild,body_dynamic_svm,456,3,126,82,0,-0.6155574840276912
mild,body_dynamic_svm,456,3,127,75,1,0.9150802227849195
mild,body_dynamic_svm,456,3,129,69,1,1.3085240073969424
mild,body_dynamic_svm,456,3,132,38,0,-0.408504339655812
mild,body_dynamic_svm,456,3,134,69,1,0.22582502426939166
mild,body_dynamic_svm,456,3,135,64,1,0.9983879034580776
mild,body_dynamic_svm,456,3,138,75,1,0.4660147675907026
mild,body_dynamic_svm,456,3,142,44,0,-0.2692546618694356
mild,body_dynamic_svm,456,3,145,36,0,-0.22655793619019257
mild,body_dynamic_svm,456,3,152,58,1,0.16084154592423372
mild,body_dynamic_svm,456,3,162,23,0,-0.011231019216548566
mild,body_dynamic_svm,456,3,171,42,0,-1.2763597520679022
mild,body_dynamic_svm,456,3,190,44,0,0.5539922624214768
mild,body_dynamic_svm,456,3,192,38,0,-0.6735758412305692
mild,body_dynamic_svm,456,3,197,35,0,-0.5660951563930776
mild,body_dynamic_svm,456,3,198,93,0,-0.35234646305229483
mild,body_dynamic_svm,456,3,199,82,0,-0.24314680935749947
mild,body_dynamic_svm,456,3,202,46,0,-0.16328554064768053
mild,body_dynamic_svm,456,3,206,42,0,-0.08671542139933947
mild,body_dynamic_svm,456,3,209,64,0,0.09726385557362838
mild,body_dynamic_svm,456,3,213,44,1,0.7101733958031426
mild,body_dynamic_svm,456,3,216,36,1,0.24178162710245704
mild,body_dynamic_svm,456,3,223,38,0,0.11594010229836432
mild,body_dynamic_svm,456,3,236,44,0,1.0993919108260182
mild,body_dynamic_svm,456,3,244,75,1,1.1732044184100767
mild,body_dynamic_svm,456,3,248,36,1,0.48375208179225637
mild,body_dynamic_svm,456,3,251,38,0,-0.698191309949658
mild,body_dynamic_svm,456,3,262,14,0,-0.03888412227964849
mild,body_dynamic_svm,456,3,269,44,0,-0.3562659112848038
mild,body_dynamic_svm,456,4,003,1,0,-0.516516027743073
mild,body_dynamic_svm,456,4,006,49,1,0.4963357149903993
mild,body_dynamic_svm,456,4,007,90,1,0.10869716939293073
mild,body_dynamic_svm,456,4,013,92,0,-0.290021828867422
mild,body_dynamic_svm,456,4,020,20,1,0.1661683080552624
mild,body_dynamic_svm,456,4,028,55,0,-0.6342664111097942
mild,body_dynamic_svm,456,4,032,19,0,-0.6015415779131548
mild,body_dynamic_svm,456,4,037,90,0,-0.6716256934254725
mild,body_dynamic_svm,456,4,045,49,1,-0.593729932841943
mild,body_dynamic_svm,456,4,062,55,0,-0.4720782771907023
mild,body_dynamic_svm,456,4,064,88,0,-0.7696939017602287
mild,body_dynamic_svm,456,4,065,41,1,-0.5755741182695372
mild,body_dynamic_svm,456,4,066,90,1,-0.3428919843156596
mild,body_dynamic_svm,456,4,069,1,0,-0.08938660400533116
mild,body_dynamic_svm,456,4,076,4,1,-0.511206112836798
mild,body_dynamic_svm,456,4,089,20,1,0.19757285254004886
mild,body_dynamic_svm,456,4,098,4,1,0.2829437287394767
mild,body_dynamic_svm,456,4,104,19,0,-0.730850433135393
mild,body_dynamic_svm,456,4,106,48,1,-0.766025557374082
mild,body_dynamic_svm,456,4,112,94,0,-0.59685570233506
mild,body_dynamic_svm,456,4,114,92,1,0.3615676428540864
mild,body_dynamic_svm,456,4,115,41,1,-0.5531384379777188
mild,body_dynamic_svm,456,4,130,88,0,-0.5733986418948364
mild,body_dynamic_svm,456,4,131,54,1,0.15228291458465437
mild,body_dynamic_svm,456,4,137,19,0,-0.6540966957985789
mild,body_dynamic_svm,456,4,150,29,0,-0.3363612285798802
mild,body_dynamic_svm,456,4,163,48,0,0.15173456308904476
mild,body_dynamic_svm,456,4,166,19,0,-0.3777865681130602
mild,body_dynamic_svm,456,4,168,4,1,0.04929961054246601
mild,body_dynamic_svm,456,4,174,1,0,-0.44926346727870614
mild,body_dynamic_svm,456,4,176,41,0,-0.1077716598823481
mild,body_dynamic_svm,456,4,195,94,0,-0.8906955536572179
mild,body_dynamic_svm,456,4,200,21,0,-0.6194847002523194
mild,body_dynamic_svm,456,4,210,20,1,0.25651803679692864
mild,body_dynamic_svm,456,4,214,92,0,0.18966032835855073
mild,body_dynamic_svm,456,4,220,88,0,-0.9865583235033359
mild,body_dynamic_svm,456,4,226,41,1,-0.7029546947597966
mild,body_dynamic_svm,456,4,238,54,1,-0.07384647724981364
mild,body_dynamic_svm,456,4,239,1,0,-0.05292431517940882
mild,body_dynamic_svm,456,4,241,29,0,-0.05837752901112786
mild,body_dynamic_svm,456,4,247,88,0,-0.7719977969469352
mild,body_dynamic_svm,456,4,259,62,1,0.244459866834561
mild,body_dynamic_svm,456,4,260,60,0,-0.49464091431471546
mild,body_dynamic_svm,456,4,266,88,0,-0.892143259488489
mild,body_dynamic_svm,456,4,268,21,0,-0.30570003952422886
mild,body_dynamic_svm,456,4,270,49,0,-0.5387161101349522
mild,body_dynamic_svm,789,0,006,49,1,0.7795185174147712
mild,body_dynamic_svm,789,0,007,90,1,0.4454103754361826
mild,body_dynamic_svm,789,0,026,86,1,0.6677592217792856
mild,body_dynamic_svm,789,0,035,83,1,-0.017457942195474863
mild,body_dynamic_svm,789,0,037,90,0,-0.5060082624190047
mild,body_dynamic_svm,789,0,039,40,0,-0.7555281697420659
mild,body_dynamic_svm,789,0,045,49,1,-0.4251178442672694
mild,body_dynamic_svm,789,0,047,51,0,0.22710295190739743
mild,body_dynamic_svm,789,0,050,51,0,0.029447271091793847
mild,body_dynamic_svm,789,0,058,50,0,0.08610544903061207
mild,body_dynamic_svm,789,0,066,90,1,-0.1393685643049255
mild,body_dynamic_svm,789,0,077,86,1,0.7720075416306704
mild,body_dynamic_svm,789,0,078,93,0,-0.2877209402315121
mild,body_dynamic_svm,789,0,080,25,0,-0.5824182786202066
mild,body_dynamic_svm,789,0,081,40,0,-0.7267534274432917
mild,body_dynamic_svm,789,0,083,79,0,0.006163462874370584
mild,body_dynamic_svm,789,0,087,51,0,0.6587045398590952
mild,body_dynamic_svm,789,0,092,51,0,0.6894685178079962
mild,body_dynamic_svm,789,0,094,93,1,-0.6239084997078366
mild,body_dynamic_svm,789,0,095,86,1,-0.21190844089322403
mild,body_dynamic_svm,789,0,097,2,1,0.16206135999386445
mild,body_dynamic_svm,789,0,108,61,0,-0.8102902853577598
mild,body_dynamic_svm,789,0,112,94,0,-0.46235620871106864
mild,body_dynamic_svm,789,0,119,40,0,-0.5120709946641637
mild,body_dynamic_svm,789,0,133,51,0,0.41964474139298064
mild,body_dynamic_svm,789,0,149,40,0,0.4619690838198384
mild,body_dynamic_svm,789,0,150,29,0,-0.18642019092497664
mild,body_dynamic_svm,789,0,153,83,1,-0.24582535158575236
mild,body_dynamic_svm,789,0,155,68,1,0.4077936013877284
mild,body_dynamic_svm,789,0,160,51,0,0.6157622891305601
mild,body_dynamic_svm,789,0,161,79,1,0.6584845515765114
mild,body_dynamic_svm,789,0,182,79,1,0.0034169684209073847
mild,body_dynamic_svm,789,0,184,68,0,0.5338009608065919
mild,body_dynamic_svm,789,0,186,51,0,0.2530397260340546
mild,body_dynamic_svm,789,0,195,94,0,-0.8413736584731133
mild,body_dynamic_svm,789,0,198,93,0,-0.200563188543804
mild,body_dynamic_svm,789,0,201,66,1,-0.2585123279126813
mild,body_dynamic_svm,789,0,208,79,1,0.7283275279586736
mild,body_dynamic_svm,789,0,212,12,0,0.18333347385740756
mild,body_dynamic_svm,789,0,215,50,0,0.37645810656765794
mild,body_dynamic_svm,789,0,229,51,0,0.40054883697099014
mild,body_dynamic_svm,789,0,241,29,0,0.14088933702928347
mild,body_dynamic_svm,789,0,246,50,0,-0.028096035767772476
mild,body_dynamic_svm,789,0,254,86,1,0.721981139372273
mild,body_dynamic_svm,789,0,257,83,1,0.5049232409017106
mild,body_dynamic_svm,789,0,267,98,1,-0.3491254631240307
mild,body_dynamic_svm,789,0,270,49,0,-0.3874224182309548
mild,body_dynamic_svm,789,1,003,1,0,-0.44239116287874114
mild,body_dynamic_svm,789,1,005,65,0,0.5955651499540057
mild,body_dynamic_svm,789,1,013,92,0,-0.2145986993829176
mild,body_dynamic_svm,789,1,016,84,1,0.3170927460537041
mild,body_dynamic_svm,789,1,030,57,1,-1.2109588893564318
mild,body_dynamic_svm,789,1,048,67,0,-0.596000357958603
mild,body_dynamic_svm,789,1,055,15,1,-0.9076362900005829
mild,body_dynamic_svm,789,1,061,24,1,1.4853227286949875
mild,body_dynamic_svm,789,1,068,22,1,-0.2604737877980668
mild,body_dynamic_svm,789,1,069,1,0,0.20187081278383312
mild,body_dynamic_svm,789,1,085,18,0,-0.8420815831860111
mild,body_dynamic_svm,789,1,086,18,0,-0.3029847352145014
mild,body_dynamic_svm,789,1,103,6,0,-0.28448878756113843
mild,body_dynamic_svm,789,1,106,48,1,-0.9084339267305669
mild,body_dynamic_svm,789,1,110,22,1,0.10174499499887446
mild,body_dynamic_svm,789,1,114,92,1,0.6722651016349344
mild,body_dynamic_svm,789,1,121,74,1,0.49344185242253247
mild,body_dynamic_svm,789,1,140,84,1,-0.5833055466245652
mild,body_dynamic_svm,789,1,156,5,0,-0.5670886255284439
mild,body_dynamic_svm,789,1,158,74,1,0.9875947580114894
mild,body_dynamic_svm,789,1,163,48,0,0.700028094109098
mild,body_dynamic_svm,789,1,164,53,0,-0.8643011050791615
mild,body_dynamic_svm,789,1,167,22,1,-0.1924507316140988
mild,body_dynamic_svm,789,1,170,53,0,-0.7805105725469177
mild,body_dynamic_svm,789,1,172,18,0,-0.8853090455473276
mild,body_dynamic_svm,789,1,174,1,0,-0.4018303150742571
mild,body_dynamic_svm,789,1,175,74,1,0.9594344728144144
mild,body_dynamic_svm,789,1,180,73,1,0.022901372413986154
mild,body_dynamic_svm,789,1,181,6,0,-0.9181760208756117
mild,body_dynamic_svm,789,1,189,22,1,-0.8686609329540814
mild,body_dynamic_svm,789,1,193,56,1,0.42199983999773405
mild,body_dynamic_svm,789,1,194,5,0,-0.28500705577577495
mild,body_dynamic_svm,789,1,196,67,0,-0.8341005200226188
mild,body_dynamic_svm,789,1,200,21,0,-0.9426127579260333
mild,body_dynamic_svm,789,1,204,27,0,-0.7572831943295226
mild,body_dynamic_svm,789,1,214,92,0,0.46399689194554283
mild,body_dynamic_svm,789,1,219,73,1,1.2993054944925928
mild,body_dynamic_svm,789,1,225,67,0,-0.8499370003793782
mild,body_dynamic_svm,789,1,231,11,0,-0.05507262551907827
mild,body_dynamic_svm,789,1,237,18,0,0.22193674121505702
mild,body_dynamic_svm,789,1,239,1,0,0.5627587107443437
mild,body_dynamic_svm,789,1,252,18,0,-1.0343086667545187
mild,body_dynamic_svm,789,1,256,10,1,0.694797064013512
mild,body_dynamic_svm,789,1,262,14,0,0.028563932416929116
mild,body_dynamic_svm,789,1,265,18,0,-0.7079413237941934
mild,body_dynamic_svm,789,1,268,21,0,-0.569798995959421
mild,body_dynamic_svm,789,1,272,33,1,0.6163292008333465
mild,body_dynamic_svm,789,2,014,39,1,-0.7117664808399276
mild,body_dynamic_svm,789,2,015,75,1,-0.6085430887185517
mild,body_dynamic_svm,789,2,017,8,0,-0.7406933143925793
mild,body_dynamic_svm,789,2,019,82,0,-0.5127646651774864
mild,body_dynamic_svm,789,2,021,70,0,-0.45705768067576336
mild,body_dynamic_svm,789,2,034,91,1,-0.4033530107424468
mild,body_dynamic_svm,789,2,036,77,0,-0.8481695527754474
mild,body_dynamic_svm,789,2,040,8,0,-0.5881501625573681
mild,body_dynamic_svm,789,2,041,26,1,-0.5934669912296425
mild,body_dynamic_svm,789,2,042,23,0,-0.4991839236738445
mild,body_dynamic_svm,789,2,046,70,1,-0.1978009616837662
mild,body_dynamic_svm,789,2,052,8,0,-0.4288620356374277
mild,body_dynamic_svm,789,2,057,69,1,-0.03996466589877934
mild,body_dynamic_svm,789,2,064,88,0,-0.8273488462780758
mild,body_dynamic_svm,789,2,070,75,1,-0.4502868452164245
mild,body_dynamic_svm,789,2,071,23,1,0.31630806782969506
mild,body_dynamic_svm,789,2,072,70,1,-0.41400050462738314
mild,body_dynamic_svm,789,2,088,82,0,-0.6141450377941258
mild,body_dynamic_svm,789,2,090,69,0,-0.6521937427007993
mild,body_dynamic_svm,789,2,102,76,1,0.1053512673384977
mild,body_dynamic_svm,789,2,111,77,0,-0.846425444577277
mild,body_dynamic_svm,789,2,118,91,1,-0.26037429008526625
mild,body_dynamic_svm,789,2,120,52,0,-0.6014132624209437
mild,body_dynamic_svm,789,2,122,71,0,-0.8080105335218426
mild,body_dynamic_svm,789,2,126,82,0,-0.5680989760871145
mild,body_dynamic_svm,789,2,127,75,1,0.2753672874518069
mild,body_dynamic_svm,789,2,129,69,1,0.19982292366905635
mild,body_dynamic_svm,789,2,130,88,0,-0.7536966509377109
mild,body_dynamic_svm,789,2,134,69,1,-0.4624603636809027
mild,body_dynamic_svm,789,2,136,39,0,0.4164888259832203
mild,body_dynamic_svm,789,2,138,75,1,0.0278493638580245
mild,body_dynamic_svm,789,2,152,58,1,0.05679359410750989
mild,body_dynamic_svm,789,2,157,77,0,-0.4879074067829352
mild,body_dynamic_svm,789,2,159,52,0,-0.6937120696299075
mild,body_dynamic_svm,789,2,162,23,0,-0.16731307231670012
mild,body_dynamic_svm,789,2,165,30,0,-0.7012318888368306
mild,body_dynamic_svm,789,2,169,39,1,0.39007187846204944
mild,body_dynamic_svm,789,2,178,76,1,0.1958064130917005
mild,body_dynamic_svm,789,2,185,71,0,-0.7433044147021335
mild,body_dynamic_svm,789,2,199,82,0,-0.4585241433559858
mild,body_dynamic_svm,789,2,202,46,0,-0.35694574331003043
mild,body_dynamic_svm,789,2,203,77,1,-0.1904015221014096
mild,body_dynamic_svm,789,2,220,88,0,-0.9287804240074602
mild,body_dynamic_svm,789,2,222,52,0,-0.7379815795479902
mild,body_dynamic_svm,789,2,234,39,0,0.3067961016259306
mild,body_dynamic_svm,789,2,244,75,1,0.4786341253088621
mild,body_dynamic_svm,789,2,247,88,0,-0.7575933196783928
mild,body_dynamic_svm,789,2,255,97,0,0.2867566238402048
mild,body_dynamic_svm,789,2,266,88,0,-0.7678999443318768
mild,body_dynamic_svm,789,3,001,87,0,0.314055821462822
mild,body_dynamic_svm,789,3,002,78,0,-0.6818496956561302
mild,body_dynamic_svm,789,3,008,28,0,-0.003981803293308717
mild,body_dynamic_svm,789,3,010,72,0,-0.07310984550247329
mild,body_dynamic_svm,789,3,022,34,1,-0.01841146475464378
mild,body_dynamic_svm,789,3,024,89,0,-0.6864516626387288
mild,body_dynamic_svm,789,3,028,55,0,-0.5817821667354153
mild,body_dynamic_svm,789,3,038,43,1,-0.6529719586785054
mild,body_dynamic_svm,789,3,049,87,0,0.5254055507946491
mild,body_dynamic_svm,789,3,051,28,0,-0.36713177161348687
mild,body_dynamic_svm,789,3,053,78,0,-0.41721050414314487
mild,body_dynamic_svm,789,3,054,16,1,-0.6708098227475925
mild,body_dynamic_svm,789,3,062,55,0,-0.43917065342572614
mild,body_dynamic_svm,789,3,067,34,1,-0.5185899045024556
mild,body_dynamic_svm,789,3,073,13,1,0.22982584700256653
mild,body_dynamic_svm,789,3,076,4,1,-0.3847752121697397
mild,body_dynamic_svm,789,3,079,43,1,0.5551555849535528
mild,body_dynamic_svm,789,3,091,96,1,-0.5562618251318026
mild,body_dynamic_svm,789,3,098,4,1,0.5193050687878114
mild,body_dynamic_svm,789,3,100,72,1,-0.37623703469648184
mild,body_dynamic_svm,789,3,113,78,0,0.1103721597025451
mild,body_dynamic_svm,789,3,117,7,0,-0.698867393446414
mild,body_dynamic_svm,789,3,128,96,1,0.22463907290952984
mild,body_dynamic_svm,789,3,131,54,1,0.3113379389143462
mild,body_dynamic_svm,789,3,135,64,1,0.4560075364216211
mild,body_dynamic_svm,789,3,139,89,0,-0.4230598763887672
mild,body_dynamic_svm,789,3,143,28,0,0.340494676679938
mild,body_dynamic_svm,789,3,146,78,0,0.00922705091005449
mild,body_dynamic_svm,789,3,147,72,0,-0.4139401382782231
mild,body_dynamic_svm,789,3,148,7,0,-0.7547154662487243
mild,body_dynamic_svm,789,3,168,4,1,0.21506524347987305
mild,body_dynamic_svm,789,3,173,89,0,-0.32264100162990755
mild,body_dynamic_svm,789,3,177,32,0,0.7958320271989396
mild,body_dynamic_svm,789,3,179,37,0,0.31893442874895644
mild,body_dynamic_svm,789,3,191,87,0,-0.003773341709385647
mild,body_dynamic_svm,789,3,209,64,0,-0.34528657916640704
mild,body_dynamic_svm,789,3,211,87,0,0.2505297112528741
mild,body_dynamic_svm,789,3,221,72,1,0.5061761654358548
mild,body_dynamic_svm,789,3,227,78,0,-0.2294422300913823
mild,body_dynamic_svm,789,3,228,43,1,0.7416211994772866
mild,body_dynamic_svm,789,3,230,34,0,0.0535420416403905
mild,body_dynamic_svm,789,3,233,37,1,0.45427634450931637
mild,body_dynamic_svm,789,3,235,89,0,0.17163487992248666
mild,body_dynamic_svm,789,3,238,54,1,0.08684122329530547
mild,body_dynamic_svm,789,3,240,72,0,0.35935863660213035
mild,body_dynamic_svm,789,3,259,62,1,0.5352313962117521
mild,body_dynamic_svm,789,3,260,60,0,-0.3618365085578572
mild,body_dynamic_svm,789,3,264,31,0,-0.562476915538463
mild,body_dynamic_svm,789,4,004,45,1,0.09176394296918328
mild,body_dynamic_svm,789,4,020,20,1,0.3049519228019356
mild,body_dynamic_svm,789,4,023,44,0,0.5512559266590202
mild,body_dynamic_svm,789,4,027,85,1,-0.1978201595215185
mild,body_dynamic_svm,789,4,029,35,0,0.1011442991078429
mild,body_dynamic_svm,789,4,031,38,1,-0.406552815448062
mild,body_dynamic_svm,789,4,032,19,0,-0.5076141684250217
mild,body_dynamic_svm,789,4,060,44,0,0.45123868541476253
mild,body_dynamic_svm,789,4,065,41,1,-0.42526352638128967
mild,body_dynamic_svm,789,4,075,38,1,-0.6125280941289848
mild,body_dynamic_svm,789,4,089,20,1,0.34442735683448844
mild,body_dynamic_svm,789,4,096,17,0,-0.22989868568814792
mild,body_dynamic_svm,789,4,101,36,0,-0.37895006741010595
mild,body_dynamic_svm,789,4,104,19,0,-0.5050566139158286
mild,body_dynamic_svm,789,4,107,35,0,-0.599949761774798
mild,body_dynamic_svm,789,4,115,41,1,-0.36788537443933356
mild,body_dynamic_svm,789,4,116,85,0,0.056506405822711325
mild,body_dynamic_svm,789,4,125,42,0,-0.7190606249637543
mild,body_dynamic_svm,789,4,132,38,0,-0.5269849703752043
mild,body_dynamic_svm,789,4,137,19,0,-0.4542965024193968
mild,body_dynamic_svm,789,4,142,44,0,-0.21494974348918452
mild,body_dynamic_svm,789,4,144,63,1,0.2631668979155697
mild,body_dynamic_svm,789,4,145,36,0,-0.475838462092844
mild,body_dynamic_svm,789,4,151,85,1,0.19541839711436337
mild,body_dynamic_svm,789,4,154,45,0,-0.13935151361143758
mild,body_dynamic_svm,789,4,166,19,0,-0.20430283169695468
mild,body_dynamic_svm,789,4,171,42,0,-0.7199085027556205
mild,body_dynamic_svm,789,4,176,41,0,-0.0053961700200167995
mild,body_dynamic_svm,789,4,187,17,0,-0.2977526575486669
mild,body_dynamic_svm,789,4,188,85,0,-0.3943565883975364
mild,body_dynamic_svm,789,4,190,44,0,0.2994074915235113
mild,body_dynamic_svm,789,4,192,38,0,-0.603886119140467
mild,body_dynamic_svm,789,4,197,35,0,-0.56215308684248
mild,body_dynamic_svm,789,4,205,95,0,-0.7927761316139574
mild,body_dynamic_svm,789,4,206,42,0,0.033798980692491876
mild,body_dynamic_svm,789,4,210,20,1,0.31755304000137197
mild,body_dynamic_svm,789,4,213,44,1,0.4911456390129372
mild,body_dynamic_svm,789,4,216,36,1,-0.11301579388031419
mild,body_dynamic_svm,789,4,223,38,0,-0.36844104974461067
mild,body_dynamic_svm,789,4,226,41,1,-0.5650575699800697
mild,body_dynamic_svm,789,4,236,44,0,0.7887619966430426
mild,body_dynamic_svm,789,4,243,85,1,0.3584958227755891
mild,body_dynamic_svm,789,4,248,36,1,0.20602484479047667
mild,body_dynamic_svm,789,4,249,17,1,-0.05030019212188519
mild,body_dynamic_svm,789,4,251,38,0,-0.5541636846006428
mild,body_dynamic_svm,789,4,253,45,1,-0.21621750522938443
mild,body_dynamic_svm,789,4,258,85,1,0.24436917817041692
mild,body_dynamic_svm,789,4,269,44,0,-0.33041418778479453
mild,body_dynamic_svm,2024,0,004,45,1,0.2990931639074204
mild,body_dynamic_svm,2024,0,010,72,0,-0.011076181834003274
mild,body_dynamic_svm,2024,0,017,8,0,-0.44855756590030993
mild,body_dynamic_svm,2024,0,024,89,0,-0.5284865290545092
mild,body_dynamic_svm,2024,0,027,85,1,-0.041838430736838406
mild,body_dynamic_svm,2024,0,035,83,1,0.09640602284725236
mild,body_dynamic_svm,2024,0,040,8,0,-0.19714172652822376
mild,body_dynamic_svm,2024,0,047,51,0,0.23278859380712402
mild,body_dynamic_svm,2024,0,050,51,0,0.1789874110524523
mild,body_dynamic_svm,2024,0,052,8,0,-0.07047512384687923
mild,body_dynamic_svm,2024,0,087,51,0,0.6765108079734026
mild,body_dynamic_svm,2024,0,092,51,0,0.7511839183874423
mild,body_dynamic_svm,2024,0,100,72,1,-0.2704713808336719
mild,body_dynamic_svm,2024,0,103,6,0,-0.20389427116762596
mild,body_dynamic_svm,2024,0,108,61,0,-0.6017725601087911
mild,body_dynamic_svm,2024,0,116,85,0,0.25996036884448787
mild,body_dynamic_svm,2024,0,117,7,0,-0.5205292524016788
mild,body_dynamic_svm,2024,0,121,74,1,0.6704868135197823
mild,body_dynamic_svm,2024,0,133,51,0,0.4926991304301325
mild,body_dynamic_svm,2024,0,139,89,0,-0.2531714521704031
mild,body_dynamic_svm,2024,0,144,63,1,0.5113777663343888
mild,body_dynamic_svm,2024,0,147,72,0,-0.23437671202218874
mild,body_dynamic_svm,2024,0,148,7,0,-0.5727225789034439
mild,body_dynamic_svm,2024,0,151,85,1,0.40046314630638474
mild,body_dynamic_svm,2024,0,153,83,1,-0.18394645069994034
mild,body_dynamic_svm,2024,0,154,45,0,0.01845715901473613
mild,body_dynamic_svm,2024,0,158,74,1,0.7342867067313976
mild,body_dynamic_svm,2024,0,160,51,0,0.6352121098809869
mild,body_dynamic_svm,2024,0,165,30,0,-0.5078673679029038
mild,body_dynamic_svm,2024,0,173,89,0,-0.19401527455156706
mild,body_dynamic_svm,2024,0,175,74,1,0.8059448835537828
mild,body_dynamic_svm,2024,0,180,73,1,-0.0531342843937716
mild,body_dynamic_svm,2024,0,181,6,0,-0.3702555303076749
mild,body_dynamic_svm,2024,0,186,51,0,0.2832191429275774
mild,body_dynamic_svm,2024,0,188,85,0,-0.27216586309489416
mild,body_dynamic_svm,2024,0,193,56,1,0.3965446892899656
mild,body_dynamic_svm,2024,0,205,95,0,-0.6439366947401854
mild,body_dynamic_svm,2024,0,219,73,1,0.5945821672946998
mild,body_dynamic_svm,2024,0,221,72,1,0.6863504344047877
mild,body_dynamic_svm,2024,0,229,51,0,0.4232693958967381
mild,body_dynamic_svm,2024,0,235,89,0,0.25978535399217256
mild,body_dynamic_svm,2024,0,240,72,0,0.5886102851919839
mild,body_dynamic_svm,2024,0,243,85,1,0.5120319169570295
mild,body_dynamic_svm,2024,0,253,45,1,-0.08437516696125816
mild,body_dynamic_svm,2024,0,257,83,1,0.6085106070771855
mild,body_dynamic_svm,2024,0,258,85,1,0.41385755578956446
mild,body_dynamic_svm,2024,0,262,14,0,0.2695897995820266
mild,body_dynamic_svm,2024,1,016,84,1,-0.07655685977111998
mild,body_dynamic_svm,2024,1,026,86,1,0.5391421104825002
mild,body_dynamic_svm,2024,1,031,38,1,-0.4475584214381625
mild,body_dynamic_svm,2024,1,032,19,0,-0.5508129426139455
mild,body_dynamic_svm,2024,1,041,26,1,-0.5858655734869513
mild,body_dynamic_svm,2024,1,048,67,0,-0.227967822715472
mild,body_dynamic_svm,2024,1,055,15,1,-0.3407122569371364
mild,body_dynamic_svm,2024,1,065,41,1,-0.5650682071717175
mild,body_dynamic_svm,2024,1,075,38,1,-0.6537868638985642
mild,body_dynamic_svm,2024,1,077,86,1,0.7174650450171658
mild,body_dynamic_svm,2024,1,078,93,0,-0.390519190080666
mild,body_dynamic_svm,2024,1,085,18,0,-0.7199903133447535
mild,body_dynamic_svm,2024,1,086,18,0,-0.45407472401747695
mild,body_dynamic_svm,2024,1,094,93,1,-0.6064012912506928
mild,body_dynamic_svm,2024,1,095,86,1,-0.31614640273147887
mild,body_dynamic_svm,2024,1,104,19,0,-0.6487525277216064
mild,body_dynamic_svm,2024,1,106,48,1,-0.6486404294865635
mild,body_dynamic_svm,2024,1,115,41,1,-0.4617986495143973
mild,body_dynamic_svm,2024,1,120,52,0,-0.596788865517347
mild,body_dynamic_svm,2024,1,132,38,0,-0.588479841222858
mild,body_dynamic_svm,2024,1,137,19,0,-0.5903008159155259
mild,body_dynamic_svm,2024,1,140,84,1,-0.1754291113455809
mild,body_dynamic_svm,2024,1,152,58,1,0.16577919648387085
mild,body_dynamic_svm,2024,1,155,68,1,0.27994841421781147
mild,body_dynamic_svm,2024,1,159,52,0,-0.5175909901622796
mild,body_dynamic_svm,2024,1,163,48,0,0.3391236208836592
mild,body_dynamic_svm,2024,1,164,53,0,-0.7265416100198484
mild,body_dynamic_svm,2024,1,166,19,0,-0.18767146661449405
mild,body_dynamic_svm,2024,1,170,53,0,-0.4507232380901348
mild,body_dynamic_svm,2024,1,172,18,0,-0.7879115490321811
mild,body_dynamic_svm,2024,1,176,41,0,-0.024460854448790592
mild,body_dynamic_svm,2024,1,184,68,0,0.4224267615893915
mild,body_dynamic_svm,2024,1,192,38,0,-0.6733100603941695
mild,body_dynamic_svm,2024,1,196,67,0,-0.7021382856066958
mild,body_dynamic_svm,2024,1,198,93,0,-0.32002304226834255
mild,body_dynamic_svm,2024,1,201,66,1,-0.339255013446072
mild,body_dynamic_svm,2024,1,222,52,0,-0.5836042216690835
mild,body_dynamic_svm,2024,1,223,38,0,-0.38075833706654744
mild,body_dynamic_svm,2024,1,225,67,0,-0.627122276127408
mild,body_dynamic_svm,2024,1,226,41,1,-0.6626964126996762
mild,body_dynamic_svm,2024,1,237,18,0,-0.17603905867163358
mild,body_dynamic_svm,2024,1,251,38,0,-0.4796348535880081
mild,body_dynamic_svm,2024,1,252,18,0,-0.8468980300728122
mild,body_dynamic_svm,2024,1,254,86,1,0.5999349206638834
mild,body_dynamic_svm,2024,1,256,10,1,0.33386550172640506
mild,body_dynamic_svm,2024,1,260,60,0,-0.37579479512385466
mild,body_dynamic_svm,2024,1,265,18,0,-0.6943335112383759
mild,body_dynamic_svm,2024,2,005,65,0,0.5485827770705378
mild,body_dynamic_svm,2024,2,006,49,1,0.70319854777782
mild,body_dynamic_svm,2024,2,007,90,1,0.3000518702368698
mild,body_dynamic_svm,2024,2,015,75,1,-0.38711415584628867
mild,body_dynamic_svm,2024,2,023,44,0,0.5603411644701579
mild,body_dynamic_svm,2024,2,029,35,0,0.13117710127575655
mild,body_dynamic_svm,2024,2,034,91,1,-0.20199393921319292
mild,body_dynamic_svm,2024,2,037,90,0,-0.5823527611254498
mild,body_dynamic_svm,2024,2,039,40,0,-0.7319151548782585
mild,body_dynamic_svm,2024,2,045,49,1,-0.45194990425297976
mild,body_dynamic_svm,2024,2,057,69,1,0.22677324149796635
mild,body_dynamic_svm,2024,2,058,50,0,-0.02624982345287319
mild,body_dynamic_svm,2024,2,060,44,0,0.44442789091684204
mild,body_dynamic_svm,2024,2,066,90,1,-0.18903705986873465
mild,body_dynamic_svm,2024,2,070,75,1,-0.22128047001340778
mild,body_dynamic_svm,2024,2,081,40,0,-0.6686549657105916
mild,body_dynamic_svm,2024,2,090,69,0,-0.46717294695507394
mild,body_dynamic_svm,2024,2,102,76,1,0.3135545881723553
mild,body_dynamic_svm,2024,2,107,35,0,-0.6384417644456812
mild,body_dynamic_svm,2024,2,118,91,1,-0.03463265496809925
mild,body_dynamic_svm,2024,2,119,40,0,-0.5303299862863221
mild,body_dynamic_svm,2024,2,127,75,1,0.6024402517902601
mild,body_dynamic_svm,2024,2,129,69,1,0.5609450265178073
mild,body_dynamic_svm,2024,2,134,69,1,-0.20514021935792962
mild,body_dynamic_svm,2024,2,138,75,1,0.33004356931593587
mild,body_dynamic_svm,2024,2,142,44,0,-0.19363504798889766
mild,body_dynamic_svm,2024,2,149,40,0,0.4283516634206827
mild,body_dynamic_svm,2024,2,150,29,0,-0.2654094120763192
mild,body_dynamic_svm,2024,2,156,5,0,-0.31182794687149873
mild,body_dynamic_svm,2024,2,178,76,1,0.44527529103574975
mild,body_dynamic_svm,2024,2,179,37,0,0.20009346565688285
mild,body_dynamic_svm,2024,2,190,44,0,0.33949661787411906
mild,body_dynamic_svm,2024,2,194,5,0,-0.3955609710061366
mild,body_dynamic_svm,2024,2,197,35,0,-0.6176992046517065
mild,body_dynamic_svm,2024,2,202,46,0,-0.1882245555766561
mild,body_dynamic_svm,2024,2,204,27,0,-0.7554963169573661
mild,body_dynamic_svm,2024,2,213,44,1,0.5684901098345196
mild,body_dynamic_svm,2024,2,215,50,0,0.229305503120323
mild,body_dynamic_svm,2024,2,231,11,0,-0.015290070571232939
mild,body_dynamic_svm,2024,2,233,37,1,0.35200651365330154
mild,body_dynamic_svm,2024,2,236,44,0,0.8078685282960032
mild,body_dynamic_svm,2024,2,241,29,0,0.01918627651572652
mild,body_dynamic_svm,2024,2,244,75,1,0.7459220468508576
mild,body_dynamic_svm,2024,2,246,50,0,-0.0764712738561733
mild,body_dynamic_svm,2024,2,267,98,1,-0.4115275036695365
mild,body_dynamic_svm,2024,2,269,44,0,-0.358502358151823
mild,body_dynamic_svm,2024,2,270,49,0,-0.4616998211658418
mild,body_dynamic_svm,2024,3,002,78,0,-0.6226885924356625
mild,body_dynamic_svm,2024,3,008,28,0,0.040318169576157525
mild,body_dynamic_svm,2024,3,013,92,0,-0.17783022348560845
mild,body_dynamic_svm,2024,3,014,39,1,-0.5076909727275258
mild,body_dynamic_svm,2024,3,019,82,0,-0.41806355432659814
mild,body_dynamic_svm,2024,3,038,43,1,-0.6311993851958733
mild,body_dynamic_svm,2024,3,042,23,0,-0.3285164803716071
mild,body_dynamic_svm,2024,3,051,28,0,-0.3569704691028601
mild,body_dynamic_svm,2024,3,053,78,0,-0.3554279544301431
mild,body_dynamic_svm,2024,3,054,16,1,-0.6650303934730692
mild,body_dynamic_svm,2024,3,068,22,1,-0.32890754854891785
mild,body_dynamic_svm,2024,3,071,23,1,0.7454745792958978
mild,body_dynamic_svm,2024,3,073,13,1,0.19915252506132086
mild,body_dynamic_svm,2024,3,079,43,1,0.5814874084940495
mild,body_dynamic_svm,2024,3,088,82,0,-0.37296983081128104
mild,body_dynamic_svm,2024,3,091,96,1,-0.5229469295806214
mild,body_dynamic_svm,2024,3,096,17,0,-0.23509360697302797
mild,body_dynamic_svm,2024,3,097,2,1,0.17294311844794652
mild,body_dynamic_svm,2024,3,110,22,1,-0.3985975443987739
mild,body_dynamic_svm,2024,3,112,94,0,-0.5050315713703672
mild,body_dynamic_svm,2024,3,113,78,0,0.18733938809301254
mild,body_dynamic_svm,2024,3,114,92,1,0.505183362297352
mild,body_dynamic_svm,2024,3,125,42,0,-0.7932093888505154
mild,body_dynamic_svm,2024,3,126,82,0,-0.3927404284241814
mild,body_dynamic_svm,2024,3,128,96,1,0.2350923046560055
mild,body_dynamic_svm,2024,3,131,54,1,0.3475798877576499
mild,body_dynamic_svm,2024,3,136,39,0,0.7299459270103282
mild,body_dynamic_svm,2024,3,143,28,0,0.2690206382430457
mild,body_dynamic_svm,2024,3,146,78,0,0.09859598016743731
mild,body_dynamic_svm,2024,3,162,23,0,0.19236768756005773
mild,body_dynamic_svm,2024,3,167,22,1,0.10794354129856126
mild,body_dynamic_svm,2024,3,169,39,1,0.7888995095540178
mild,body_dynamic_svm,2024,3,171,42,0,-0.7079208757967828
mild,body_dynamic_svm,2024,3,177,32,0,0.7728056194454703
mild,body_dynamic_svm,2024,3,187,17,0,-0.3184746994149524
mild,body_dynamic_svm,2024,3,189,22,1,-0.7050609833599177
mild,body_dynamic_svm,2024,3,195,94,0,-0.754053120513176
mild,body_dynamic_svm,2024,3,199,82,0,-0.36017999205116236
mild,body_dynamic_svm,2024,3,200,21,0,-0.4865051652972703
mild,body_dynamic_svm,2024,3,206,42,0,0.16586614725154225
mild,body_dynamic_svm,2024,3,214,92,0,0.37592664840107315
mild,body_dynamic_svm,2024,3,227,78,0,-0.15491786024751134
mild,body_dynamic_svm,2024,3,228,43,1,0.7342284431871738
mild,body_dynamic_svm,2024,3,234,39,0,0.6174624227941825
mild,body_dynamic_svm,2024,3,238,54,1,0.12394672786497479
mild,body_dynamic_svm,2024,3,249,17,1,-0.08348110701449896
mild,body_dynamic_svm,2024,3,264,31,0,-0.5246592118431302
mild,body_dynamic_svm,2024,3,268,21,0,-0.09502286466184445
mild,body_dynamic_svm,2024,3,272,33,1,0.6091585528515675
mild,body_dynamic_svm,2024,4,001,87,0,0.013136353299180503
mild,body_dynamic_svm,2024,4,003,1,0,-0.5981180408603539
mild,body_dynamic_svm,2024,4,020,20,1,-0.02539905947992599
mild,body_dynamic_svm,2024,4,021,70,0,-0.4882360489740685
mild,body_dynamic_svm,2024,4,022,34,1,-0.2640711082755788
mild,body_dynamic_svm,2024,4,028,55,0,-0.67621119691816
mild,body_dynamic_svm,2024,4,030,57,1,-0.8966853043800651
mild,body_dynamic_svm,2024,4,036,77,0,-0.8634343840924802
mild,body_dynamic_svm,2024,4,046,70,1,-0.20361285910610616
mild,body_dynamic_svm,2024,4,049,87,0,0.22944329538074304
mild,body_dynamic_svm,2024,4,061,24,1,0.365782265728289
mild,body_dynamic_svm,2024,4,062,55,0,-0.6014805334098797
mild,body_dynamic_svm,2024,4,064,88,0,-0.8716956796361377
mild,body_dynamic_svm,2024,4,067,34,1,-0.6800865059118807
mild,body_dynamic_svm,2024,4,069,1,0,-0.2686097713566957
mild,body_dynamic_svm,2024,4,072,70,1,-0.45329128824022874
mild,body_dynamic_svm,2024,4,076,4,1,-0.5170435178074437
mild,body_dynamic_svm,2024,4,080,25,0,-0.7248071158623991
mild,body_dynamic_svm,2024,4,083,79,0,-0.3692193673624796
mild,body_dynamic_svm,2024,4,089,20,1,-0.0012963616776676679
mild,body_dynamic_svm,2024,4,098,4,1,0.061091958252915246
mild,body_dynamic_svm,2024,4,101,36,0,-0.566459621404517
mild,body_dynamic_svm,2024,4,111,77,0,-0.8449879348375449
mild,body_dynamic_svm,2024,4,122,71,0,-0.8485611311875765
mild,body_dynamic_svm,2024,4,130,88,0,-0.7046248190933746
mild,body_dynamic_svm,2024,4,135,64,1,0.3198689539141598
mild,body_dynamic_svm,2024,4,145,36,0,-0.6315679866225745
mild,body_dynamic_svm,2024,4,157,77,0,-0.5486766500665455
mild,body_dynamic_svm,2024,4,161,79,1,0.19285659577439263
mild,body_dynamic_svm,2024,4,168,4,1,-0.06302613675409502
mild,body_dynamic_svm,2024,4,174,1,0,-0.5624445652057413
mild,body_dynamic_svm,2024,4,182,79,1,-0.34204620380376805
mild,body_dynamic_svm,2024,4,185,71,0,-0.8053777695738595
mild,body_dynamic_svm,2024,4,191,87,0,-0.27738341327998683
mild,body_dynamic_svm,2024,4,203,77,1,-0.184505284751443
mild,body_dynamic_svm,2024,4,208,79,1,0.4329645537929717
mild,body_dynamic_svm,2024,4,209,64,0,-0.5454669600912959
mild,body_dynamic_svm,2024,4,210,20,1,0.10883594004915398
mild,body_dynamic_svm,2024,4,211,87,0,-0.03167856944515829
mild,body_dynamic_svm,2024,4,212,12,0,-0.08603720185538732
mild,body_dynamic_svm,2024,4,216,36,1,-0.3041501157966757
mild,body_dynamic_svm,2024,4,220,88,0,-0.9392563294553358
mild,body_dynamic_svm,2024,4,230,34,0,-0.07427313009344022
mild,body_dynamic_svm,2024,4,239,1,0,-0.22994262410482036
mild,body_dynamic_svm,2024,4,247,88,0,-0.8363176447570134
mild,body_dynamic_svm,2024,4,248,36,1,0.010531566664189085
mild,body_dynamic_svm,2024,4,255,97,0,0.2703921093612701
mild,body_dynamic_svm,2024,4,259,62,1,0.07646335839122842
mild,body_dynamic_svm,2024,4,266,88,0,-0.8455927842245392
mild,body_combined_lr,42,0,004,45,1,1.1269218930060327
mild,body_combined_lr,42,0,005,65,0,-0.8645216606108084
mild,body_combined_lr,42,0,013,92,0,-1.0385246592800188
mild,body_combined_lr,42,0,017,8,0,-0.6507380962968425
mild,body_combined_lr,42,0,019,82,0,-3.3010745745788665
mild,body_combined_lr,42,0,020,20,1,1.1847443153519748
mild,body_combined_lr,42,0,022,34,1,0.22770719349932578
mild,body_combined_lr,42,0,035,83,1,-0.10613061958549605
mild,body_combined_lr,42,0,040,8,0,-0.07266170458194088
mild,body_combined_lr,42,0,047,51,0,-0.6736602667270821
mild,body_combined_lr,42,0,050,51,0,0.8543158487337252
mild,body_combined_lr,42,0,052,8,0,0.28237610252280837
mild,body_combined_lr,42,0,061,24,1,1.9594159537167495
mild,body_combined_lr,42,0,067,34,1,0.13454135592566074
mild,body_combined_lr,42,0,087,51,0,-0.06496603158691477
mild,body_combined_lr,42,0,088,82,0,-0.7652865033603615
mild,body_combined_lr,42,0,089,20,1,2.34023227157674
mild,body_combined_lr,42,0,091,96,1,0.4375640311083991
mild,body_combined_lr,42,0,092,51,0,0.34312511544965546
mild,body_combined_lr,42,0,101,36,0,-1.829989333060219
mild,body_combined_lr,42,0,102,76,1,4.746193624549485
mild,body_combined_lr,42,0,103,6,0,-2.4088826198503144
mild,body_combined_lr,42,0,114,92,1,1.425040332127797
mild,body_combined_lr,42,0,126,82,0,-2.4370126805441044
mild,body_combined_lr,42,0,128,96,1,2.731850411826087
mild,body_combined_lr,42,0,133,51,0,0.4052857927517212
mild,body_combined_lr,42,0,145,36,0,-1.4297858064215523
mild,body_combined_lr,42,0,153,83,1,0.3697688731612628
mild,body_combined_lr,42,0,154,45,0,-0.1373741237522351
mild,body_combined_lr,42,0,160,51,0,0.4342045868769891
mild,body_combined_lr,42,0,164,53,0,-2.3692522014003408
mild,body_combined_lr,42,0,170,53,0,-2.720197146606619
mild,body_combined_lr,42,0,177,32,0,1.2450508996667176
mild,body_combined_lr,42,0,178,76,1,2.7006027929883385
mild,body_combined_lr,42,0,181,6,0,-2.213606143390327
mild,body_combined_lr,42,0,186,51,0,-0.7419254647010813
mild,body_combined_lr,42,0,199,82,0,-5.444624538044552
mild,body_combined_lr,42,0,200,21,0,-1.0996994773068762
mild,body_combined_lr,42,0,204,27,0,-1.5057871249806876
mild,body_combined_lr,42,0,210,20,1,1.3279508775767588
mild,body_combined_lr,42,0,214,92,0,-0.3813221427788583
mild,body_combined_lr,42,0,216,36,1,0.019088271969014914
mild,body_combined_lr,42,0,229,51,0,-0.3271461416931516
mild,body_combined_lr,42,0,230,34,0,0.35817896454835335
mild,body_combined_lr,42,0,248,36,1,0.3512557183667961
mild,body_combined_lr,42,0,253,45,1,-0.0989614667126408
mild,body_combined_lr,42,0,255,97,0,0.8204712423872005
mild,body_combined_lr,42,0,257,83,1,1.1901014283708329
mild,body_combined_lr,42,0,259,62,1,1.0155648367403403
mild,body_combined_lr,42,0,268,21,0,-1.0103232417435222
mild,body_combined_lr,42,1,016,84,1,0.899765418215811
mild,body_combined_lr,42,1,030,57,1,-2.2062582667659227
mild,body_combined_lr,42,1,039,40,0,-1.8837036432087182
mild,body_combined_lr,42,1,042,23,0,0.7923298999825812
mild,body_combined_lr,42,1,068,22,1,2.3802737452781293
mild,body_combined_lr,42,1,071,23,1,3.1206717123937526
mild,body_combined_lr,42,1,073,13,1,2.004089318998452
mild,body_combined_lr,42,1,076,4,1,0.8653008237566946
mild,body_combined_lr,42,1,081,40,0,-0.6619396829105331
mild,body_combined_lr,42,1,083,79,0,-0.5880521470104294
mild,body_combined_lr,42,1,085,18,0,-2.080779220789706
mild,body_combined_lr,42,1,086,18,0,-3.0363139643799513
mild,body_combined_lr,42,1,096,17,0,-1.4371070141464286
mild,body_combined_lr,42,1,098,4,1,1.0251006523491815
mild,body_combined_lr,42,1,110,22,1,1.5758202056557076
mild,body_combined_lr,42,1,112,94,0,-2.113273903066995
mild,body_combined_lr,42,1,119,40,0,-1.4112438724258909
mild,body_combined_lr,42,1,120,52,0,-4.139566567345871
mild,body_combined_lr,42,1,122,71,0,-1.9972287679578773
mild,body_combined_lr,42,1,135,64,1,3.698043925007061
mild,body_combined_lr,42,1,140,84,1,-1.0945416425827967
mild,body_combined_lr,42,1,149,40,0,0.40050573187205835
mild,body_combined_lr,42,1,152,58,1,1.7717322296384423
mild,body_combined_lr,42,1,156,5,0,-0.4514826604815957
mild,body_combined_lr,42,1,159,52,0,-3.540299675723286
mild,body_combined_lr,42,1,161,79,1,0.42774965814301763
mild,body_combined_lr,42,1,162,23,0,0.6642609261965222
mild,body_combined_lr,42,1,165,30,0,-3.2744069015811514
mild,body_combined_lr,42,1,167,22,1,0.38409118612048215
mild,body_combined_lr,42,1,168,4,1,0.09229423504339967
mild,body_combined_lr,42,1,172,18,0,-2.739010017787613
mild,body_combined_lr,42,1,182,79,1,0.7519097578014426
mild,body_combined_lr,42,1,185,71,0,-1.7463563378725004
mild,body_combined_lr,42,1,187,17,0,0.17235643059208056
mild,body_combined_lr,42,1,189,22,1,-0.01344378149028308
mild,body_combined_lr,42,1,194,5,0,-1.5404633323493064
mild,body_combined_lr,42,1,195,94,0,-3.1650103509891014
mild,body_combined_lr,42,1,201,66,1,-1.1766187280994564
mild,body_combined_lr,42,1,208,79,1,1.2895281516084547
mild,body_combined_lr,42,1,209,64,0,0.47923508909461593
mild,body_combined_lr,42,1,212,12,0,-0.8778548639266952
mild,body_combined_lr,42,1,222,52,0,-3.498928080883737
mild,body_combined_lr,42,1,231,11,0,-1.1438957816005617
mild,body_combined_lr,42,1,237,18,0,-1.9463020755484668
mild,body_combined_lr,42,1,249,17,1,3.0417200723213904
mild,body_combined_lr,42,1,252,18,0,-0.829877341745012
mild,body_combined_lr,42,1,265,18,0,-1.6811272235579404
mild,body_combined_lr,42,2,002,78,0,-0.030363070011340143
mild,body_combined_lr,42,2,003,1,0,-0.7594658679426887
mild,body_combined_lr,42,2,014,39,1,0.009024097702224176
mild,body_combined_lr,42,2,021,70,0,0.5176135021716946
mild,body_combined_lr,42,2,026,86,1,2.571235051311528
mild,body_combined_lr,42,2,028,55,0,-3.3457103235522236
mild,body_combined_lr,42,2,041,26,1,-1.123772880610105
mild,body_combined_lr,42,2,046,70,1,1.062933834789688
mild,body_combined_lr,42,2,053,78,0,1.1739622367263456
mild,body_combined_lr,42,2,057,69,1,2.199931062759865
mild,body_combined_lr,42,2,058,50,0,0.4982836636200902
mild,body_combined_lr,42,2,062,55,0,-2.2063946928513274
mild,body_combined_lr,42,2,065,41,1,1.5995033932687746
mild,body_combined_lr,42,2,069,1,0,-0.7905948174777016
mild,body_combined_lr,42,2,072,70,1,0.3758680378082458
mild,body_combined_lr,42,2,077,86,1,2.3689115128554716
mild,body_combined_lr,42,2,080,25,0,0.07606320289730517
mild,body_combined_lr,42,2,090,69,0,1.58359179242266
mild,body_combined_lr,42,2,095,86,1,1.9288494349883638
mild,body_combined_lr,42,2,097,2,1,1.0536990784772533
mild,body_combined_lr,42,2,113,78,0,0.6498118529460195
mild,body_combined_lr,42,2,115,41,1,0.35689686820921057
mild,body_combined_lr,42,2,125,42,0,-2.6132580165554358
mild,body_combined_lr,42,2,129,69,1,1.9364076371433432
mild,body_combined_lr,42,2,134,69,1,1.10702523807249
mild,body_combined_lr,42,2,136,39,0,2.7748807160868805
mild,body_combined_lr,42,2,146,78,0,0.438190944150569
mild,body_combined_lr,42,2,150,29,0,1.0770359999595402
mild,body_combined_lr,42,2,169,39,1,0.8413395854643411
mild,body_combined_lr,42,2,171,42,0,-2.1597193088749513
mild,body_combined_lr,42,2,174,1,0,-2.046147959402309
mild,body_combined_lr,42,2,176,41,0,-0.5857524190782987
mild,body_combined_lr,42,2,180,73,1,1.7333023707246242
mild,body_combined_lr,42,2,205,95,0,-1.9999015239365632
mild,body_combined_lr,42,2,206,42,0,-2.2294088415800046
mild,body_combined_lr,42,2,215,50,0,-2.2959570981465816
mild,body_combined_lr,42,2,219,73,1,2.5267898801890984
mild,body_combined_lr,42,2,226,41,1,-0.33081992287611883
mild,body_combined_lr,42,2,227,78,0,-0.6254303752702535
mild,body_combined_lr,42,2,234,39,0,1.5943377972159911
mild,body_combined_lr,42,2,239,1,0,-0.84945459784847
mild,body_combined_lr,42,2,241,29,0,-0.05121304855166031
mild,body_combined_lr,42,2,246,50,0,-0.9310894758050834
mild,body_combined_lr,42,2,254,86,1,1.8972383306918192
mild,body_combined_lr,42,2,260,60,0,-1.4141520215414978
mild,body_combined_lr,42,2,262,14,0,-0.12901220532535437
mild,body_combined_lr,42,2,267,98,1,-0.8658040031790439
mild,body_combined_lr,42,2,272,33,1,1.0141085113344324
mild,body_combined_lr,42,3,001,87,0,-1.0350155270976216
mild,body_combined_lr,42,3,008,28,0,0.5290079102942585
mild,body_combined_lr,42,3,010,72,0,-0.709069007685229
mild,body_combined_lr,42,3,015,75,1,-1.1714389416927706
mild,body_combined_lr,42,3,023,44,0,-1.1832331369318674
mild,body_combined_lr,42,3,027,85,1,0.2301468199234349
mild,body_combined_lr,42,3,029,35,0,-0.19963379405700968
mild,body_combined_lr,42,3,034,91,1,1.2894050926688
mild,body_combined_lr,42,3,049,87,0,-1.0184323959215678
mild,body_combined_lr,42,3,051,28,0,-3.3972843730653346
mild,body_combined_lr,42,3,060,44,0,0.10450769585745978
mild,body_combined_lr,42,3,070,75,1,0.09265332871434434
mild,body_combined_lr,42,3,078,93,0,-1.4489710344870166
mild,body_combined_lr,42,3,094,93,1,-0.6836575345443057
mild,body_combined_lr,42,3,100,72,1,-0.7417261061517504
mild,body_combined_lr,42,3,106,48,1,-0.9094986186298236
mild,body_combined_lr,42,3,107,35,0,-1.0582102425744033
mild,body_combined_lr,42,3,116,85,0,0.4815353522181456
mild,body_combined_lr,42,3,117,7,0,-3.5469986867981422
mild,body_combined_lr,42,3,118,91,1,1.4447071698940248
mild,body_combined_lr,42,3,127,75,1,1.2007903674365261
mild,body_combined_lr,42,3,138,75,1,0.6610731618434554
mild,body_combined_lr,42,3,142,44,0,-0.7524720925279489
mild,body_combined_lr,42,3,143,28,0,-0.4421722062447193
mild,body_combined_lr,42,3,147,72,0,0.8879775821406931
mild,body_combined_lr,42,3,148,7,0,-3.6924808186321023
mild,body_combined_lr,42,3,151,85,1,1.149558495928448
mild,body_combined_lr,42,3,163,48,0,1.4010032529153094
mild,body_combined_lr,42,3,179,37,0,0.4805387292543952
mild,body_combined_lr,42,3,188,85,0,-0.5964359787186813
mild,body_combined_lr,42,3,190,44,0,-0.8629644902477761
mild,body_combined_lr,42,3,191,87,0,-2.5099549785279884
mild,body_combined_lr,42,3,193,56,1,1.395712325587687
mild,body_combined_lr,42,3,197,35,0,-1.5198918948382514
mild,body_combined_lr,42,3,198,93,0,-1.4619813001614568
mild,body_combined_lr,42,3,202,46,0,-1.038347063226573
mild,body_combined_lr,42,3,211,87,0,-2.4562959846017867
mild,body_combined_lr,42,3,213,44,1,1.3589828111442794
mild,body_combined_lr,42,3,221,72,1,-0.40629306326577397
mild,body_combined_lr,42,3,233,37,1,1.4322688825156895
mild,body_combined_lr,42,3,236,44,0,0.6631240813625027
mild,body_combined_lr,42,3,240,72,0,-0.03940250332268397
mild,body_combined_lr,42,3,243,85,1,1.1757501167963964
mild,body_combined_lr,42,3,244,75,1,2.1041872732353837
mild,body_combined_lr,42,3,256,10,1,2.155151582938257
mild,body_combined_lr,42,3,258,85,1,0.40610906124916457
mild,body_combined_lr,42,3,264,31,0,-0.6207302989981806
mild,body_combined_lr,42,3,269,44,0,-0.2244365381381762
mild,body_combined_lr,42,4,006,49,1,1.517230497435329
mild,body_combined_lr,42,4,007,90,1,0.24725597417581913
mild,body_combined_lr,42,4,024,89,0,0.5501126838008454
mild,body_combined_lr,42,4,031,38,1,-1.2784237793888098
mild,body_combined_lr,42,4,032,19,0,-1.7209295518350982
mild,body_combined_lr,42,4,036,77,0,-0.3807010863920241
mild,body_combined_lr,42,4,037,90,0,-0.7840285957492581
mild,body_combined_lr,42,4,038,43,1,-0.2265866570723588
mild,body_combined_lr,42,4,045,49,1,-0.11510649092167702
mild,body_combined_lr,42,4,048,67,0,-0.4766144583229329
mild,body_combined_lr,42,4,054,16,1,0.6628760576950203
mild,body_combined_lr,42,4,055,15,1,-1.2523017621728134
mild,body_combined_lr,42,4,064,88,0,-1.9080320364762124
mild,body_combined_lr,42,4,066,90,1,-0.42970305055354835
mild,body_combined_lr,42,4,075,38,1,-1.8083693683713553
mild,body_combined_lr,42,4,079,43,1,-0.05638879807612096
mild,body_combined_lr,42,4,104,19,0,-0.5501358361221491
mild,body_combined_lr,42,4,108,61,0,-1.264248783926264
mild,body_combined_lr,42,4,111,77,0,-0.49131830941926524
mild,body_combined_lr,42,4,121,74,1,1.1406344789952534
mild,body_combined_lr,42,4,130,88,0,-2.517397269744654
mild,body_combined_lr,42,4,131,54,1,0.017770763500881803
mild,body_combined_lr,42,4,132,38,0,-0.9685280687664053
mild,body_combined_lr,42,4,137,19,0,-0.8487405753986698
mild,body_combined_lr,42,4,139,89,0,-0.7400065655923238
mild,body_combined_lr,42,4,144,63,1,0.7429382278582042
mild,body_combined_lr,42,4,155,68,1,1.285583827114824
mild,body_combined_lr,42,4,157,77,0,-2.611130679578161
mild,body_combined_lr,42,4,158,74,1,1.9557028340864544
mild,body_combined_lr,42,4,166,19,0,-0.6733905244004315
mild,body_combined_lr,42,4,173,89,0,-0.1078285425085011
mild,body_combined_lr,42,4,175,74,1,2.6094375821668248
mild,body_combined_lr,42,4,184,68,0,0.0005552355159966771
mild,body_combined_lr,42,4,192,38,0,-2.0463827299630752
mild,body_combined_lr,42,4,196,67,0,-3.1434509735324943
mild,body_combined_lr,42,4,203,77,1,0.7602496517324726
mild,body_combined_lr,42,4,220,88,0,-2.5773448939422723
mild,body_combined_lr,42,4,223,38,0,-1.3466831527831706
mild,body_combined_lr,42,4,225,67,0,-2.9224293953311475
mild,body_combined_lr,42,4,228,43,1,0.4390599487648905
mild,body_combined_lr,42,4,235,89,0,0.9974028946896294
mild,body_combined_lr,42,4,238,54,1,-0.340425207868996
mild,body_combined_lr,42,4,247,88,0,-1.0872246445515943
mild,body_combined_lr,42,4,251,38,0,-0.3517057136304951
mild,body_combined_lr,42,4,266,88,0,-2.314734215838355
mild,body_combined_lr,42,4,270,49,0,-0.23972009245030385
mild,body_combined_lr,123,0,013,92,0,-0.5169646710600349
mild,body_combined_lr,123,0,017,8,0,-0.21756608976623135
mild,body_combined_lr,123,0,020,20,1,1.246037533677543
mild,body_combined_lr,123,0,021,70,0,0.3205314673081214
mild,body_combined_lr,123,0,030,57,1,-2.30432895790476
mild,body_combined_lr,123,0,032,19,0,-1.7089102019480047
mild,body_combined_lr,123,0,040,8,0,0.04032610331933206
mild,body_combined_lr,123,0,046,70,1,0.7099159380145179
mild,body_combined_lr,123,0,047,51,0,-1.2937906082839303
mild,body_combined_lr,123,0,050,51,0,0.9664071745489462
mild,body_combined_lr,123,0,052,8,0,0.4830088639550523
mild,body_combined_lr,123,0,055,15,1,-1.3332951458618292
mild,body_combined_lr,123,0,072,70,1,0.3870796097072115
mild,body_combined_lr,123,0,073,13,1,1.995650564821866
mild,body_combined_lr,123,0,087,51,0,-0.42299713864067906
mild,body_combined_lr,123,0,089,20,1,2.31891142857059
mild,body_combined_lr,123,0,092,51,0,0.09455883514191199
mild,body_combined_lr,123,0,102,76,1,5.164472683790869
mild,body_combined_lr,123,0,104,19,0,-0.9033743901356219
mild,body_combined_lr,123,0,106,48,1,-1.290697447871911
mild,body_combined_lr,123,0,112,94,0,-1.7271742372473633
mild,body_combined_lr,123,0,114,92,1,1.6930001999880253
mild,body_combined_lr,123,0,121,74,1,1.4836948001129873
mild,body_combined_lr,123,0,122,71,0,-2.1118269299667376
mild,body_combined_lr,123,0,133,51,0,0.3919848421917163
mild,body_combined_lr,123,0,135,64,1,3.2833104753222266
mild,body_combined_lr,123,0,137,19,0,-0.7078439923269886
mild,body_combined_lr,123,0,156,5,0,-0.7796453436800291
mild,body_combined_lr,123,0,158,74,1,2.1512306009057163
mild,body_combined_lr,123,0,160,51,0,0.11583988247994875
mild,body_combined_lr,123,0,163,48,0,1.1170328426773057
mild,body_combined_lr,123,0,165,30,0,-3.2119683219708817
mild,body_combined_lr,123,0,166,19,0,-0.5271127027788366
mild,body_combined_lr,123,0,175,74,1,2.649406189160093
mild,body_combined_lr,123,0,178,76,1,3.38078214574553
mild,body_combined_lr,123,0,179,37,0,0.4711165285880889
mild,body_combined_lr,123,0,180,73,1,1.8115290027037445
mild,body_combined_lr,123,0,185,71,0,-1.8972439122745257
mild,body_combined_lr,123,0,186,51,0,-0.9567657345463256
mild,body_combined_lr,123,0,194,5,0,-1.6076944522694359
mild,body_combined_lr,123,0,195,94,0,-2.650500785911605
mild,body_combined_lr,123,0,209,64,0,0.7476349392821364
mild,body_combined_lr,123,0,210,20,1,1.4062345516736952
mild,body_combined_lr,123,0,214,92,0,-0.47541859635614525
mild,body_combined_lr,123,0,219,73,1,2.374690979316704
mild,body_combined_lr,123,0,229,51,0,-0.8646751427985295
mild,body_combined_lr,123,0,233,37,1,1.1566212016218833
mild,body_combined_lr,123,0,260,60,0,-1.2766056954652998
mild,body_combined_lr,123,0,272,33,1,0.8356577847682518
mild,body_combined_lr,123,1,001,87,0,-1.0181216488236227
mild,body_combined_lr,123,1,004,45,1,0.7915164275482769
mild,body_combined_lr,123,1,005,65,0,-0.9090937160165768
mild,body_combined_lr,123,1,028,55,0,-3.610939927637169
mild,body_combined_lr,123,1,048,67,0,-0.26194480941239073
mild,body_combined_lr,123,1,049,87,0,-0.9625231921909171
mild,body_combined_lr,123,1,058,50,0,0.33171120096060314
mild,body_combined_lr,123,1,062,55,0,-2.4045677149584237
mild,body_combined_lr,123,1,068,22,1,1.9223701533088449
mild,body_combined_lr,123,1,076,4,1,0.3537216767639919
mild,body_combined_lr,123,1,078,93,0,-1.5486861121073734
mild,body_combined_lr,123,1,083,79,0,-0.48540073034568176
mild,body_combined_lr,123,1,085,18,0,-1.9436684336771701
mild,body_combined_lr,123,1,086,18,0,-2.767275230221168
mild,body_combined_lr,123,1,091,96,1,0.32988702168044437
mild,body_combined_lr,123,1,094,93,1,-0.7689052196658142
mild,body_combined_lr,123,1,098,4,1,1.0426298445994475
mild,body_combined_lr,123,1,101,36,0,-1.901000140678387
mild,body_combined_lr,123,1,110,22,1,1.3806623406610703
mild,body_combined_lr,123,1,128,96,1,2.74257369130553
mild,body_combined_lr,123,1,144,63,1,1.0062803638852138
mild,body_combined_lr,123,1,145,36,0,-1.5988732960952547
mild,body_combined_lr,123,1,154,45,0,-0.5611402845128325
mild,body_combined_lr,123,1,161,79,1,0.43501617780185775
mild,body_combined_lr,123,1,167,22,1,0.5094537551778631
mild,body_combined_lr,123,1,168,4,1,0.23280710936655155
mild,body_combined_lr,123,1,172,18,0,-2.5566233277262227
mild,body_combined_lr,123,1,182,79,1,0.4912386819861052
mild,body_combined_lr,123,1,189,22,1,-0.06251253304172802
mild,body_combined_lr,123,1,191,87,0,-2.4501742874873544
mild,body_combined_lr,123,1,196,67,0,-2.951602918405358
mild,body_combined_lr,123,1,198,93,0,-1.3306651628271222
mild,body_combined_lr,123,1,200,21,0,-0.9311468132073263
mild,body_combined_lr,123,1,201,66,1,-0.9447056460778772
mild,body_combined_lr,123,1,202,46,0,-0.9189597464976326
mild,body_combined_lr,123,1,208,79,1,1.2129063027438964
mild,body_combined_lr,123,1,211,87,0,-2.297659325241381
mild,body_combined_lr,123,1,215,50,0,-2.1031789954930407
mild,body_combined_lr,123,1,216,36,1,0.17500868203269418
mild,body_combined_lr,123,1,225,67,0,-2.742446669696631
mild,body_combined_lr,123,1,237,18,0,-1.6852848611737188
mild,body_combined_lr,123,1,246,50,0,-0.7291914717469034
mild,body_combined_lr,123,1,248,36,1,0.637169435305028
mild,body_combined_lr,123,1,252,18,0,-0.6937762714296836
mild,body_combined_lr,123,1,253,45,1,-0.017707393666292093
mild,body_combined_lr,123,1,262,14,0,0.13907370691371404
mild,body_combined_lr,123,1,264,31,0,-0.17269118236612788
mild,body_combined_lr,123,1,265,18,0,-1.3032119637641217
mild,body_combined_lr,123,1,268,21,0,-0.46673475705183254
mild,body_combined_lr,123,2,003,1,0,-0.7871766821677693
mild,body_combined_lr,123,2,006,49,1,1.1599096030964624
mild,body_combined_lr,123,2,007,90,1,0.20686718616787053
mild,body_combined_lr,123,2,026,86,1,2.1415030961626784
mild,body_combined_lr,123,2,036,77,0,-0.8761341188848082
mild,body_combined_lr,123,2,037,90,0,-0.6896111330722776
mild,body_combined_lr,123,2,038,43,1,-0.8124288928425829
mild,body_combined_lr,123,2,039,40,0,-1.8123331121229302
mild,body_combined_lr,123,2,041,26,1,-0.9346059459157157
mild,body_combined_lr,123,2,045,49,1,-0.3824756110613175
mild,body_combined_lr,123,2,061,24,1,2.0177999180544206
mild,body_combined_lr,123,2,064,88,0,-1.6534159081963269
mild,body_combined_lr,123,2,065,41,1,0.9762631169598543
mild,body_combined_lr,123,2,066,90,1,-0.21523754071253656
mild,body_combined_lr,123,2,069,1,0,-0.603183398049489
mild,body_combined_lr,123,2,077,86,1,1.993434300732215
mild,body_combined_lr,123,2,079,43,1,0.11961146587907395
mild,body_combined_lr,123,2,081,40,0,-0.8832116108215207
mild,body_combined_lr,123,2,095,86,1,1.5674087891314226
mild,body_combined_lr,123,2,097,2,1,0.9613263995778714
mild,body_combined_lr,123,2,111,77,0,-0.5101574581683878
mild,body_combined_lr,123,2,115,41,1,0.12443949599112303
mild,body_combined_lr,123,2,119,40,0,-1.5810135546429158
mild,body_combined_lr,123,2,130,88,0,-1.8430689705392567
mild,body_combined_lr,123,2,149,40,0,0.45779780937190767
mild,body_combined_lr,123,2,150,29,0,0.7235454898976348
mild,body_combined_lr,123,2,155,68,1,1.600424487234654
mild,body_combined_lr,123,2,157,77,0,-2.6594553696042245
mild,body_combined_lr,123,2,164,53,0,-1.5900695211085503
mild,body_combined_lr,123,2,170,53,0,-2.0386655339109057
mild,body_combined_lr,123,2,174,1,0,-2.0871801062806985
mild,body_combined_lr,123,2,176,41,0,-0.5159405102660795
mild,body_combined_lr,123,2,184,68,0,0.5990134955176274
mild,body_combined_lr,123,2,203,77,1,0.9567190033145483
mild,body_combined_lr,123,2,205,95,0,-1.7955210579490954
mild,body_combined_lr,123,2,212,12,0,-1.1034119273484566
mild,body_combined_lr,123,2,220,88,0,-2.5714798738370037
mild,body_combined_lr,123,2,226,41,1,-0.6450489439619904
mild,body_combined_lr,123,2,228,43,1,0.6556576552448583
mild,body_combined_lr,123,2,231,11,0,-0.44310778834848086
mild,body_combined_lr,123,2,239,1,0,-0.7254970361940305
mild,body_combined_lr,123,2,241,29,0,-0.3704811083371309
mild,body_combined_lr,123,2,247,88,0,-1.1313932948526315
mild,body_combined_lr,123,2,254,86,1,1.5741334494559136
mild,body_combined_lr,123,2,255,97,0,0.4394041011023498
mild,body_combined_lr,123,2,266,88,0,-2.845355592423899
mild,body_combined_lr,123,2,270,49,0,-0.08762633056613572
mild,body_combined_lr,123,3,008,28,0,0.31745686220974073
mild,body_combined_lr,123,3,014,39,1,-0.080712519773488
mild,body_combined_lr,123,3,022,34,1,0.11525517798581175
mild,body_combined_lr,123,3,023,44,0,-0.9056750211397842
mild,body_combined_lr,123,3,024,89,0,-0.05372585322503956
mild,body_combined_lr,123,3,027,85,1,0.07205087610930261
mild,body_combined_lr,123,3,029,35,0,-0.5676296089247979
mild,body_combined_lr,123,3,034,91,1,1.27825617250582
mild,body_combined_lr,123,3,035,83,1,0.5523074922341071
mild,body_combined_lr,123,3,051,28,0,-4.0503982835202645
mild,body_combined_lr,123,3,054,16,1,0.7563938990286769
mild,body_combined_lr,123,3,057,69,1,1.8674102563657466
mild,body_combined_lr,123,3,060,44,0,0.40402492098155846
mild,body_combined_lr,123,3,067,34,1,0.36601609018977105
mild,body_combined_lr,123,3,080,25,0,-0.233742814178897
mild,body_combined_lr,123,3,090,69,0,1.3846605712392817
mild,body_combined_lr,123,3,103,6,0,-3.229796073318346
mild,body_combined_lr,123,3,107,35,0,-0.6237556990896749
mild,body_combined_lr,123,3,108,61,0,-1.729318239685032
mild,body_combined_lr,123,3,116,85,0,0.509869923271558
mild,body_combined_lr,123,3,118,91,1,1.4315265083206923
mild,body_combined_lr,123,3,129,69,1,1.656798645484568
mild,body_combined_lr,123,3,134,69,1,0.9625716461178158
mild,body_combined_lr,123,3,136,39,0,2.7946565711727622
mild,body_combined_lr,123,3,139,89,0,-0.40115942325561105
mild,body_combined_lr,123,3,142,44,0,-0.5537276850195196
mild,body_combined_lr,123,3,143,28,0,-0.0906392171934246
mild,body_combined_lr,123,3,151,85,1,1.042304250961268
mild,body_combined_lr,123,3,153,83,1,0.8150111070811261
mild,body_combined_lr,123,3,169,39,1,0.9509519502495145
mild,body_combined_lr,123,3,173,89,0,-0.42563613284730106
mild,body_combined_lr,123,3,177,32,0,1.1784125414700999
mild,body_combined_lr,123,3,181,6,0,-2.4064498070142952
mild,body_combined_lr,123,3,188,85,0,-0.80827025206528
mild,body_combined_lr,123,3,190,44,0,-0.3587088154394701
mild,body_combined_lr,123,3,197,35,0,-1.2092953402021018
mild,body_combined_lr,123,3,204,27,0,-1.9318043268503515
mild,body_combined_lr,123,3,213,44,1,1.5592055991707485
mild,body_combined_lr,123,3,230,34,0,0.32202026882851115
mild,body_combined_lr,123,3,234,39,0,1.3963603445966555
mild,body_combined_lr,123,3,235,89,0,0.7926318688900267
mild,body_combined_lr,123,3,236,44,0,0.9905309834622658
mild,body_combined_lr,123,3,243,85,1,0.9526894219534627
mild,body_combined_lr,123,3,257,83,1,1.7630179226293523
mild,body_combined_lr,123,3,258,85,1,-0.045081899849417906
mild,body_combined_lr,123,3,259,62,1,0.8555389332235628
mild,body_combined_lr,123,3,269,44,0,0.21171545217161897
mild,body_combined_lr,123,4,002,78,0,0.06978680947558408
mild,body_combined_lr,123,4,010,72,0,-0.8648067797224207
mild,body_combined_lr,123,4,015,75,1,-1.0261801959867376
mild,body_combined_lr,123,4,016,84,1,0.8726128089833035
mild,body_combined_lr,123,4,019,82,0,-4.603443741320244
mild,body_combined_lr,123,4,031,38,1,-1.5188641858984453
mild,body_combined_lr,123,4,042,23,0,0.4729063975075014
mild,body_combined_lr,123,4,053,78,0,1.3483342470847903
mild,body_combined_lr,123,4,070,75,1,0.09752695602894085
mild,body_combined_lr,123,4,071,23,1,3.027738015281307
mild,body_combined_lr,123,4,075,38,1,-2.265865813210642
mild,body_combined_lr,123,4,088,82,0,-1.3777972775502798
mild,body_combined_lr,123,4,096,17,0,-2.2093408904127485
mild,body_combined_lr,123,4,100,72,1,-0.5469103898375517
mild,body_combined_lr,123,4,113,78,0,0.4274301633479397
mild,body_combined_lr,123,4,117,7,0,-3.843824618310956
mild,body_combined_lr,123,4,120,52,0,-4.2326164086453435
mild,body_combined_lr,123,4,125,42,0,-2.793816200981228
mild,body_combined_lr,123,4,126,82,0,-3.0864329282162646
mild,body_combined_lr,123,4,127,75,1,0.9327478568014013
mild,body_combined_lr,123,4,131,54,1,0.22917461412769224
mild,body_combined_lr,123,4,132,38,0,-1.5292934906489166
mild,body_combined_lr,123,4,138,75,1,0.24029935369448463
mild,body_combined_lr,123,4,140,84,1,-1.021038821026945
mild,body_combined_lr,123,4,146,78,0,0.4293587889425503
mild,body_combined_lr,123,4,147,72,0,0.45868855126815655
mild,body_combined_lr,123,4,148,7,0,-3.96707631707739
mild,body_combined_lr,123,4,152,58,1,2.294943260664589
mild,body_combined_lr,123,4,159,52,0,-3.6596127326791557
mild,body_combined_lr,123,4,162,23,0,0.392540886946547
mild,body_combined_lr,123,4,171,42,0,-2.0504530764950037
mild,body_combined_lr,123,4,187,17,0,-0.7689584137094996
mild,body_combined_lr,123,4,192,38,0,-2.2176277129506823
mild,body_combined_lr,123,4,193,56,1,1.2261123918431456
mild,body_combined_lr,123,4,199,82,0,-5.60323223849011
mild,body_combined_lr,123,4,206,42,0,-2.5148851668149863
mild,body_combined_lr,123,4,221,72,1,-1.2093936738695743
mild,body_combined_lr,123,4,222,52,0,-3.5493434367928502
mild,body_combined_lr,123,4,223,38,0,-1.7604972282476603
mild,body_combined_lr,123,4,227,78,0,-1.0293734449283791
mild,body_combined_lr,123,4,238,54,1,-0.6114068791507675
mild,body_combined_lr,123,4,240,72,0,-0.7344591696395015
mild,body_combined_lr,123,4,244,75,1,2.0513814806374118
mild,body_combined_lr,123,4,249,17,1,1.7409502660212368
mild,body_combined_lr,123,4,251,38,0,-0.42504540372589106
mild,body_combined_lr,123,4,256,10,1,1.7327983305000658
mild,body_combined_lr,123,4,267,98,1,-0.771580314531329
mild,body_combined_lr,456,0,001,87,0,-0.9248578444075644
mild,body_combined_lr,456,0,016,84,1,1.1802165893586998
mild,body_combined_lr,456,0,021,70,0,0.2765568449426425
mild,body_combined_lr,456,0,030,57,1,-2.4137406823660723
mild,body_combined_lr,456,0,035,83,1,-0.10961372503078853
mild,body_combined_lr,456,0,038,43,1,-0.6817293664123567
mild,body_combined_lr,456,0,046,70,1,0.5608636180181721
mild,body_combined_lr,456,0,047,51,0,-1.1035666369275203
mild,body_combined_lr,456,0,049,87,0,-0.8965580768207757
mild,body_combined_lr,456,0,050,51,0,0.6978310121561271
mild,body_combined_lr,456,0,072,70,1,0.0928041708694684
mild,body_combined_lr,456,0,079,43,1,0.6094130424797353
mild,body_combined_lr,456,0,087,51,0,-0.3293839105814778
mild,body_combined_lr,456,0,092,51,0,0.01397473127631016
mild,body_combined_lr,456,0,097,2,1,0.5544957633556464
mild,body_combined_lr,456,0,102,76,1,4.669775932573841
mild,body_combined_lr,456,0,103,6,0,-3.028127701058541
mild,body_combined_lr,456,0,120,52,0,-4.0556049270695205
mild,body_combined_lr,456,0,122,71,0,-2.256791244516634
mild,body_combined_lr,456,0,133,51,0,0.2522031471739509
mild,body_combined_lr,456,0,140,84,1,-0.8711406839796643
mild,body_combined_lr,456,0,153,83,1,0.4094861757742127
mild,body_combined_lr,456,0,155,68,1,1.4964889818658929
mild,body_combined_lr,456,0,156,5,0,-0.793822937123186
mild,body_combined_lr,456,0,159,52,0,-3.5800502540789427
mild,body_combined_lr,456,0,160,51,0,0.15661304940905524
mild,body_combined_lr,456,0,177,32,0,1.231307713854921
mild,body_combined_lr,456,0,178,76,1,3.2834180217470825
mild,body_combined_lr,456,0,180,73,1,1.7765004793812351
mild,body_combined_lr,456,0,181,6,0,-2.7432220052699887
mild,body_combined_lr,456,0,184,68,0,0.5064927309289686
mild,body_combined_lr,456,0,185,71,0,-2.0662118369972227
mild,body_combined_lr,456,0,186,51,0,-1.2136642726448201
mild,body_combined_lr,456,0,191,87,0,-2.4256049037294742
mild,body_combined_lr,456,0,193,56,1,0.7882321102942589
mild,body_combined_lr,456,0,194,5,0,-1.4392813259663233
mild,body_combined_lr,456,0,205,95,0,-1.8560222597614497
mild,body_combined_lr,456,0,211,87,0,-2.3232870478365473
mild,body_combined_lr,456,0,219,73,1,1.8785539565868357
mild,body_combined_lr,456,0,222,52,0,-3.3852048242602684
mild,body_combined_lr,456,0,228,43,1,0.997749650789642
mild,body_combined_lr,456,0,229,51,0,-0.9494558967638809
mild,body_combined_lr,456,0,231,11,0,-0.7955630862615446
mild,body_combined_lr,456,0,255,97,0,0.9950441969358035
mild,body_combined_lr,456,0,257,83,1,1.3344293310110216
mild,body_combined_lr,456,0,267,98,1,-1.3120132996237261
mild,body_combined_lr,456,1,004,45,1,0.7742118418234418
mild,body_combined_lr,456,1,005,65,0,-1.2502760357548226
mild,body_combined_lr,456,1,008,28,0,0.45820873141800095
mild,body_combined_lr,456,1,010,72,0,-0.5097019393817891
mild,body_combined_lr,456,1,026,86,1,2.028824964130744
mild,body_combined_lr,456,1,034,91,1,1.2952409587833305
mild,body_combined_lr,456,1,036,77,0,-0.20016228008260362
mild,body_combined_lr,456,1,039,40,0,-1.4524890160568311
mild,body_combined_lr,456,1,051,28,0,-4.011062210928563
mild,body_combined_lr,456,1,058,50,0,0.42089405592902135
mild,body_combined_lr,456,1,061,24,1,1.6231979743219018
mild,body_combined_lr,456,1,077,86,1,2.118240541268793
mild,body_combined_lr,456,1,080,25,0,-0.12089826832559342
mild,body_combined_lr,456,1,081,40,0,-0.4403856530377852
mild,body_combined_lr,456,1,083,79,0,-0.38952671606188716
mild,body_combined_lr,456,1,085,18,0,-1.6006131564926247
mild,body_combined_lr,456,1,086,18,0,-2.482225358861075
mild,body_combined_lr,456,1,091,96,1,0.7937121314897613
mild,body_combined_lr,456,1,095,86,1,1.569856164633655
mild,body_combined_lr,456,1,100,72,1,-0.5487844444681186
mild,body_combined_lr,456,1,111,77,0,-0.10432632621997354
mild,body_combined_lr,456,1,118,91,1,1.5690894953760244
mild,body_combined_lr,456,1,119,40,0,-1.4477440726585045
mild,body_combined_lr,456,1,128,96,1,2.5569980502684353
mild,body_combined_lr,456,1,143,28,0,-0.5246542021713613
mild,body_combined_lr,456,1,144,63,1,1.0973122016934045
mild,body_combined_lr,456,1,147,72,0,0.7118115540040058
mild,body_combined_lr,456,1,149,40,0,0.463925636889198
mild,body_combined_lr,456,1,154,45,0,-0.09842299673302107
mild,body_combined_lr,456,1,157,77,0,-2.0377796362655523
mild,body_combined_lr,456,1,161,79,1,0.33899081086223076
mild,body_combined_lr,456,1,172,18,0,-2.2311098634106243
mild,body_combined_lr,456,1,182,79,1,0.9073540326558669
mild,body_combined_lr,456,1,203,77,1,0.943229129484912
mild,body_combined_lr,456,1,204,27,0,-1.3566220544096064
mild,body_combined_lr,456,1,208,79,1,1.1055549852391238
mild,body_combined_lr,456,1,212,12,0,-0.8930009644153474
mild,body_combined_lr,456,1,215,50,0,-2.2791634959078046
mild,body_combined_lr,456,1,221,72,1,-0.8341974274165926
mild,body_combined_lr,456,1,237,18,0,-1.552831065627159
mild,body_combined_lr,456,1,240,72,0,-0.2213490092956535
mild,body_combined_lr,456,1,246,50,0,-0.4701108675971565
mild,body_combined_lr,456,1,252,18,0,-0.6437251893233374
mild,body_combined_lr,456,1,253,45,1,0.1683384838069642
mild,body_combined_lr,456,1,254,86,1,1.7385262701895365
mild,body_combined_lr,456,1,265,18,0,-1.097433505086179
mild,body_combined_lr,456,1,272,33,1,0.6643440732592285
mild,body_combined_lr,456,2,002,78,0,0.05069275620864944
mild,body_combined_lr,456,2,014,39,1,-0.2011858535663343
mild,body_combined_lr,456,2,017,8,0,-0.38123364484303274
mild,body_combined_lr,456,2,022,34,1,0.11339764374437644
mild,body_combined_lr,456,2,024,89,0,0.2007782034516477
mild,body_combined_lr,456,2,027,85,1,-0.40202328154301187
mild,body_combined_lr,456,2,040,8,0,-0.5656822514507864
mild,body_combined_lr,456,2,041,26,1,-0.7943723174944177
mild,body_combined_lr,456,2,048,67,0,-0.7247631664847386
mild,body_combined_lr,456,2,052,8,0,0.5359650828234177
mild,body_combined_lr,456,2,053,78,0,1.308581314616749
mild,body_combined_lr,456,2,067,34,1,0.33138543233453804
mild,body_combined_lr,456,2,068,22,1,2.391402016408814
mild,body_combined_lr,456,2,096,17,0,-1.779216734439829
mild,body_combined_lr,456,2,108,61,0,-2.0638565901255106
mild,body_combined_lr,456,2,110,22,1,1.448459436348549
mild,body_combined_lr,456,2,113,78,0,0.9477402381149924
mild,body_combined_lr,456,2,116,85,0,0.3297376235855251
mild,body_combined_lr,456,2,117,7,0,-2.838139338073908
mild,body_combined_lr,456,2,121,74,1,1.3554812528829885
mild,body_combined_lr,456,2,136,39,0,2.1580592167033443
mild,body_combined_lr,456,2,139,89,0,-0.6503024214468163
mild,body_combined_lr,456,2,146,78,0,0.5881325979077079
mild,body_combined_lr,456,2,148,7,0,-3.3058807993077033
mild,body_combined_lr,456,2,151,85,1,0.611156876231566
mild,body_combined_lr,456,2,158,74,1,2.06814819500792
mild,body_combined_lr,456,2,164,53,0,-1.9482028708492403
mild,body_combined_lr,456,2,165,30,0,-3.122172010015306
mild,body_combined_lr,456,2,167,22,1,0.7447538406836851
mild,body_combined_lr,456,2,169,39,1,0.6788107200867008
mild,body_combined_lr,456,2,170,53,0,-2.626074353611914
mild,body_combined_lr,456,2,173,89,0,0.16088839812566025
mild,body_combined_lr,456,2,175,74,1,2.378991950259451
mild,body_combined_lr,456,2,179,37,0,0.3071894165248739
mild,body_combined_lr,456,2,187,17,0,-0.29437606546281997
mild,body_combined_lr,456,2,188,85,0,-0.601381655870167
mild,body_combined_lr,456,2,189,22,1,0.044762708652039906
mild,body_combined_lr,456,2,196,67,0,-3.6435832100132046
mild,body_combined_lr,456,2,201,66,1,-1.1844419292061565
mild,body_combined_lr,456,2,225,67,0,-3.137625032975657
mild,body_combined_lr,456,2,227,78,0,-0.6376411348749077
mild,body_combined_lr,456,2,230,34,0,-0.2443316948380844
mild,body_combined_lr,456,2,233,37,1,1.24145428755621
mild,body_combined_lr,456,2,234,39,0,0.6413039326035179
mild,body_combined_lr,456,2,235,89,0,1.1971992522231814
mild,body_combined_lr,456,2,243,85,1,0.981533154104897
mild,body_combined_lr,456,2,249,17,1,2.5294689130889707
mild,body_combined_lr,456,2,256,10,1,1.8658809263435314
mild,body_combined_lr,456,2,258,85,1,0.0773473449741433
mild,body_combined_lr,456,2,264,31,0,-0.22237860823485928
mild,body_combined_lr,456,3,015,75,1,-1.1117759832022969
mild,body_combined_lr,456,3,019,82,0,-4.1871973995153295
mild,body_combined_lr,456,3,023,44,0,-0.8831068769253365
mild,body_combined_lr,456,3,029,35,0,-0.3020278154622221
mild,body_combined_lr,456,3,031,38,1,-0.608499031427953
mild,body_combined_lr,456,3,042,23,0,1.1007705012155087
mild,body_combined_lr,456,3,054,16,1,0.5531604702054291
mild,body_combined_lr,456,3,055,15,1,-1.012299496139506
mild,body_combined_lr,456,3,057,69,1,2.2669407409128737
mild,body_combined_lr,456,3,060,44,0,-0.29192891976127017
mild,body_combined_lr,456,3,070,75,1,0.056501967710139545
mild,body_combined_lr,456,3,071,23,1,3.092522032450045
mild,body_combined_lr,456,3,073,13,1,1.8477489840026584
mild,body_combined_lr,456,3,075,38,1,-1.7724140586128363
mild,body_combined_lr,456,3,078,93,0,-1.371100487826095
mild,body_combined_lr,456,3,088,82,0,-1.1786609844790887
mild,body_combined_lr,456,3,090,69,0,1.3285569913907804
mild,body_combined_lr,456,3,094,93,1,-0.4303458446718257
mild,body_combined_lr,456,3,101,36,0,-1.328299312758052
mild,body_combined_lr,456,3,107,35,0,-0.7930061127810257
mild,body_combined_lr,456,3,125,42,0,-2.6807223499320596
mild,body_combined_lr,456,3,126,82,0,-2.6434803425920563
mild,body_combined_lr,456,3,127,75,1,1.4477205177410781
mild,body_combined_lr,456,3,129,69,1,1.7566558563567394
mild,body_combined_lr,456,3,132,38,0,-0.8093704330056093
mild,body_combined_lr,456,3,134,69,1,0.9677011530346324
mild,body_combined_lr,456,3,135,64,1,3.702422643498199
mild,body_combined_lr,456,3,138,75,1,0.5524770861145061
mild,body_combined_lr,456,3,142,44,0,-1.1074570556284298
mild,body_combined_lr,456,3,145,36,0,-1.4111425900316246
mild,body_combined_lr,456,3,152,58,1,1.8590444740168224
mild,body_combined_lr,456,3,162,23,0,0.7909974061382941
mild,body_combined_lr,456,3,171,42,0,-2.1972189176185
mild,body_combined_lr,456,3,190,44,0,-0.728381654445182
mild,body_combined_lr,456,3,192,38,0,-1.7548389027450255
mild,body_combined_lr,456,3,197,35,0,-1.5055610739718444
mild,body_combined_lr,456,3,198,93,0,-1.3208983477554004
mild,body_combined_lr,456,3,199,82,0,-5.668419966982573
mild,body_combined_lr,456,3,202,46,0,-1.0511492754350642
mild,body_combined_lr,456,3,206,42,0,-2.1764121133604895
mild,body_combined_lr,456,3,209,64,0,0.8070940557708648
mild,body_combined_lr,456,3,213,44,1,1.5294520426840723
mild,body_combined_lr,456,3,216,36,1,0.5362665889610381
mild,body_combined_lr,456,3,223,38,0,-0.869114379652703
mild,body_combined_lr,456,3,236,44,0,0.6971566498683928
mild,body_combined_lr,456,3,244,75,1,2.180479808033635
mild,body_combined_lr,456,3,248,36,1,0.7176311951074585
mild,body_combined_lr,456,3,251,38,0,-0.41742522648478564
mild,body_combined_lr,456,3,262,14,0,0.19870760824810646
mild,body_combined_lr,456,3,269,44,0,-0.24842694461516004
mild,body_combined_lr,456,4,003,1,0,-1.1150696628810421
mild,body_combined_lr,456,4,006,49,1,1.2396612219937482
mild,body_combined_lr,456,4,007,90,1,0.1982805836840006
mild,body_combined_lr,456,4,013,92,0,-0.673121496171359
mild,body_combined_lr,456,4,020,20,1,1.1435605809987777
mild,body_combined_lr,456,4,028,55,0,-3.299247776186651
mild,body_combined_lr,456,4,032,19,0,-1.449651014767942
mild,body_combined_lr,456,4,037,90,0,-1.0506897422662091
mild,body_combined_lr,456,4,045,49,1,-0.31238268569314953
mild,body_combined_lr,456,4,062,55,0,-1.7149134129741912
mild,body_combined_lr,456,4,064,88,0,-1.512088376464974
mild,body_combined_lr,456,4,065,41,1,1.0944087753927143
mild,body_combined_lr,456,4,066,90,1,-0.5228092721108302
mild,body_combined_lr,456,4,069,1,0,-0.9120942355356894
mild,body_combined_lr,456,4,076,4,1,0.5062604394317203
mild,body_combined_lr,456,4,089,20,1,2.0933575496941037
mild,body_combined_lr,456,4,098,4,1,1.0504026383957767
mild,body_combined_lr,456,4,104,19,0,-1.0409944183983246
mild,body_combined_lr,456,4,106,48,1,-1.0907339480520375
mild,body_combined_lr,456,4,112,94,0,-1.3826805811026808
mild,body_combined_lr,456,4,114,92,1,1.535007136442766
mild,body_combined_lr,456,4,115,41,1,-0.09589923902927577
mild,body_combined_lr,456,4,130,88,0,-1.7526223860799102
mild,body_combined_lr,456,4,131,54,1,0.27302056812576686
mild,body_combined_lr,456,4,137,19,0,-0.9410320276700828
mild,body_combined_lr,456,4,150,29,0,0.7882489332550258
mild,body_combined_lr,456,4,163,48,0,1.1902888546221064
mild,body_combined_lr,456,4,166,19,0,-0.7646691122431548
mild,body_combined_lr,456,4,168,4,1,0.1416840026834918
mild,body_combined_lr,456,4,174,1,0,-1.9328709350536555
mild,body_combined_lr,456,4,176,41,0,-0.6529153122798239
mild,body_combined_lr,456,4,195,94,0,-2.5549014216792774
mild,body_combined_lr,456,4,200,21,0,-1.4627996840975284
mild,body_combined_lr,456,4,210,20,1,1.427959384660905
mild,body_combined_lr,456,4,214,92,0,-0.33878750141096947
mild,body_combined_lr,456,4,220,88,0,-2.3727941802071677
mild,body_combined_lr,456,4,226,41,1,-0.6800620364907644
mild,body_combined_lr,456,4,238,54,1,-0.24338880309161756
mild,body_combined_lr,456,4,239,1,0,-1.1387588544159244
mild,body_combined_lr,456,4,241,29,0,-0.1003340838448096
mild,body_combined_lr,456,4,247,88,0,-1.2670748344205307
mild,body_combined_lr,456,4,259,62,1,0.8514838511396521
mild,body_combined_lr,456,4,260,60,0,-1.3911061804604539
mild,body_combined_lr,456,4,266,88,0,-2.621645863486725
mild,body_combined_lr,456,4,268,21,0,-1.025414706772702
mild,body_combined_lr,456,4,270,49,0,-0.19137395487211623
mild,body_combined_lr,789,0,006,49,1,1.4979422068623396
mild,body_combined_lr,789,0,007,90,1,0.6588590077795047
mild,body_combined_lr,789,0,026,86,1,2.0304082068720093
mild,body_combined_lr,789,0,035,83,1,-0.1438224468753301
mild,body_combined_lr,789,0,037,90,0,-0.41659727605358077
mild,body_combined_lr,789,0,039,40,0,-1.6756681663466355
mild,body_combined_lr,789,0,045,49,1,0.5242703390433163
mild,body_combined_lr,789,0,047,51,0,-0.9655217554854729
mild,body_combined_lr,789,0,050,51,0,0.6985125299210937
mild,body_combined_lr,789,0,058,50,0,0.6300377976741385
mild,body_combined_lr,789,0,066,90,1,0.1322469405420399
mild,body_combined_lr,789,0,077,86,1,2.039734897872583
mild,body_combined_lr,789,0,078,93,0,-1.3633160087332317
mild,body_combined_lr,789,0,080,25,0,0.014875090945131675
mild,body_combined_lr,789,0,081,40,0,-0.6699127693832128
mild,body_combined_lr,789,0,083,79,0,-0.35029730680785576
mild,body_combined_lr,789,0,087,51,0,-0.12183390375038264
mild,body_combined_lr,789,0,092,51,0,0.2548898634468187
mild,body_combined_lr,789,0,094,93,1,-0.3134657898865758
mild,body_combined_lr,789,0,095,86,1,1.51443799507617
mild,body_combined_lr,789,0,097,2,1,0.5611438862972877
mild,body_combined_lr,789,0,108,61,0,-1.7050208510266058
mild,body_combined_lr,789,0,112,94,0,-1.4466871680295452
mild,body_combined_lr,789,0,119,40,0,-1.4328036216162685
mild,body_combined_lr,789,0,133,51,0,0.31328738900482717
mild,body_combined_lr,789,0,149,40,0,0.4804545456490182
mild,body_combined_lr,789,0,150,29,0,0.43902857535636347
mild,body_combined_lr,789,0,153,83,1,0.45904750197899996
mild,body_combined_lr,789,0,155,68,1,1.8741328819705951
mild,body_combined_lr,789,0,160,51,0,0.2629972565898527
mild,body_combined_lr,789,0,161,79,1,0.9268098804332403
mild,body_combined_lr,789,0,182,79,1,0.6973603770254884
mild,body_combined_lr,789,0,184,68,0,0.8553395082607054
mild,body_combined_lr,789,0,186,51,0,-0.8672487043319397
mild,body_combined_lr,789,0,195,94,0,-2.753497247018297
mild,body_combined_lr,789,0,198,93,0,-1.1855579616440828
mild,body_combined_lr,789,0,201,66,1,-1.0887715631248664
mild,body_combined_lr,789,0,208,79,1,1.5125024132299254
mild,body_combined_lr,789,0,212,12,0,-1.1310336893493995
mild,body_combined_lr,789,0,215,50,0,-2.050932719537825
mild,body_combined_lr,789,0,229,51,0,-0.4339983992658263
mild,body_combined_lr,789,0,241,29,0,-0.28629325749464885
mild,body_combined_lr,789,0,246,50,0,-0.5358632002636974
mild,body_combined_lr,789,0,254,86,1,1.6450188052210128
mild,body_combined_lr,789,0,257,83,1,1.0324247950122705
mild,body_combined_lr,789,0,267,98,1,-0.7874194699783912
mild,body_combined_lr,789,0,270,49,0,0.2931455755777948
mild,body_combined_lr,789,1,003,1,0,-1.3295052981419961
mild,body_combined_lr,789,1,005,65,0,-1.0944451996921698
mild,body_combined_lr,789,1,013,92,0,-0.7684213580567545
mild,body_combined_lr,789,1,016,84,1,1.036620712286496
mild,body_combined_lr,789,1,030,57,1,-2.447674110703512
mild,body_combined_lr,789,1,048,67,0,-0.5773342710088147
mild,body_combined_lr,789,1,055,15,1,-1.702388177787033
mild,body_combined_lr,789,1,061,24,1,1.910927117962974
mild,body_combined_lr,789,1,068,22,1,2.232885949528265
mild,body_combined_lr,789,1,069,1,0,-1.1810861103006551
mild,body_combined_lr,789,1,085,18,0,-2.121305494956332
mild,body_combined_lr,789,1,086,18,0,-2.8488889756175704
mild,body_combined_lr,789,1,103,6,0,-3.2151899877127295
mild,body_combined_lr,789,1,106,48,1,-1.1298446066747878
mild,body_combined_lr,789,1,110,22,1,1.8205169243672636
mild,body_combined_lr,789,1,114,92,1,1.4985589426823553
mild,body_combined_lr,789,1,121,74,1,1.4677889979266583
mild,body_combined_lr,789,1,140,84,1,-1.3001503396003358
mild,body_combined_lr,789,1,156,5,0,-0.6422142684017237
mild,body_combined_lr,789,1,158,74,1,1.9386994193079938
mild,body_combined_lr,789,1,163,48,0,1.2454772745131426
mild,body_combined_lr,789,1,164,53,0,-2.5111187175770433
mild,body_combined_lr,789,1,167,22,1,0.390928961978682
mild,body_combined_lr,789,1,170,53,0,-2.65566597599601
mild,body_combined_lr,789,1,172,18,0,-2.71018155514011
mild,body_combined_lr,789,1,174,1,0,-2.300343463507751
mild,body_combined_lr,789,1,175,74,1,2.477499937132507
mild,body_combined_lr,789,1,180,73,1,1.6908292593278675
mild,body_combined_lr,789,1,181,6,0,-2.790971657770697
mild,body_combined_lr,789,1,189,22,1,-0.13983146170290545
mild,body_combined_lr,789,1,193,56,1,1.0768766304510198
mild,body_combined_lr,789,1,194,5,0,-1.1302802184317273
mild,body_combined_lr,789,1,196,67,0,-3.4400665093885645
mild,body_combined_lr,789,1,200,21,0,-1.361346371051538
mild,body_combined_lr,789,1,204,27,0,-1.4484042027922492
mild,body_combined_lr,789,1,214,92,0,-0.7417757728663179
mild,body_combined_lr,789,1,219,73,1,2.276940839561795
mild,body_combined_lr,789,1,225,67,0,-2.922415220142911
mild,body_combined_lr,789,1,231,11,0,-1.002024178657375
mild,body_combined_lr,789,1,237,18,0,-1.7485067947514268
mild,body_combined_lr,789,1,239,1,0,-1.2016729463927538
mild,body_combined_lr,789,1,252,18,0,-0.6997523039267457
mild,body_combined_lr,789,1,256,10,1,2.062993315614623
mild,body_combined_lr,789,1,262,14,0,0.07049936536003826
mild,body_combined_lr,789,1,265,18,0,-1.5906338116129195
mild,body_combined_lr,789,1,268,21,0,-1.070471371272995
mild,body_combined_lr,789,1,272,33,1,0.7028687359308751
mild,body_combined_lr,789,2,014,39,1,-0.13722694201579455
mild,body_combined_lr,789,2,015,75,1,-1.2676167541227403
mild,body_combined_lr,789,2,017,8,0,-1.1355371458230528
mild,body_combined_lr,789,2,019,82,0,-4.663835003616327
mild,body_combined_lr,789,2,021,70,0,0.622497561067789
mild,body_combined_lr,789,2,034,91,1,1.4029565995249786
mild,body_combined_lr,789,2,036,77,0,-0.6166293800404272
mild,body_combined_lr,789,2,040,8,0,-0.678388939018169
mild,body_combined_lr,789,2,041,26,1,-0.4085961549117493
mild,body_combined_lr,789,2,042,23,0,1.1108973076912714
mild,body_combined_lr,789,2,046,70,1,0.9344591735312076
mild,body_combined_lr,789,2,052,8,0,0.07666121596578218
mild,body_combined_lr,789,2,057,69,1,2.3830805709742244
mild,body_combined_lr,789,2,064,88,0,-1.83661678998487
mild,body_combined_lr,789,2,070,75,1,0.050597960771318784
mild,body_combined_lr,789,2,071,23,1,3.1826204980567776
mild,body_combined_lr,789,2,072,70,1,0.378198874689656
mild,body_combined_lr,789,2,088,82,0,-1.1623167772121896
mild,body_combined_lr,789,2,090,69,0,1.65985212689161
mild,body_combined_lr,789,2,102,76,1,5.501229278280448
mild,body_combined_lr,789,2,111,77,0,-0.41283812187192875
mild,body_combined_lr,789,2,118,91,1,1.5045776371279096
mild,body_combined_lr,789,2,120,52,0,-4.021746040905903
mild,body_combined_lr,789,2,122,71,0,-1.5413244457893724
mild,body_combined_lr,789,2,126,82,0,-2.882413940689297
mild,body_combined_lr,789,2,127,75,1,1.2818176010224185
mild,body_combined_lr,789,2,129,69,1,1.8831875553944364
mild,body_combined_lr,789,2,130,88,0,-2.5459012844374436
mild,body_combined_lr,789,2,134,69,1,1.2208157491543135
mild,body_combined_lr,789,2,136,39,0,2.752517196759822
mild,body_combined_lr,789,2,138,75,1,0.5471767891725401
mild,body_combined_lr,789,2,152,58,1,1.8876984244914239
mild,body_combined_lr,789,2,157,77,0,-2.74755983673111
mild,body_combined_lr,789,2,159,52,0,-2.9492998865709597
mild,body_combined_lr,789,2,162,23,0,0.9256790508113877
mild,body_combined_lr,789,2,165,30,0,-3.021310206165068
mild,body_combined_lr,789,2,169,39,1,0.766665197779633
mild,body_combined_lr,789,2,178,76,1,3.619439207518466
mild,body_combined_lr,789,2,185,71,0,-1.0441376174419963
mild,body_combined_lr,789,2,199,82,0,-6.226205352118158
mild,body_combined_lr,789,2,202,46,0,-0.8900322020108795
mild,body_combined_lr,789,2,203,77,1,0.9588136973765871
mild,body_combined_lr,789,2,220,88,0,-2.676135876797716
mild,body_combined_lr,789,2,222,52,0,-3.389428316823634
mild,body_combined_lr,789,2,234,39,0,1.578793883421189
mild,body_combined_lr,789,2,244,75,1,2.095055566646925
mild,body_combined_lr,789,2,247,88,0,-1.319251094846442
mild,body_combined_lr,789,2,255,97,0,0.6472808774691394
mild,body_combined_lr,789,2,266,88,0,-2.755531833028376
mild,body_combined_lr,789,3,001,87,0,-0.7248214615560629
mild,body_combined_lr,789,3,002,78,0,-0.14915664433884626
mild,body_combined_lr,789,3,008,28,0,0.49782743487305475
mild,body_combined_lr,789,3,010,72,0,-0.3656310233453553
mild,body_combined_lr,789,3,022,34,1,0.4353317535879179
mild,body_combined_lr,789,3,024,89,0,0.11558649780239844
mild,body_combined_lr,789,3,028,55,0,-4.15756872227471
mild,body_combined_lr,789,3,038,43,1,-0.2896722174008386
mild,body_combined_lr,789,3,049,87,0,-0.9094572467855035
mild,body_combined_lr,789,3,051,28,0,-4.957007755823983
mild,body_combined_lr,789,3,053,78,0,0.7960749436576702
mild,body_combined_lr,789,3,054,16,1,0.4115313362804945
mild,body_combined_lr,789,3,062,55,0,-2.424474714541265
mild,body_combined_lr,789,3,067,34,1,0.525477261124963
mild,body_combined_lr,789,3,073,13,1,1.8978138730028198
mild,body_combined_lr,789,3,076,4,1,0.29298941026872344
mild,body_combined_lr,789,3,079,43,1,0.056784375557724254
mild,body_combined_lr,789,3,091,96,1,0.5764674701498973
mild,body_combined_lr,789,3,098,4,1,1.3243572754405328
mild,body_combined_lr,789,3,100,72,1,-0.2594031387299845
mild,body_combined_lr,789,3,113,78,0,0.7723400560164129
mild,body_combined_lr,789,3,117,7,0,-2.8062138343370235
mild,body_combined_lr,789,3,128,96,1,3.3909918386330973
mild,body_combined_lr,789,3,131,54,1,0.08193786915666329
mild,body_combined_lr,789,3,135,64,1,3.70301688991473
mild,body_combined_lr,789,3,139,89,0,-0.33085797611611
mild,body_combined_lr,789,3,143,28,0,-0.6991052503840749
mild,body_combined_lr,789,3,146,78,0,0.610391602188896
mild,body_combined_lr,789,3,147,72,0,0.7808371757529735
mild,body_combined_lr,789,3,148,7,0,-3.155211044314088
mild,body_combined_lr,789,3,168,4,1,-0.03664962861344928
mild,body_combined_lr,789,3,173,89,0,0.17521280659850424
mild,body_combined_lr,789,3,177,32,0,0.7442038965763214
mild,body_combined_lr,789,3,179,37,0,0.8384878073505904
mild,body_combined_lr,789,3,191,87,0,-2.199569114953744
mild,body_combined_lr,789,3,209,64,0,0.7292092563261536
mild,body_combined_lr,789,3,211,87,0,-2.343468160445235
mild,body_combined_lr,789,3,221,72,1,-0.847511288879883
mild,body_combined_lr,789,3,227,78,0,-0.7965553066925255
mild,body_combined_lr,789,3,228,43,1,0.5605177784098789
mild,body_combined_lr,789,3,230,34,0,-0.3544624717700003
mild,body_combined_lr,789,3,233,37,1,1.6337981683822747
mild,body_combined_lr,789,3,235,89,0,1.2566705769882578
mild,body_combined_lr,789,3,238,54,1,-0.16509927846815362
mild,body_combined_lr,789,3,240,72,0,-0.8285630350179198
mild,body_combined_lr,789,3,259,62,1,1.205950021244182
mild,body_combined_lr,789,3,260,60,0,-1.4779730900444843
mild,body_combined_lr,789,3,264,31,0,-0.07992872472364643
mild,body_combined_lr,789,4,004,45,1,0.7603550437094655
mild,body_combined_lr,789,4,020,20,1,1.2694125783162133
mild,body_combined_lr,789,4,023,44,0,-0.6720323067252094
mild,body_combined_lr,789,4,027,85,1,-0.2427182482124538
mild,body_combined_lr,789,4,029,35,0,-0.15896910266690958
mild,body_combined_lr,789,4,031,38,1,-1.2099620911381972
mild,body_combined_lr,789,4,032,19,0,-1.4267139685832595
mild,body_combined_lr,789,4,060,44,0,-0.24087390726228422
mild,body_combined_lr,789,4,065,41,1,1.1360766888151759
mild,body_combined_lr,789,4,075,38,1,-1.9117990461514371
mild,body_combined_lr,789,4,089,20,1,2.099882601909144
mild,body_combined_lr,789,4,096,17,0,-1.7620789786435465
mild,body_combined_lr,789,4,101,36,0,-1.5087712657582553
mild,body_combined_lr,789,4,104,19,0,-0.5286234810242808
mild,body_combined_lr,789,4,107,35,0,-0.5003670352443944
mild,body_combined_lr,789,4,115,41,1,0.2529865811264965
mild,body_combined_lr,789,4,116,85,0,0.33780568593925786
mild,body_combined_lr,789,4,125,42,0,-2.4048339923571866
mild,body_combined_lr,789,4,132,38,0,-1.2848617832066918
mild,body_combined_lr,789,4,137,19,0,-0.9727270957316637
mild,body_combined_lr,789,4,142,44,0,-1.1281495824105003
mild,body_combined_lr,789,4,144,63,1,0.945759814715109
mild,body_combined_lr,789,4,145,36,0,-1.2807930505780893
mild,body_combined_lr,789,4,151,85,1,0.33609409028921355
mild,body_combined_lr,789,4,154,45,0,-0.28500615000493357
mild,body_combined_lr,789,4,166,19,0,-0.6310753136837974
mild,body_combined_lr,789,4,171,42,0,-1.9143797809390262
mild,body_combined_lr,789,4,176,41,0,-0.6630699983494055
mild,body_combined_lr,789,4,187,17,0,-0.5108122940098666
mild,body_combined_lr,789,4,188,85,0,-0.7794591282261614
mild,body_combined_lr,789,4,190,44,0,-0.7801213534584738
mild,body_combined_lr,789,4,192,38,0,-1.9946325255209452
mild,body_combined_lr,789,4,197,35,0,-1.1978753405581957
mild,body_combined_lr,789,4,205,95,0,-1.3671606240537626
mild,body_combined_lr,789,4,206,42,0,-2.186704263091989
mild,body_combined_lr,789,4,210,20,1,1.2124866469235585
mild,body_combined_lr,789,4,213,44,1,1.172821276294583
mild,body_combined_lr,789,4,216,36,1,0.30235311170027823
mild,body_combined_lr,789,4,223,38,0,-1.7774071525212773
mild,body_combined_lr,789,4,226,41,1,-0.5791503375879717
mild,body_combined_lr,789,4,236,44,0,0.761601438479292
mild,body_combined_lr,789,4,243,85,1,0.7910251713006358
mild,body_combined_lr,789,4,248,36,1,0.6655442380510682
mild,body_combined_lr,789,4,249,17,1,1.6124859508474165
mild,body_combined_lr,789,4,251,38,0,-0.18133758177600412
mild,body_combined_lr,789,4,253,45,1,-0.03271410288642246
mild,body_combined_lr,789,4,258,85,1,0.1120382493178414
mild,body_combined_lr,789,4,269,44,0,0.1810711891815336
mild,body_combined_lr,2024,0,004,45,1,1.175577016327631
mild,body_combined_lr,2024,0,010,72,0,-0.5149576655769076
mild,body_combined_lr,2024,0,017,8,0,-0.47147829570241706
mild,body_combined_lr,2024,0,024,89,0,0.20901640485461548
mild,body_combined_lr,2024,0,027,85,1,-0.01866895362180701
mild,body_combined_lr,2024,0,035,83,1,0.3503499481341189
mild,body_combined_lr,2024,0,040,8,0,0.21940553518439626
mild,body_combined_lr,2024,0,047,51,0,-0.9452765698304597
mild,body_combined_lr,2024,0,050,51,0,0.8460026486419052
mild,body_combined_lr,2024,0,052,8,0,0.6048392039093201
mild,body_combined_lr,2024,0,087,51,0,-0.18529136042675354
mild,body_combined_lr,2024,0,092,51,0,0.1363426491300352
mild,body_combined_lr,2024,0,100,72,1,-0.10987336747381254
mild,body_combined_lr,2024,0,103,6,0,-2.874820987390059
mild,body_combined_lr,2024,0,108,61,0,-1.5445015637122408
mild,body_combined_lr,2024,0,116,85,0,0.4025310409028804
mild,body_combined_lr,2024,0,117,7,0,-2.994377779690603
mild,body_combined_lr,2024,0,121,74,1,1.6488402638537916
mild,body_combined_lr,2024,0,133,51,0,0.5979838626347996
mild,body_combined_lr,2024,0,139,89,0,-0.03328526280752367
mild,body_combined_lr,2024,0,144,63,1,1.4506354676058104
mild,body_combined_lr,2024,0,147,72,0,1.4867102351216637
mild,body_combined_lr,2024,0,148,7,0,-3.2596172519152296
mild,body_combined_lr,2024,0,151,85,1,0.8598153326733662
mild,body_combined_lr,2024,0,153,83,1,0.6346605013121672
mild,body_combined_lr,2024,0,154,45,0,-0.12205604967663103
mild,body_combined_lr,2024,0,158,74,1,2.131264751704811
mild,body_combined_lr,2024,0,160,51,0,0.2280224116359173
mild,body_combined_lr,2024,0,165,30,0,-3.6409090164101494
mild,body_combined_lr,2024,0,173,89,0,0.10374296118351789
mild,body_combined_lr,2024,0,175,74,1,2.685898120957246
mild,body_combined_lr,2024,0,180,73,1,1.497910322040448
mild,body_combined_lr,2024,0,181,6,0,-2.235642927577618
mild,body_combined_lr,2024,0,186,51,0,-0.8988221873518751
mild,body_combined_lr,2024,0,188,85,0,-0.8096454913152895
mild,body_combined_lr,2024,0,193,56,1,1.25287685291529
mild,body_combined_lr,2024,0,205,95,0,-1.2403870417970446
mild,body_combined_lr,2024,0,219,73,1,2.028872387482373
mild,body_combined_lr,2024,0,221,72,1,-0.1777178784845531
mild,body_combined_lr,2024,0,229,51,0,-0.7278204778304413
mild,body_combined_lr,2024,0,235,89,0,1.4082084568973179
mild,body_combined_lr,2024,0,240,72,0,0.1094308258152773
mild,body_combined_lr,2024,0,243,85,1,0.9980410504202932
mild,body_combined_lr,2024,0,253,45,1,0.11035721620752581
mild,body_combined_lr,2024,0,257,83,1,1.3968338797704094
mild,body_combined_lr,2024,0,258,85,1,0.18898006424934904
mild,body_combined_lr,2024,0,262,14,0,0.3187593062338202
mild,body_combined_lr,2024,1,016,84,1,0.6235173512785754
mild,body_combined_lr,2024,1,026,86,1,2.5610068111666897
mild,body_combined_lr,2024,1,031,38,1,-1.0476600363009823
mild,body_combined_lr,2024,1,032,19,0,-1.8167977442486598
mild,body_combined_lr,2024,1,041,26,1,-1.052477208128676
mild,body_combined_lr,2024,1,048,67,0,-0.5772295757395663
mild,body_combined_lr,2024,1,055,15,1,-1.8037433880813456
mild,body_combined_lr,2024,1,065,41,1,0.4531453942023655
mild,body_combined_lr,2024,1,075,38,1,-2.3164150172448053
mild,body_combined_lr,2024,1,077,86,1,2.297488190316076
mild,body_combined_lr,2024,1,078,93,0,-2.0768599485205774
mild,body_combined_lr,2024,1,085,18,0,-2.1779510347342503
mild,body_combined_lr,2024,1,086,18,0,-3.865302283967501
mild,body_combined_lr,2024,1,094,93,1,-0.8586363873343039
mild,body_combined_lr,2024,1,095,86,1,1.3846209474473545
mild,body_combined_lr,2024,1,104,19,0,-1.2742183850404674
mild,body_combined_lr,2024,1,106,48,1,-0.8722401800007651
mild,body_combined_lr,2024,1,115,41,1,-0.45391547441568114
mild,body_combined_lr,2024,1,120,52,0,-4.574151627416668
mild,body_combined_lr,2024,1,132,38,0,-0.9418900530101642
mild,body_combined_lr,2024,1,137,19,0,-1.5824460097767696
mild,body_combined_lr,2024,1,140,84,1,-1.2027264037048648
mild,body_combined_lr,2024,1,152,58,1,1.6474969133245179
mild,body_combined_lr,2024,1,155,68,1,1.752225711787959
mild,body_combined_lr,2024,1,159,52,0,-3.125459438330002
mild,body_combined_lr,2024,1,163,48,0,1.7387992195302684
mild,body_combined_lr,2024,1,164,53,0,-2.6894640794809943
mild,body_combined_lr,2024,1,166,19,0,-0.7207745187188137
mild,body_combined_lr,2024,1,170,53,0,-2.6655479001154934
mild,body_combined_lr,2024,1,172,18,0,-2.904579818084294
mild,body_combined_lr,2024,1,176,41,0,-1.159140631673035
mild,body_combined_lr,2024,1,184,68,0,0.4772370689429885
mild,body_combined_lr,2024,1,192,38,0,-1.9720113758555358
mild,body_combined_lr,2024,1,196,67,0,-3.029164546025889
mild,body_combined_lr,2024,1,198,93,0,-1.5785584880344066
mild,body_combined_lr,2024,1,201,66,1,-1.174378691349955
mild,body_combined_lr,2024,1,222,52,0,-3.7320433036037963
mild,body_combined_lr,2024,1,223,38,0,-0.962714228065424
mild,body_combined_lr,2024,1,225,67,0,-2.6063269424468927
mild,body_combined_lr,2024,1,226,41,1,-1.244372565593223
mild,body_combined_lr,2024,1,237,18,0,-1.685902236859421
mild,body_combined_lr,2024,1,251,38,0,-0.19947247207908048
mild,body_combined_lr,2024,1,252,18,0,-0.9706734640110868
mild,body_combined_lr,2024,1,254,86,1,1.9160861454525877
mild,body_combined_lr,2024,1,256,10,1,1.6234383657686131
mild,body_combined_lr,2024,1,260,60,0,-1.359947417449867
mild,body_combined_lr,2024,1,265,18,0,-1.8067029913422974
mild,body_combined_lr,2024,2,005,65,0,-0.9496865757217463
mild,body_combined_lr,2024,2,006,49,1,1.177059065273826
mild,body_combined_lr,2024,2,007,90,1,0.22741343484641235
mild,body_combined_lr,2024,2,015,75,1,-1.0380050588439544
mild,body_combined_lr,2024,2,023,44,0,-0.7946417377853754
mild,body_combined_lr,2024,2,029,35,0,-0.34701035921557205
mild,body_combined_lr,2024,2,034,91,1,1.1737154751041463
mild,body_combined_lr,2024,2,037,90,0,-0.9531489568412843
mild,body_combined_lr,2024,2,039,40,0,-1.7767528015069103
mild,body_combined_lr,2024,2,045,49,1,0.18576673788419545
mild,body_combined_lr,2024,2,057,69,1,1.9211353251449985
mild,body_combined_lr,2024,2,058,50,0,0.0688144978477086
mild,body_combined_lr,2024,2,060,44,0,0.09259119500391505
mild,body_combined_lr,2024,2,066,90,1,-0.33132796998428415
mild,body_combined_lr,2024,2,070,75,1,0.25524593355499475
mild,body_combined_lr,2024,2,081,40,0,-0.6443727011117899
mild,body_combined_lr,2024,2,090,69,0,1.298279541819331
mild,body_combined_lr,2024,2,102,76,1,4.706105382837907
mild,body_combined_lr,2024,2,107,35,0,-0.6314891265191516
mild,body_combined_lr,2024,2,118,91,1,1.399255032923794
mild,body_combined_lr,2024,2,119,40,0,-1.4219784540016287
mild,body_combined_lr,2024,2,127,75,1,1.3689579036155066
mild,body_combined_lr,2024,2,129,69,1,1.6846859828761485
mild,body_combined_lr,2024,2,134,69,1,1.052076520330136
mild,body_combined_lr,2024,2,138,75,1,0.48573702114123257
mild,body_combined_lr,2024,2,142,44,0,-0.8226047464703032
mild,body_combined_lr,2024,2,149,40,0,0.40738839505658103
mild,body_combined_lr,2024,2,150,29,0,0.5194335099024914
mild,body_combined_lr,2024,2,156,5,0,-0.20840964006349727
mild,body_combined_lr,2024,2,178,76,1,3.0645209132614344
mild,body_combined_lr,2024,2,179,37,0,0.5704379881258774
mild,body_combined_lr,2024,2,190,44,0,-0.5943912419766244
mild,body_combined_lr,2024,2,194,5,0,-1.5425994438801727
mild,body_combined_lr,2024,2,197,35,0,-0.9887380280219833
mild,body_combined_lr,2024,2,202,46,0,-0.8661045562080019
mild,body_combined_lr,2024,2,204,27,0,-1.9304851068331434
mild,body_combined_lr,2024,2,213,44,1,1.473749528853695
mild,body_combined_lr,2024,2,215,50,0,-2.214581882640274
mild,body_combined_lr,2024,2,231,11,0,-0.6010103497001582
mild,body_combined_lr,2024,2,233,37,1,1.330668689561721
mild,body_combined_lr,2024,2,236,44,0,0.7376819583254741
mild,body_combined_lr,2024,2,241,29,0,-0.4162103273601736
mild,body_combined_lr,2024,2,244,75,1,2.0684851803943833
mild,body_combined_lr,2024,2,246,50,0,-0.5935597859846031
mild,body_combined_lr,2024,2,267,98,1,-0.7136736026690671
mild,body_combined_lr,2024,2,269,44,0,0.13859898697554907
mild,body_combined_lr,2024,2,270,49,0,0.11499274285067806
mild,body_combined_lr,2024,3,002,78,0,-0.2925863879099256
mild,body_combined_lr,2024,3,008,28,0,0.31772952771887086
mild,body_combined_lr,2024,3,013,92,0,-1.036205360324343
mild,body_combined_lr,2024,3,014,39,1,-0.21567793679350977
mild,body_combined_lr,2024,3,019,82,0,-4.765450949330541
mild,body_combined_lr,2024,3,038,43,1,-0.5921534749189279
mild,body_combined_lr,2024,3,042,23,0,0.9423705753641105
mild,body_combined_lr,2024,3,051,28,0,-4.575202009903993
mild,body_combined_lr,2024,3,053,78,0,0.9215301178380157
mild,body_combined_lr,2024,3,054,16,1,0.3237465689242742
mild,body_combined_lr,2024,3,068,22,1,2.503577370411041
mild,body_combined_lr,2024,3,071,23,1,3.5680279359939604
mild,body_combined_lr,2024,3,073,13,1,1.7754563683074749
mild,body_combined_lr,2024,3,079,43,1,0.13262422608387547
mild,body_combined_lr,2024,3,088,82,0,-0.9555090542391003
mild,body_combined_lr,2024,3,091,96,1,0.343913805170616
mild,body_combined_lr,2024,3,096,17,0,-1.7021811255525918
mild,body_combined_lr,2024,3,097,2,1,1.0406680769210896
mild,body_combined_lr,2024,3,110,22,1,1.5662080730449481
mild,body_combined_lr,2024,3,112,94,0,-2.260251948229031
mild,body_combined_lr,2024,3,113,78,0,0.6669321743141401
mild,body_combined_lr,2024,3,114,92,1,1.3342557980581105
mild,body_combined_lr,2024,3,125,42,0,-2.6273756996326294
mild,body_combined_lr,2024,3,126,82,0,-2.7906916312964634
mild,body_combined_lr,2024,3,128,96,1,3.414082743684048
mild,body_combined_lr,2024,3,131,54,1,0.5441333007381617
mild,body_combined_lr,2024,3,136,39,0,2.532067053771346
mild,body_combined_lr,2024,3,143,28,0,-0.6447535363960034
mild,body_combined_lr,2024,3,146,78,0,0.5848845483169091
mild,body_combined_lr,2024,3,162,23,0,1.554895311206116
mild,body_combined_lr,2024,3,167,22,1,0.36119236006849553
mild,body_combined_lr,2024,3,169,39,1,0.8935843758116906
mild,body_combined_lr,2024,3,171,42,0,-1.7639853750955226
mild,body_combined_lr,2024,3,177,32,0,0.5849233329063421
mild,body_combined_lr,2024,3,187,17,0,-0.6387052530189662
mild,body_combined_lr,2024,3,189,22,1,-0.01508164040505841
mild,body_combined_lr,2024,3,195,94,0,-3.031775262816782
mild,body_combined_lr,2024,3,199,82,0,-7.011562781261496
mild,body_combined_lr,2024,3,200,21,0,-1.1436869290031713
mild,body_combined_lr,2024,3,206,42,0,-2.0245285180930335
mild,body_combined_lr,2024,3,214,92,0,-0.7482520607916391
mild,body_combined_lr,2024,3,227,78,0,-0.4930164828585483
mild,body_combined_lr,2024,3,228,43,1,0.5596356234488832
mild,body_combined_lr,2024,3,234,39,0,1.1066883447688112
mild,body_combined_lr,2024,3,238,54,1,-0.10951070359778312
mild,body_combined_lr,2024,3,249,17,1,2.594829636517439
mild,body_combined_lr,2024,3,264,31,0,0.0798827541956017
mild,body_combined_lr,2024,3,268,21,0,-0.5888047691439717
mild,body_combined_lr,2024,3,272,33,1,0.9569975376271607
mild,body_combined_lr,2024,4,001,87,0,-0.8930829457766771
mild,body_combined_lr,2024,4,003,1,0,-0.9392764463625272
mild,body_combined_lr,2024,4,020,20,1,0.9675692587542633
mild,body_combined_lr,2024,4,021,70,0,0.3899895794723042
mild,body_combined_lr,2024,4,022,34,1,0.26989825269799833
mild,body_combined_lr,2024,4,028,55,0,-3.851085615032433
mild,body_combined_lr,2024,4,030,57,1,-2.3218362492176876
mild,body_combined_lr,2024,4,036,77,0,-0.2030546615402744
mild,body_combined_lr,2024,4,046,70,1,0.6814394108700705
mild,body_combined_lr,2024,4,049,87,0,-1.3405372488055667
mild,body_combined_lr,2024,4,061,24,1,1.5045872057328022
mild,body_combined_lr,2024,4,062,55,0,-2.4343421688459776
mild,body_combined_lr,2024,4,064,88,0,-2.066602211046555
mild,body_combined_lr,2024,4,067,34,1,0.24883041306196219
mild,body_combined_lr,2024,4,069,1,0,-1.2426874161071884
mild,body_combined_lr,2024,4,072,70,1,0.12334008045282396
mild,body_combined_lr,2024,4,076,4,1,0.4854353242882013
mild,body_combined_lr,2024,4,080,25,0,-0.15349562951429074
mild,body_combined_lr,2024,4,083,79,0,-0.7010560002080699
mild,body_combined_lr,2024,4,089,20,1,2.08235102434619
mild,body_combined_lr,2024,4,098,4,1,0.8063348897222549
mild,body_combined_lr,2024,4,101,36,0,-1.8090430205198025
mild,body_combined_lr,2024,4,111,77,0,0.026481293629645797
mild,body_combined_lr,2024,4,122,71,0,-2.0171809611831244
mild,body_combined_lr,2024,4,130,88,0,-2.1449486909379387
mild,body_combined_lr,2024,4,135,64,1,3.4689088468338145
mild,body_combined_lr,2024,4,145,36,0,-1.4103118707278126
mild,body_combined_lr,2024,4,157,77,0,-2.1505650650089776
mild,body_combined_lr,2024,4,161,79,1,-0.1776968293206999
mild,body_combined_lr,2024,4,168,4,1,0.2614993633647145
mild,body_combined_lr,2024,4,174,1,0,-2.292829651861188
mild,body_combined_lr,2024,4,182,79,1,0.18867178773223936
mild,body_combined_lr,2024,4,185,71,0,-1.882178527314731
mild,body_combined_lr,2024,4,191,87,0,-2.3746774054087125
mild,body_combined_lr,2024,4,203,77,1,0.9470615866399434
mild,body_combined_lr,2024,4,208,79,1,0.9580659693609639
mild,body_combined_lr,2024,4,209,64,0,0.6838324653676435
mild,body_combined_lr,2024,4,210,20,1,1.180174498621058
mild,body_combined_lr,2024,4,211,87,0,-2.264240638024489
mild,body_combined_lr,2024,4,212,12,0,-0.9861880040035877
mild,body_combined_lr,2024,4,216,36,1,0.11401172499744516
mild,body_combined_lr,2024,4,220,88,0,-2.3328266771026316
mild,body_combined_lr,2024,4,230,34,0,0.1633744309181121
mild,body_combined_lr,2024,4,239,1,0,-1.1785212261614764
mild,body_combined_lr,2024,4,247,88,0,-1.319983547182424
mild,body_combined_lr,2024,4,248,36,1,0.4698802003433425
mild,body_combined_lr,2024,4,255,97,0,0.9031442268353507
mild,body_combined_lr,2024,4,259,62,1,0.6104910671509134
mild,body_combined_lr,2024,4,266,88,0,-2.1887262021938865
mild,body_combined_rf,42,0,004,45,1,0.14923942188415873
mild,body_combined_rf,42,0,005,65,0,-0.16785723562929422
mild,body_combined_rf,42,0,013,92,0,-0.302734062978645
mild,body_combined_rf,42,0,017,8,0,-0.1398087810738738
mild,body_combined_rf,42,0,019,82,0,-0.3776480926480926
mild,body_combined_rf,42,0,020,20,1,0.17239431810020056
mild,body_combined_rf,42,0,022,34,1,0.04588423988578816
mild,body_combined_rf,42,0,035,83,1,0.07029875679875652
mild,body_combined_rf,42,0,040,8,0,-0.03983057471137974
mild,body_combined_rf,42,0,047,51,0,-0.2822080278682446
mild,body_combined_rf,42,0,050,51,0,0.11089394619541693
mild,body_combined_rf,42,0,052,8,0,-0.020085705416587885
mild,body_combined_rf,42,0,061,24,1,0.39869491945962565
mild,body_combined_rf,42,0,067,34,1,0.0732508560411037
mild,body_combined_rf,42,0,087,51,0,-0.11196897171742376
mild,body_combined_rf,42,0,088,82,0,-0.11446863213039687
mild,body_combined_rf,42,0,089,20,1,0.3536908407496647
mild,body_combined_rf,42,0,091,96,1,0.07818345080845057
mild,body_combined_rf,42,0,092,51,0,0.008869249902144771
mild,body_combined_rf,42,0,101,36,0,-0.3186295580637686
mild,body_combined_rf,42,0,102,76,1,0.34035721685721687
mild,body_combined_rf,42,0,103,6,0,-0.4248170995670996
mild,body_combined_rf,42,0,114,92,1,0.3150951363451362
mild,body_combined_rf,42,0,126,82,0,-0.3552585313579895
mild,body_combined_rf,42,0,128,96,1,0.3837826987826992
mild,body_combined_rf,42,0,133,51,0,0.11235829129017982
mild,body_combined_rf,42,0,145,36,0,-0.29165134402634396
mild,body_combined_rf,42,0,153,83,1,0.10082834213716585
mild,body_combined_rf,42,0,154,45,0,-0.09012799346622885
mild,body_combined_rf,42,0,160,51,0,0.016251950262786363
mild,body_combined_rf,42,0,164,53,0,-0.29965663122280767
mild,body_combined_rf,42,0,170,53,0,-0.28490594128094127
mild,body_combined_rf,42,0,177,32,0,0.30430948599330976
mild,body_combined_rf,42,0,178,76,1,0.3258749537499539
mild,body_combined_rf,42,0,181,6,0,-0.38501425589660887
mild,body_combined_rf,42,0,186,51,0,-0.24728505773552212
mild,body_combined_rf,42,0,199,82,0,-0.41789615939615943
mild,body_combined_rf,42,0,200,21,0,-0.29489076439269934
mild,body_combined_rf,42,0,204,27,0,-0.25237551092698146
mild,body_combined_rf,42,0,210,20,1,0.24766364953129638
mild,body_combined_rf,42,0,214,92,0,-0.280091683099036
mild,body_combined_rf,42,0,216,36,1,0.11286975729235782
mild,body_combined_rf,42,0,229,51,0,-0.2604217600138652
mild,body_combined_rf,42,0,230,34,0,-0.10503177677442382
mild,body_combined_rf,42,0,248,36,1,0.18458797547768147
mild,body_combined_rf,42,0,253,45,1,-0.07485430718518948
mild,body_combined_rf,42,0,255,97,0,0.24366146449583026
mild,body_combined_rf,42,0,257,83,1,0.2360719373219372
mild,body_combined_rf,42,0,259,62,1,0.3246747234247236
mild,body_combined_rf,42,0,268,21,0,-0.26675022227228096
mild,body_combined_rf,42,1,016,84,1,0.24002817391634268
mild,body_combined_rf,42,1,030,57,1,-0.3410024885368808
mild,body_combined_rf,42,1,039,40,0,-0.27001165250433856
mild,body_combined_rf,42,1,042,23,0,0.12840260862402986
mild,body_combined_rf,42,1,068,22,1,0.24104010959841482
mild,body_combined_rf,42,1,071,23,1,0.37191097383553484
mild,body_combined_rf,42,1,073,13,1,0.3315875022991541
mild,body_combined_rf,42,1,076,4,1,0.08331528693802281
mild,body_combined_rf,42,1,081,40,0,-0.15170010889629226
mild,body_combined_rf,42,1,083,79,0,-0.0939833715227324
mild,body_combined_rf,42,1,085,18,0,-0.40407028972517556
mild,body_combined_rf,42,1,086,18,0,-0.3793511011716129
mild,body_combined_rf,42,1,096,17,0,-0.32802473616544603
mild,body_combined_rf,42,1,098,4,1,0.26989537951646403
mild,body_combined_rf,42,1,110,22,1,0.04666525611412353
mild,body_combined_rf,42,1,112,94,0,-0.23888522031237597
mild,body_combined_rf,42,1,119,40,0,-0.2787715043398916
mild,body_combined_rf,42,1,120,52,0,-0.3431436551952205
mild,body_combined_rf,42,1,122,71,0,-0.15965495957848697
mild,body_combined_rf,42,1,135,64,1,0.3929539758207996
mild,body_combined_rf,42,1,140,84,1,-0.06301645127516042
mild,body_combined_rf,42,1,149,40,0,0.016914519974001285
mild,body_combined_rf,42,1,152,58,1,0.26948402325495446
mild,body_combined_rf,42,1,156,5,0,-0.0735913535592011
mild,body_combined_rf,42,1,159,52,0,-0.24495367954219527
mild,body_combined_rf,42,1,161,79,1,0.21334277723409711
mild,body_combined_rf,42,1,162,23,0,0.14595325345078747
mild,body_combined_rf,42,1,165,30,0,-0.13492598999799338
mild,body_combined_rf,42,1,167,22,1,0.14833823529879864
mild,body_combined_rf,42,1,168,4,1,0.06577604614450372
mild,body_combined_rf,42,1,172,18,0,-0.4004889772078205
mild,body_combined_rf,42,1,182,79,1,0.06367254111372234
mild,body_combined_rf,42,1,185,71,0,-0.2604550831926661
mild,body_combined_rf,42,1,187,17,0,-0.15705658678783296
mild,body_combined_rf,42,1,189,22,1,-0.024819442108975687
mild,body_combined_rf,42,1,194,5,0,-0.2764205736553081
mild,body_combined_rf,42,1,195,94,0,-0.31759848622363307
mild,body_combined_rf,42,1,201,66,1,-0.15994889945146878
mild,body_combined_rf,42,1,208,79,1,0.2829468778288391
mild,body_combined_rf,42,1,209,64,0,0.012833307843633235
mild,body_combined_rf,42,1,212,12,0,-0.15560626334748345
mild,body_combined_rf,42,1,222,52,0,-0.3732323642609854
mild,body_combined_rf,42,1,231,11,0,-0.3230700566181808
mild,body_combined_rf,42,1,237,18,0,-0.30143272499767537
mild,body_combined_rf,42,1,249,17,1,0.23669851865539593
mild,body_combined_rf,42,1,252,18,0,-0.127444972634288
mild,body_combined_rf,42,1,265,18,0,-0.2590660492896988
mild,body_combined_rf,42,2,002,78,0,-0.11674985199985188
mild,body_combined_rf,42,2,003,1,0,-0.24312925881308228
mild,body_combined_rf,42,2,014,39,1,0.09808195754480564
mild,body_combined_rf,42,2,021,70,0,0.03677015849074683
mild,body_combined_rf,42,2,026,86,1,0.38867346596758356
mild,body_combined_rf,42,2,028,55,0,-0.4082581307581308
mild,body_combined_rf,42,2,041,26,1,-0.11935253961724529
mild,body_combined_rf,42,2,046,70,1,0.11151012386306514
mild,body_combined_rf,42,2,053,78,0,0.24320869770637588
mild,body_combined_rf,42,2,057,69,1,0.39084370694664816
mild,body_combined_rf,42,2,058,50,0,0.10487608253745961
mild,body_combined_rf,42,2,062,55,0,-0.3674367429955665
mild,body_combined_rf,42,2,065,41,1,0.19020291146761736
mild,body_combined_rf,42,2,069,1,0,-0.27245618894922297
mild,body_combined_rf,42,2,072,70,1,0.03313278361072469
mild,body_combined_rf,42,2,077,86,1,0.400541958041958
mild,body_combined_rf,42,2,080,25,0,-0.06470861600273359
mild,body_combined_rf,42,2,090,69,0,0.0660682895535839
mild,body_combined_rf,42,2,095,86,1,0.3025088938838938
mild,body_combined_rf,42,2,097,2,1,0.20834822122322127
mild,body_combined_rf,42,2,113,78,0,0.12160631960631951
mild,body_combined_rf,42,2,115,41,1,0.09028292214321654
mild,body_combined_rf,42,2,125,42,0,-0.4158855719443955
mild,body_combined_rf,42,2,129,69,1,0.2776064953564954
mild,body_combined_rf,42,2,134,69,1,0.11472418920948302
mild,body_combined_rf,42,2,136,39,0,0.31661840175075473
mild,body_combined_rf,42,2,146,78,0,0.15866056628556613
mild,body_combined_rf,42,2,150,29,0,0.017062160062160103
mild,body_combined_rf,42,2,169,39,1,0.25560745273245256
mild,body_combined_rf,42,2,171,42,0,-0.4097574647574648
mild,body_combined_rf,42,2,174,1,0,-0.35867587994793876
mild,body_combined_rf,42,2,176,41,0,-0.12228635326661635
mild,body_combined_rf,42,2,180,73,1,0.223600357703299
mild,body_combined_rf,42,2,205,95,0,-0.3749597115847116
mild,body_combined_rf,42,2,206,42,0,-0.3514039074960127
mild,body_combined_rf,42,2,215,50,0,-0.3416232344653396
mild,body_combined_rf,42,2,219,73,1,0.3836492720242719
mild,body_combined_rf,42,2,226,41,1,-0.16741736041736027
mild,body_combined_rf,42,2,227,78,0,-0.3044664113119995
mild,body_combined_rf,42,2,234,39,0,0.21910804882824997
mild,body_combined_rf,42,2,239,1,0,-0.1928437858437857
mild,body_combined_rf,42,2,241,29,0,-0.07169842615817845
mild,body_combined_rf,42,2,246,50,0,-0.2960634741075917
mild,body_combined_rf,42,2,254,86,1,0.3752945981893351
mild,body_combined_rf,42,2,260,60,0,-0.2550621468601344
mild,body_combined_rf,42,2,262,14,0,-0.12063707960998982
mild,body_combined_rf,42,2,267,98,1,-0.14865254263280597
mild,body_combined_rf,42,2,272,33,1,0.12719844726423646
mild,body_combined_rf,42,3,001,87,0,-0.228787037037037
mild,body_combined_rf,42,3,008,28,0,0.15472222222222232
mild,body_combined_rf,42,3,010,72,0,-0.23399999999999999
mild,body_combined_rf,42,3,015,75,1,-0.2737777777777778
mild,body_combined_rf,42,3,023,44,0,-0.23777777777777775
mild,body_combined_rf,42,3,027,85,1,0.02083333333333315
mild,body_combined_rf,42,3,029,35,0,-0.02694444444444455
mild,body_combined_rf,42,3,034,91,1,0.3552777777777779
mild,body_combined_rf,42,3,049,87,0,-0.23839814814814814
mild,body_combined_rf,42,3,051,28,0,-0.2137222222222222
mild,body_combined_rf,42,3,060,44,0,0.0
mild,body_combined_rf,42,3,070,75,1,-0.024515873015873046
mild,body_combined_rf,42,3,078,93,0,-0.19994444444444442
mild,body_combined_rf,42,3,094,93,1,-0.13477777777777772
mild,body_combined_rf,42,3,100,72,1,-0.06961111111111107
mild,body_combined_rf,42,3,106,48,1,-0.2542777777777778
mild,body_combined_rf,42,3,107,35,0,-0.28655555555555556
mild,body_combined_rf,42,3,116,85,0,0.1113333333333334
mild,body_combined_rf,42,3,117,7,0,-0.4192222222222223
mild,body_combined_rf,42,3,118,91,1,0.35197222222222213
mild,body_combined_rf,42,3,127,75,1,0.112611111111111
mild,body_combined_rf,42,3,138,75,1,0.14353968253968252
mild,body_combined_rf,42,3,142,44,0,-0.1816666666666667
mild,body_combined_rf,42,3,143,28,0,-0.12644444444444436
mild,body_combined_rf,42,3,147,72,0,0.1830476190476189
mild,body_combined_rf,42,3,148,7,0,-0.3833888888888889
mild,body_combined_rf,42,3,151,85,1,0.198780423280423
mild,body_combined_rf,42,3,163,48,0,0.02977777777777768
mild,body_combined_rf,42,3,179,37,0,0.31719444444444445
mild,body_combined_rf,42,3,188,85,0,-0.23249999999999998
mild,body_combined_rf,42,3,190,44,0,-0.07716666666666666
mild,body_combined_rf,42,3,191,87,0,-0.23787037037037034
mild,body_combined_rf,42,3,193,56,1,0.04933333333333345
mild,body_combined_rf,42,3,197,35,0,-0.37922222222222224
mild,body_combined_rf,42,3,198,93,0,-0.3198333333333333
mild,body_combined_rf,42,3,202,46,0,-0.16116666666666668
mild,body_combined_rf,42,3,211,87,0,-0.2606666666666667
mild,body_combined_rf,42,3,213,44,1,0.21151851851851855
mild,body_combined_rf,42,3,221,72,1,-0.06399999999999995
mild,body_combined_rf,42,3,233,37,1,0.34866666666666657
mild,body_combined_rf,42,3,236,44,0,0.07869444444444429
mild,body_combined_rf,42,3,240,72,0,-0.04255555555555551
mild,body_combined_rf,42,3,243,85,1,0.22933333333333328
mild,body_combined_rf,42,3,244,75,1,0.3484999999999998
mild,body_combined_rf,42,3,256,10,1,0.3288888888888888
mild,body_combined_rf,42,3,258,85,1,0.050000000000000044
mild,body_combined_rf,42,3,264,31,0,-0.17355555555555552
mild,body_combined_rf,42,3,269,44,0,-0.06572222222222213
mild,body_combined_rf,42,4,006,49,1,0.3562777777777778
mild,body_combined_rf,42,4,007,90,1,0.036944444444444335
mild,body_combined_rf,42,4,024,89,0,-0.018888888888888844
mild,body_combined_rf,42,4,031,38,1,-0.2734444444444445
mild,body_combined_rf,42,4,032,19,0,-0.2657777777777778
mild,body_combined_rf,42,4,036,77,0,-0.2257222222222222
mild,body_combined_rf,42,4,037,90,0,-0.25088888888888883
mild,body_combined_rf,42,4,038,43,1,-0.1101428571428571
mild,body_combined_rf,42,4,045,49,1,-0.04588888888888881
mild,body_combined_rf,42,4,048,67,0,-0.13908333333333334
mild,body_combined_rf,42,4,054,16,1,0.0910833333333333
mild,body_combined_rf,42,4,055,15,1,-0.24494444444444452
mild,body_combined_rf,42,4,064,88,0,-0.4305555555555556
mild,body_combined_rf,42,4,066,90,1,-0.005888888888888721
mild,body_combined_rf,42,4,075,38,1,-0.38772222222222225
mild,body_combined_rf,42,4,079,43,1,-0.11125396825396827
mild,body_combined_rf,42,4,104,19,0,-0.22355555555555556
mild,body_combined_rf,42,4,108,61,0,-0.34628571428571425
mild,body_combined_rf,42,4,111,77,0,-0.1362222222222223
mild,body_combined_rf,42,4,121,74,1,0.2002222222222222
mild,body_combined_rf,42,4,130,88,0,-0.4477777777777778
mild,body_combined_rf,42,4,131,54,1,-0.04280555555555554
mild,body_combined_rf,42,4,132,38,0,-0.27894444444444444
mild,body_combined_rf,42,4,137,19,0,-0.3183888888888889
mild,body_combined_rf,42,4,139,89,0,-0.08016666666666672
mild,body_combined_rf,42,4,144,63,1,0.3261666666666666
mild,body_combined_rf,42,4,155,68,1,0.24911111111111128
mild,body_combined_rf,42,4,157,77,0,-0.320952380952381
mild,body_combined_rf,42,4,158,74,1,0.2908571428571429
mild,body_combined_rf,42,4,166,19,0,-0.2840873015873016
mild,body_combined_rf,42,4,173,89,0,-0.006666666666666765
mild,body_combined_rf,42,4,175,74,1,0.38625
mild,body_combined_rf,42,4,184,68,0,0.05266666666666675
mild,body_combined_rf,42,4,192,38,0,-0.38645238095238094
mild,body_combined_rf,42,4,196,67,0,-0.23444444444444446
mild,body_combined_rf,42,4,203,77,1,0.08180158730158726
mild,body_combined_rf,42,4,220,88,0,-0.36775
mild,body_combined_rf,42,4,223,38,0,-0.3051111111111111
mild,body_combined_rf,42,4,225,67,0,-0.28227777777777785
mild,body_combined_rf,42,4,228,43,1,0.01794444444444454
mild,body_combined_rf,42,4,235,89,0,0.10461111111111099
mild,body_combined_rf,42,4,238,54,1,-0.04716666666666669
mild,body_combined_rf,42,4,247,88,0,-0.32233333333333336
mild,body_combined_rf,42,4,251,38,0,-0.09133333333333338
mild,body_combined_rf,42,4,266,88,0,-0.30119444444444443
mild,body_combined_rf,42,4,270,49,0,-0.13194841269841262
mild,body_combined_rf,123,0,013,92,0,-0.26267817576873304
mild,body_combined_rf,123,0,017,8,0,-0.10554555185669734
mild,body_combined_rf,123,0,020,20,1,0.1545732940806469
mild,body_combined_rf,123,0,021,70,0,0.04293374218374224
mild,body_combined_rf,123,0,030,57,1,-0.339953675953676
mild,body_combined_rf,123,0,032,19,0,-0.30843197543197537
mild,body_combined_rf,123,0,040,8,0,0.023403429631370654
mild,body_combined_rf,123,0,046,70,1,0.05868485463338391
mild,body_combined_rf,123,0,047,51,0,-0.2808471833177716
mild,body_combined_rf,123,0,050,51,0,0.21448487739470679
mild,body_combined_rf,123,0,052,8,0,0.07304108065137449
mild,body_combined_rf,123,0,055,15,1,-0.22374862365303544
mild,body_combined_rf,123,0,072,70,1,0.07049852870441109
mild,body_combined_rf,123,0,073,13,1,0.35915077950372065
mild,body_combined_rf,123,0,087,51,0,-0.141319768194768
mild,body_combined_rf,123,0,089,20,1,0.3233514483882135
mild,body_combined_rf,123,0,092,51,0,0.015427561273149482
mild,body_combined_rf,123,0,102,76,1,0.335545447199859
mild,body_combined_rf,123,0,104,19,0,-0.2408038617156265
mild,body_combined_rf,123,0,106,48,1,-0.26552353311176835
mild,body_combined_rf,123,0,112,94,0,-0.24957750882015572
mild,body_combined_rf,123,0,114,92,1,0.3348681190813543
mild,body_combined_rf,123,0,121,74,1,0.20177066234419172
mild,body_combined_rf,123,0,122,71,0,-0.13221414696414702
mild,body_combined_rf,123,0,133,51,0,0.23626411857836005
mild,body_combined_rf,123,0,135,64,1,0.3384775086025086
mild,body_combined_rf,123,0,137,19,0,-0.2522738987591929
mild,body_combined_rf,123,0,156,5,0,-0.08812553160347264
mild,body_combined_rf,123,0,158,74,1,0.29164509074803224
mild,body_combined_rf,123,0,160,51,0,-0.02772600302747341
mild,body_combined_rf,123,0,163,48,0,0.049584068437009465
mild,body_combined_rf,123,0,165,30,0,-0.1950790644540642
mild,body_combined_rf,123,0,166,19,0,-0.31013910762440167
mild,body_combined_rf,123,0,175,74,1,0.3479927104485928
mild,body_combined_rf,123,0,178,76,1,0.36108309718603837
mild,body_combined_rf,123,0,179,37,0,0.1971548397136632
mild,body_combined_rf,123,0,180,73,1,0.2036894595056361
mild,body_combined_rf,123,0,185,71,0,-0.2569403559403558
mild,body_combined_rf,123,0,186,51,0,-0.26191850088908913
mild,body_combined_rf,123,0,194,5,0,-0.25270540135246017
mild,body_combined_rf,123,0,195,94,0,-0.3822394457394458
mild,body_combined_rf,123,0,209,64,0,-0.03811789517671882
mild,body_combined_rf,123,0,210,20,1,0.2690310152810156
mild,body_combined_rf,123,0,214,92,0,-0.2956140996802762
mild,body_combined_rf,123,0,219,73,1,0.35499937208760746
mild,body_combined_rf,123,0,229,51,0,-0.2804043021248904
mild,body_combined_rf,123,0,233,37,1,0.28350688690394554
mild,body_combined_rf,123,0,260,60,0,-0.29939899017104904
mild,body_combined_rf,123,0,272,33,1,0.14188883665354246
mild,body_combined_rf,123,1,001,87,0,-0.12906761393413552
mild,body_combined_rf,123,1,004,45,1,0.10625288791596377
mild,body_combined_rf,123,1,005,65,0,-0.18922247232063055
mild,body_combined_rf,123,1,028,55,0,-0.40272141171767983
mild,body_combined_rf,123,1,048,67,0,-0.06724861632779766
mild,body_combined_rf,123,1,049,87,0,-0.10893303852578762
mild,body_combined_rf,123,1,058,50,0,0.07645175757850287
mild,body_combined_rf,123,1,062,55,0,-0.3318635892117828
mild,body_combined_rf,123,1,068,22,1,0.17989347417466328
mild,body_combined_rf,123,1,076,4,1,0.06856826259790483
mild,body_combined_rf,123,1,078,93,0,-0.15408694192881983
mild,body_combined_rf,123,1,083,79,0,-0.13273928367183246
mild,body_combined_rf,123,1,085,18,0,-0.38736411490307465
mild,body_combined_rf,123,1,086,18,0,-0.385203954726669
mild,body_combined_rf,123,1,091,96,1,0.12734107079776424
mild,body_combined_rf,123,1,094,93,1,-0.13652194691970637
mild,body_combined_rf,123,1,098,4,1,0.2496560747690083
mild,body_combined_rf,123,1,101,36,0,-0.30057543034005874
mild,body_combined_rf,123,1,110,22,1,0.038147784247687166
mild,body_combined_rf,123,1,128,96,1,0.3776489399374382
mild,body_combined_rf,123,1,144,63,1,0.22911878050912804
mild,body_combined_rf,123,1,145,36,0,-0.30911463307172526
mild,body_combined_rf,123,1,154,45,0,-0.08274623281023802
mild,body_combined_rf,123,1,161,79,1,0.20618314872776977
mild,body_combined_rf,123,1,167,22,1,0.1700851581209093
mild,body_combined_rf,123,1,168,4,1,0.1446425836446108
mild,body_combined_rf,123,1,172,18,0,-0.39503339545147304
mild,body_combined_rf,123,1,182,79,1,0.05220976185110593
mild,body_combined_rf,123,1,189,22,1,-0.07240729934441087
mild,body_combined_rf,123,1,191,87,0,-0.23215248100132785
mild,body_combined_rf,123,1,196,67,0,-0.23448099469736322
mild,body_combined_rf,123,1,198,93,0,-0.31773818597483106
mild,body_combined_rf,123,1,200,21,0,-0.2586651689559693
mild,body_combined_rf,123,1,201,66,1,-0.16399094013489557
mild,body_combined_rf,123,1,202,46,0,-0.11257095456694644
mild,body_combined_rf,123,1,208,79,1,0.2712806348551585
mild,body_combined_rf,123,1,211,87,0,-0.2157131235453819
mild,body_combined_rf,123,1,215,50,0,-0.3374114004908174
mild,body_combined_rf,123,1,216,36,1,0.07991638474062368
mild,body_combined_rf,123,1,225,67,0,-0.2536336270976215
mild,body_combined_rf,123,1,237,18,0,-0.2877174905883292
mild,body_combined_rf,123,1,246,50,0,-0.30004029968647494
mild,body_combined_rf,123,1,248,36,1,0.1327726810019182
mild,body_combined_rf,123,1,252,18,0,-0.14777657043692893
mild,body_combined_rf,123,1,253,45,1,-0.06958456290852466
mild,body_combined_rf,123,1,262,14,0,-0.13176632621336581
mild,body_combined_rf,123,1,264,31,0,-0.0736916571635593
mild,body_combined_rf,123,1,265,18,0,-0.2707871869463979
mild,body_combined_rf,123,1,268,21,0,-0.20218825815342423
mild,body_combined_rf,123,2,003,1,0,-0.24564012300480176
mild,body_combined_rf,123,2,006,49,1,0.312897641782956
mild,body_combined_rf,123,2,007,90,1,0.02606794448722738
mild,body_combined_rf,123,2,026,86,1,0.3364815207527685
mild,body_combined_rf,123,2,036,77,0,-0.2636069631638475
mild,body_combined_rf,123,2,037,90,0,-0.20848461451899908
mild,body_combined_rf,123,2,038,43,1,-0.1308949978749152
mild,body_combined_rf,123,2,039,40,0,-0.3108604355974768
mild,body_combined_rf,123,2,041,26,1,-0.12976694386197013
mild,body_combined_rf,123,2,045,49,1,-0.041478244491761296
mild,body_combined_rf,123,2,061,24,1,0.3538346854434006
mild,body_combined_rf,123,2,064,88,0,-0.27695246748029645
mild,body_combined_rf,123,2,065,41,1,0.1772025954699462
mild,body_combined_rf,123,2,066,90,1,0.010046756036606097
mild,body_combined_rf,123,2,069,1,0,-0.26155529322412596
mild,body_combined_rf,123,2,077,86,1,0.3436414615755986
mild,body_combined_rf,123,2,079,43,1,-0.027525885345909773
mild,body_combined_rf,123,2,081,40,0,-0.24860626720291196
mild,body_combined_rf,123,2,095,86,1,0.23739713980814015
mild,body_combined_rf,123,2,097,2,1,0.19837724443199756
mild,body_combined_rf,123,2,111,77,0,-0.11651276793644988
mild,body_combined_rf,123,2,115,41,1,0.1006476707696794
mild,body_combined_rf,123,2,119,40,0,-0.31740375192221243
mild,body_combined_rf,123,2,130,88,0,-0.380671834195413
mild,body_combined_rf,123,2,149,40,0,0.0467447004789977
mild,body_combined_rf,123,2,150,29,0,0.029069517812150947
mild,body_combined_rf,123,2,155,68,1,0.30378371099658164
mild,body_combined_rf,123,2,157,77,0,-0.32754851458079937
mild,body_combined_rf,123,2,164,53,0,-0.2748390602960416
mild,body_combined_rf,123,2,170,53,0,-0.2410830710288649
mild,body_combined_rf,123,2,174,1,0,-0.34298900043520086
mild,body_combined_rf,123,2,176,41,0,-0.10152604719501446
mild,body_combined_rf,123,2,184,68,0,0.1637170380183658
mild,body_combined_rf,123,2,203,77,1,0.10094620189187731
mild,body_combined_rf,123,2,205,95,0,-0.31117070587680873
mild,body_combined_rf,123,2,212,12,0,-0.06248209979494884
mild,body_combined_rf,123,2,220,88,0,-0.36445883878839935
mild,body_combined_rf,123,2,226,41,1,-0.13454903908520627
mild,body_combined_rf,123,2,228,43,1,0.10156817180667554
mild,body_combined_rf,123,2,231,11,0,-0.25660631129393546
mild,body_combined_rf,123,2,239,1,0,-0.16184271850130483
mild,body_combined_rf,123,2,241,29,0,-0.03282493626034089
mild,body_combined_rf,123,2,247,88,0,-0.2910010878983358
mild,body_combined_rf,123,2,254,86,1,0.3211987867874594
mild,body_combined_rf,123,2,255,97,0,0.05106880338834208
mild,body_combined_rf,123,2,266,88,0,-0.3217892837030555
mild,body_combined_rf,123,2,270,49,0,-0.10189223738378783
mild,body_combined_rf,123,3,008,28,0,0.10432018201015314
mild,body_combined_rf,123,3,014,39,1,0.026843039923621248
mild,body_combined_rf,123,3,022,34,1,0.07770687749323923
mild,body_combined_rf,123,3,023,44,0,-0.15915625825720253
mild,body_combined_rf,123,3,024,89,0,-0.10007412568650786
mild,body_combined_rf,123,3,027,85,1,0.04168193247221885
mild,body_combined_rf,123,3,029,35,0,-0.042836639646513575
mild,body_combined_rf,123,3,034,91,1,0.2533254510053846
mild,body_combined_rf,123,3,035,83,1,0.1832897674166667
mild,body_combined_rf,123,3,051,28,0,-0.2607340998014842
mild,body_combined_rf,123,3,054,16,1,0.07335074329423985
mild,body_combined_rf,123,3,057,69,1,0.33112081533292026
mild,body_combined_rf,123,3,060,44,0,0.1408902917240451
mild,body_combined_rf,123,3,067,34,1,0.028341649271501734
mild,body_combined_rf,123,3,080,25,0,-0.028040615387434964
mild,body_combined_rf,123,3,090,69,0,0.12146562433442387
mild,body_combined_rf,123,3,103,6,0,-0.40310534054445063
mild,body_combined_rf,123,3,107,35,0,-0.16650705231156027
mild,body_combined_rf,123,3,108,61,0,-0.29414167127817387
mild,body_combined_rf,123,3,116,85,0,0.12496376305526757
mild,body_combined_rf,123,3,118,91,1,0.2532483404069271
mild,body_combined_rf,123,3,129,69,1,0.22485667075231963
mild,body_combined_rf,123,3,134,69,1,0.10247415716865949
mild,body_combined_rf,123,3,136,39,0,0.3377713174135486
mild,body_combined_rf,123,3,139,89,0,-0.12007768822037007
mild,body_combined_rf,123,3,142,44,0,-0.1405172682323091
mild,body_combined_rf,123,3,143,28,0,0.008553108002284149
mild,body_combined_rf,123,3,151,85,1,0.24246310411982475
mild,body_combined_rf,123,3,153,83,1,0.16422548853204577
mild,body_combined_rf,123,3,169,39,1,0.28264499661894726
mild,body_combined_rf,123,3,173,89,0,-0.023322163067509893
mild,body_combined_rf,123,3,177,32,0,0.26088446955721045
mild,body_combined_rf,123,3,181,6,0,-0.36569159375596094
mild,body_combined_rf,123,3,188,85,0,-0.12224242849269412
mild,body_combined_rf,123,3,190,44,0,-0.05129994266295207
mild,body_combined_rf,123,3,197,35,0,-0.24799198351799112
mild,body_combined_rf,123,3,204,27,0,-0.23037382310826793
mild,body_combined_rf,123,3,213,44,1,0.22494827656699967
mild,body_combined_rf,123,3,230,34,0,-0.0772197501454655
mild,body_combined_rf,123,3,234,39,0,0.219907463091923
mild,body_combined_rf,123,3,235,89,0,0.14267294644089845
mild,body_combined_rf,123,3,236,44,0,0.20547381211967664
mild,body_combined_rf,123,3,243,85,1,0.24748420564026408
mild,body_combined_rf,123,3,257,83,1,0.307207059509055
mild,body_combined_rf,123,3,258,85,1,0.08631553384227553
mild,body_combined_rf,123,3,259,62,1,0.30373546939537255
mild,body_combined_rf,123,3,269,44,0,-0.08324856602498337
mild,body_combined_rf,123,4,002,78,0,-0.10892136376695172
mild,body_combined_rf,123,4,010,72,0,-0.13308928380987206
mild,body_combined_rf,123,4,015,75,1,-0.2623769335239923
mild,body_combined_rf,123,4,016,84,1,0.3232860739478386
mild,body_combined_rf,123,4,019,82,0,-0.41824001924001925
mild,body_combined_rf,123,4,031,38,1,-0.25385195637982005
mild,body_combined_rf,123,4,042,23,0,0.13673632630985588
mild,body_combined_rf,123,4,053,78,0,0.31256920394420384
mild,body_combined_rf,123,4,070,75,1,-0.061638285733873754
mild,body_combined_rf,123,4,071,23,1,0.3760780085927148
mild,body_combined_rf,123,4,075,38,1,-0.3284664455914456
mild,body_combined_rf,123,4,088,82,0,-0.16705560044530626
mild,body_combined_rf,123,4,096,17,0,-0.38856640282375576
mild,body_combined_rf,123,4,100,72,1,-0.008719791646261799
mild,body_combined_rf,123,4,113,78,0,0.13777103370485688
mild,body_combined_rf,123,4,117,7,0,-0.4181550660668308
mild,body_combined_rf,123,4,120,52,0,-0.4193654308654309
mild,body_combined_rf,123,4,125,42,0,-0.41823049717167365
mild,body_combined_rf,123,4,126,82,0,-0.39954222057898525
mild,body_combined_rf,123,4,127,75,1,0.09220134032634042
mild,body_combined_rf,123,4,131,54,1,-0.04397202906026415
mild,body_combined_rf,123,4,132,38,0,-0.26430670152574176
mild,body_combined_rf,123,4,138,75,1,0.06009874058403475
mild,body_combined_rf,123,4,140,84,1,-0.0452799156181507
mild,body_combined_rf,123,4,146,78,0,0.13382763070263048
mild,body_combined_rf,123,4,147,72,0,0.2101095152410941
mild,body_combined_rf,123,4,148,7,0,-0.4087784992784993
mild,body_combined_rf,123,4,152,58,1,0.2678586786307372
mild,body_combined_rf,123,4,159,52,0,-0.3012681431342422
mild,body_combined_rf,123,4,162,23,0,0.21885882013010516
mild,body_combined_rf,123,4,171,42,0,-0.4344010619010619
mild,body_combined_rf,123,4,187,17,0,-0.22393033682004249
mild,body_combined_rf,123,4,192,38,0,-0.38928094541910335
mild,body_combined_rf,123,4,193,56,1,0.09248980461403078
mild,body_combined_rf,123,4,199,82,0,-0.4188746438746439
mild,body_combined_rf,123,4,206,42,0,-0.4043134828134828
mild,body_combined_rf,123,4,221,72,1,-0.16121841584341584
mild,body_combined_rf,123,4,222,52,0,-0.3800467490026314
mild,body_combined_rf,123,4,223,38,0,-0.30637843882696825
mild,body_combined_rf,123,4,227,78,0,-0.3448113460613461
mild,body_combined_rf,123,4,238,54,1,-0.04544354039206988
mild,body_combined_rf,123,4,240,72,0,-0.15043305224187564
mild,body_combined_rf,123,4,244,75,1,0.3385434851096617
mild,body_combined_rf,123,4,249,17,1,0.20327240107387157
mild,body_combined_rf,123,4,251,38,0,-0.1174934594845583
mild,body_combined_rf,123,4,256,10,1,0.37651127412892127
mild,body_combined_rf,123,4,267,98,1,-0.17555283714107245
mild,body_combined_rf,456,0,001,87,0,-0.05373896235309039
mild,body_combined_rf,456,0,016,84,1,0.23578370744827837
mild,body_combined_rf,456,0,021,70,0,0.03157126955730749
mild,body_combined_rf,456,0,030,57,1,-0.33529281614098905
mild,body_combined_rf,456,0,035,83,1,0.15418047119024625
mild,body_combined_rf,456,0,038,43,1,-0.1342390285392488
mild,body_combined_rf,456,0,046,70,1,-0.0035634788664197226
mild,body_combined_rf,456,0,047,51,0,-0.26098360213117433
mild,body_combined_rf,456,0,049,87,0,-0.053439920069806524
mild,body_combined_rf,456,0,050,51,0,0.14160822848430377
mild,body_combined_rf,456,0,072,70,1,0.007977128917419862
mild,body_combined_rf,456,0,079,43,1,0.010348763587682552
mild,body_combined_rf,456,0,087,51,0,-0.16395285793019715
mild,body_combined_rf,456,0,092,51,0,-0.05577063973709129
mild,body_combined_rf,456,0,097,2,1,0.13187448685346792
mild,body_combined_rf,456,0,102,76,1,0.32990459742640954
mild,body_combined_rf,456,0,103,6,0,-0.41298988632569417
mild,body_combined_rf,456,0,120,52,0,-0.39160251080830744
mild,body_combined_rf,456,0,122,71,0,-0.1987463432575473
mild,body_combined_rf,456,0,133,51,0,0.17268746381170963
mild,body_combined_rf,456,0,140,84,1,0.015695269223849895
mild,body_combined_rf,456,0,153,83,1,0.09438293601168002
mild,body_combined_rf,456,0,155,68,1,0.21046589778795155
mild,body_combined_rf,456,0,156,5,0,-0.09277890585514642
mild,body_combined_rf,456,0,159,52,0,-0.29938090995081146
mild,body_combined_rf,456,0,160,51,0,-0.02136060207649354
mild,body_combined_rf,456,0,177,32,0,0.23378854872484367
mild,body_combined_rf,456,0,178,76,1,0.3518990847090633
mild,body_combined_rf,456,0,180,73,1,0.1568849704163111
mild,body_combined_rf,456,0,181,6,0,-0.40207223263165504
mild,body_combined_rf,456,0,184,68,0,0.12467587975418226
mild,body_combined_rf,456,0,185,71,0,-0.2503216239525212
mild,body_combined_rf,456,0,186,51,0,-0.2754855694590649
mild,body_combined_rf,456,0,191,87,0,-0.25119997891948054
mild,body_combined_rf,456,0,193,56,1,0.03402668129510733
mild,body_combined_rf,456,0,194,5,0,-0.2847398723955534
mild,body_combined_rf,456,0,205,95,0,-0.3482830103050145
mild,body_combined_rf,456,0,211,87,0,-0.2449536705592807
mild,body_combined_rf,456,0,219,73,1,0.3543423992547131
mild,body_combined_rf,456,0,222,52,0,-0.36949558029089813
mild,body_combined_rf,456,0,228,43,1,0.09877973509932769
mild,body_combined_rf,456,0,229,51,0,-0.28260545821012273
mild,body_combined_rf,456,0,231,11,0,-0.2569086972356529
mild,body_combined_rf,456,0,255,97,0,0.20462003963612696
mild,body_combined_rf,456,0,257,83,1,0.28138006937505666
mild,body_combined_rf,456,0,267,98,1,-0.11490717845053489
mild,body_combined_rf,456,1,004,45,1,0.11249402884696968
mild,body_combined_rf,456,1,005,65,0,-0.22870754055312875
mild,body_combined_rf,456,1,008,28,0,0.0033671921760155543
mild,body_combined_rf,456,1,010,72,0,-0.1328198800110565
mild,body_combined_rf,456,1,026,86,1,0.3380523621258914
mild,body_combined_rf,456,1,034,91,1,0.2807270091020091
mild,body_combined_rf,456,1,036,77,0,-0.11173330808624915
mild,body_combined_rf,456,1,039,40,0,-0.2329211458476163
mild,body_combined_rf,456,1,051,28,0,-0.2667037105194999
mild,body_combined_rf,456,1,058,50,0,0.10932084554878685
mild,body_combined_rf,456,1,061,24,1,0.36356034624417
mild,body_combined_rf,456,1,077,86,1,0.3564561897797194
mild,body_combined_rf,456,1,080,25,0,-0.048238079186608496
mild,body_combined_rf,456,1,081,40,0,-0.17893736900354545
mild,body_combined_rf,456,1,083,79,0,-0.061731259481259404
mild,body_combined_rf,456,1,085,18,0,-0.3735053095053096
mild,body_combined_rf,456,1,086,18,0,-0.3723040461716932
mild,body_combined_rf,456,1,091,96,1,0.15574979214685092
mild,body_combined_rf,456,1,095,86,1,0.25435413905266835
mild,body_combined_rf,456,1,100,72,1,-0.04845378096848679
mild,body_combined_rf,456,1,111,77,0,-0.020002136752137023
mild,body_combined_rf,456,1,118,91,1,0.3498249990749991
mild,body_combined_rf,456,1,119,40,0,-0.28835952718305663
mild,body_combined_rf,456,1,128,96,1,0.3733318027288616
mild,body_combined_rf,456,1,143,28,0,-0.11873988783547601
mild,body_combined_rf,456,1,144,63,1,0.2606883378059852
mild,body_combined_rf,456,1,147,72,0,0.2029820636879459
mild,body_combined_rf,456,1,149,40,0,0.02606160016454173
mild,body_combined_rf,456,1,154,45,0,-0.09225603862368559
mild,body_combined_rf,456,1,157,77,0,-0.30820468420468417
mild,body_combined_rf,456,1,161,79,1,0.16991779068597967
mild,body_combined_rf,456,1,172,18,0,-0.404027803895451
mild,body_combined_rf,456,1,182,79,1,0.1069403940286291
mild,body_combined_rf,456,1,203,77,1,0.1593753547650606
mild,body_combined_rf,456,1,204,27,0,-0.20269651862298926
mild,body_combined_rf,456,1,208,79,1,0.24676665382547724
mild,body_combined_rf,456,1,212,12,0,-0.10872261806820627
mild,body_combined_rf,456,1,215,50,0,-0.4151569634069634
mild,body_combined_rf,456,1,221,72,1,-0.1515875711978652
mild,body_combined_rf,456,1,237,18,0,-0.32608841158841156
mild,body_combined_rf,456,1,240,72,0,-0.11689794736853565
mild,body_combined_rf,456,1,246,50,0,-0.33167288321700084
mild,body_combined_rf,456,1,252,18,0,-0.16728168318609488
mild,body_combined_rf,456,1,253,45,1,-0.024044853022794355
mild,body_combined_rf,456,1,254,86,1,0.34073399068251997
mild,body_combined_rf,456,1,265,18,0,-0.3267595163551046
mild,body_combined_rf,456,1,272,33,1,0.07197628188804661
mild,body_combined_rf,456,2,002,78,0,0.04105555555555551
mild,body_combined_rf,456,2,014,39,1,0.08700000000000008
mild,body_combined_rf,456,2,017,8,0,-0.09472222222222226
mild,body_combined_rf,456,2,022,34,1,0.05321428571428577
mild,body_combined_rf,456,2,024,89,0,0.009166666666666656
mild,body_combined_rf,456,2,027,85,1,-0.008722222222222242
mild,body_combined_rf,456,2,040,8,0,-0.11678571428571433
mild,body_combined_rf,456,2,041,26,1,-0.034888888888888914
mild,body_combined_rf,456,2,048,67,0,-0.11472222222222217
mild,body_combined_rf,456,2,052,8,0,0.07183333333333342
mild,body_combined_rf,456,2,053,78,0,0.30300000000000016
mild,body_combined_rf,456,2,067,34,1,0.14344444444444449
mild,body_combined_rf,456,2,068,22,1,0.1987777777777776
mild,body_combined_rf,456,2,096,17,0,-0.4087777777777778
mild,body_combined_rf,456,2,108,61,0,-0.3617777777777778
mild,body_combined_rf,456,2,110,22,1,0.028341269841269834
mild,body_combined_rf,456,2,113,78,0,0.19844444444444453
mild,body_combined_rf,456,2,116,85,0,0.2058888888888888
mild,body_combined_rf,456,2,117,7,0,-0.4057777777777778
mild,body_combined_rf,456,2,121,74,1,0.1793015873015874
mild,body_combined_rf,456,2,136,39,0,0.34711111111111104
mild,body_combined_rf,456,2,139,89,0,-0.07291666666666669
mild,body_combined_rf,456,2,146,78,0,0.18166666666666653
mild,body_combined_rf,456,2,148,7,0,-0.40205555555555555
mild,body_combined_rf,456,2,151,85,1,0.24588888888888882
mild,body_combined_rf,456,2,158,74,1,0.3579444444444444
mild,body_combined_rf,456,2,164,53,0,-0.2855
mild,body_combined_rf,456,2,165,30,0,-0.19477777777777777
mild,body_combined_rf,456,2,167,22,1,0.2212222222222222
mild,body_combined_rf,456,2,169,39,1,0.3255555555555554
mild,body_combined_rf,456,2,170,53,0,-0.2603333333333333
mild,body_combined_rf,456,2,173,89,0,0.021944444444444433
mild,body_combined_rf,456,2,175,74,1,0.3800555555555557
mild,body_combined_rf,456,2,179,37,0,0.2554444444444445
mild,body_combined_rf,456,2,187,17,0,-0.2583095238095238
mild,body_combined_rf,456,2,188,85,0,-0.15133333333333338
mild,body_combined_rf,456,2,189,22,1,-0.07276984126984132
mild,body_combined_rf,456,2,196,67,0,-0.23265873015873018
mild,body_combined_rf,456,2,201,66,1,-0.18427777777777782
mild,body_combined_rf,456,2,225,67,0,-0.24249999999999994
mild,body_combined_rf,456,2,227,78,0,-0.2884444444444444
mild,body_combined_rf,456,2,230,34,0,-0.15657407407407398
mild,body_combined_rf,456,2,233,37,1,0.32277777777777783
mild,body_combined_rf,456,2,234,39,0,0.2620555555555554
mild,body_combined_rf,456,2,235,89,0,0.1337222222222223
mild,body_combined_rf,456,2,243,85,1,0.2680000000000001
mild,body_combined_rf,456,2,249,17,1,0.26114814814814824
mild,body_combined_rf,456,2,256,10,1,0.27688888888888874
mild,body_combined_rf,456,2,258,85,1,0.037141025641025505
mild,body_combined_rf,456,2,264,31,0,-0.06594444444444442
mild,body_combined_rf,456,3,015,75,1,-0.20244802038919685
mild,body_combined_rf,456,3,019,82,0,-0.3780962517874283
mild,body_combined_rf,456,3,023,44,0,-0.2171318496318495
mild,body_combined_rf,456,3,029,35,0,-0.03506344853403687
mild,body_combined_rf,456,3,031,38,1,-0.19444283331048023
mild,body_combined_rf,456,3,042,23,0,0.07914684580125719
mild,body_combined_rf,456,3,054,16,1,0.06187879927663209
mild,body_combined_rf,456,3,055,15,1,-0.2968574671515848
mild,body_combined_rf,456,3,057,69,1,0.3709140211640213
mild,body_combined_rf,456,3,060,44,0,-0.037097202361908055
mild,body_combined_rf,456,3,070,75,1,-0.06791345671299248
mild,body_combined_rf,456,3,071,23,1,0.3670486338280451
mild,body_combined_rf,456,3,073,13,1,0.36739963739963744
mild,body_combined_rf,456,3,075,38,1,-0.31168287730787725
mild,body_combined_rf,456,3,078,93,0,-0.23210109910729115
mild,body_combined_rf,456,3,088,82,0,-0.11654285366050066
mild,body_combined_rf,456,3,090,69,0,0.16074084793202414
mild,body_combined_rf,456,3,094,93,1,-0.19541613098230753
mild,body_combined_rf,456,3,101,36,0,-0.30391089139618555
mild,body_combined_rf,456,3,107,35,0,-0.18679913577707696
mild,body_combined_rf,456,3,125,42,0,-0.4309059089059089
mild,body_combined_rf,456,3,126,82,0,-0.4014101930204872
mild,body_combined_rf,456,3,127,75,1,0.15562364474477486
mild,body_combined_rf,456,3,129,69,1,0.25477394088539596
mild,body_combined_rf,456,3,132,38,0,-0.16483815340432978
mild,body_combined_rf,456,3,134,69,1,0.1928072140278021
mild,body_combined_rf,456,3,135,64,1,0.3603353082103081
mild,body_combined_rf,456,3,138,75,1,0.024836390733449565
mild,body_combined_rf,456,3,142,44,0,-0.20260836168189106
mild,body_combined_rf,456,3,145,36,0,-0.3465902825817687
mild,body_combined_rf,456,3,152,58,1,0.25241932121885646
mild,body_combined_rf,456,3,162,23,0,0.16934254498225065
mild,body_combined_rf,456,3,171,42,0,-0.42820885133385134
mild,body_combined_rf,456,3,190,44,0,-0.1143242141129136
mild,body_combined_rf,456,3,192,38,0,-0.3505024156127098
mild,body_combined_rf,456,3,197,35,0,-0.3416754179915945
mild,body_combined_rf,456,3,198,93,0,-0.3415837153043036
mild,body_combined_rf,456,3,199,82,0,-0.3966332703244468
mild,body_combined_rf,456,3,202,46,0,-0.1610328493602486
mild,body_combined_rf,456,3,206,42,0,-0.36065828615828616
mild,body_combined_rf,456,3,209,64,0,0.02337055020143264
mild,body_combined_rf,456,3,213,44,1,0.24187766741056194
mild,body_combined_rf,456,3,216,36,1,0.09843082054111463
mild,body_combined_rf,456,3,223,38,0,-0.33011727216138975
mild,body_combined_rf,456,3,236,44,0,0.09255431258914248
mild,body_combined_rf,456,3,244,75,1,0.3640392126936246
mild,body_combined_rf,456,3,248,36,1,0.16726970148874154
mild,body_combined_rf,456,3,251,38,0,-0.017230869892634837
mild,body_combined_rf,456,3,262,14,0,-0.12976296682333838
mild,body_combined_rf,456,3,269,44,0,-0.1859008148141274
mild,body_combined_rf,456,4,003,1,0,-0.2837339345515154
mild,body_combined_rf,456,4,006,49,1,0.28130127064068267
mild,body_combined_rf,456,4,007,90,1,0.015266754676722227
mild,body_combined_rf,456,4,013,92,0,-0.24587141870826235
mild,body_combined_rf,456,4,020,20,1,0.1674242087756289
mild,body_combined_rf,456,4,028,55,0,-0.36108867019483826
mild,body_combined_rf,456,4,032,19,0,-0.216204820098368
mild,body_combined_rf,456,4,037,90,0,-0.2254508667066299
mild,body_combined_rf,456,4,045,49,1,-0.038344504997216144
mild,body_combined_rf,456,4,062,55,0,-0.3029058412941831
mild,body_combined_rf,456,4,064,88,0,-0.2690828723464891
mild,body_combined_rf,456,4,065,41,1,0.22380482055947426
mild,body_combined_rf,456,4,066,90,1,0.02183138105557414
mild,body_combined_rf,456,4,069,1,0,-0.24614151487262975
mild,body_combined_rf,456,4,076,4,1,0.08788236144525552
mild,body_combined_rf,456,4,089,20,1,0.28029364973715
mild,body_combined_rf,456,4,098,4,1,0.26529142621614843
mild,body_combined_rf,456,4,104,19,0,-0.2526809282319873
mild,body_combined_rf,456,4,106,48,1,-0.20445439828008144
mild,body_combined_rf,456,4,112,94,0,-0.263028118751377
mild,body_combined_rf,456,4,114,92,1,0.3278820819600473
mild,body_combined_rf,456,4,115,41,1,0.10398511287395007
mild,body_combined_rf,456,4,130,88,0,-0.3287653651449265
mild,body_combined_rf,456,4,131,54,1,0.03180122457723222
mild,body_combined_rf,456,4,137,19,0,-0.25509883416155477
mild,body_combined_rf,456,4,150,29,0,-0.017160398828529044
mild,body_combined_rf,456,4,163,48,0,0.07901643532244829
mild,body_combined_rf,456,4,166,19,0,-0.18177263144671968
mild,body_combined_rf,456,4,168,4,1,0.08871732993042059
mild,body_combined_rf,456,4,174,1,0,-0.3179387485107382
mild,body_combined_rf,456,4,176,41,0,-0.10597389077433583
mild,body_combined_rf,456,4,195,94,0,-0.37290062225646203
mild,body_combined_rf,456,4,200,21,0,-0.2706999703088402
mild,body_combined_rf,456,4,210,20,1,0.27734520499946025
mild,body_combined_rf,456,4,214,92,0,-0.24808255761171677
mild,body_combined_rf,456,4,220,88,0,-0.3700941827618139
mild,body_combined_rf,456,4,226,41,1,-0.1227711386963834
mild,body_combined_rf,456,4,238,54,1,0.022181054446143267
mild,body_combined_rf,456,4,239,1,0,-0.17411922871728958
mild,body_combined_rf,456,4,241,29,0,-0.012023726166022541
mild,body_combined_rf,456,4,247,88,0,-0.27818869072778063
mild,body_combined_rf,456,4,259,62,1,0.2565943474979532
mild,body_combined_rf,456,4,260,60,0,-0.25898202149882765
mild,body_combined_rf,456,4,266,88,0,-0.3345548651712943
mild,body_combined_rf,456,4,268,21,0,-0.2152685335101251
mild,body_combined_rf,456,4,270,49,0,-0.12917347368977494
mild,body_combined_rf,789,0,006,49,1,0.38223433048433053
mild,body_combined_rf,789,0,007,90,1,0.07108908610882303
mild,body_combined_rf,789,0,026,86,1,0.3752748732748734
mild,body_combined_rf,789,0,035,83,1,0.09178877056895662
mild,body_combined_rf,789,0,037,90,0,-0.18483912220676924
mild,body_combined_rf,789,0,039,40,0,-0.2969713758463758
mild,body_combined_rf,789,0,045,49,1,0.008199622903183545
mild,body_combined_rf,789,0,047,51,0,-0.27269263715587233
mild,body_combined_rf,789,0,050,51,0,0.08377176119087881
mild,body_combined_rf,789,0,058,50,0,0.09577999777999768
mild,body_combined_rf,789,0,066,90,1,0.02580757831493119
mild,body_combined_rf,789,0,077,86,1,0.34788660141601324
mild,body_combined_rf,789,0,078,93,0,-0.19067179661297295
mild,body_combined_rf,789,0,080,25,0,-0.06584531127913473
mild,body_combined_rf,789,0,081,40,0,-0.19494720780595393
mild,body_combined_rf,789,0,083,79,0,-0.08731495138848056
mild,body_combined_rf,789,0,087,51,0,-0.14302643969091322
mild,body_combined_rf,789,0,092,51,0,-0.06598735061235061
mild,body_combined_rf,789,0,094,93,1,-0.10057563460504637
mild,body_combined_rf,789,0,095,86,1,0.264150752025752
mild,body_combined_rf,789,0,097,2,1,0.22162080609449053
mild,body_combined_rf,789,0,108,61,0,-0.3357267052119993
mild,body_combined_rf,789,0,112,94,0,-0.2875469085438126
mild,body_combined_rf,789,0,119,40,0,-0.27314314803130596
mild,body_combined_rf,789,0,133,51,0,0.10792436778620995
mild,body_combined_rf,789,0,149,40,0,0.06180079678376904
mild,body_combined_rf,789,0,150,29,0,0.026737066038536872
mild,body_combined_rf,789,0,153,83,1,0.11511522262567131
mild,body_combined_rf,789,0,155,68,1,0.3330568044643121
mild,body_combined_rf,789,0,160,51,0,-0.006964432411413868
mild,body_combined_rf,789,0,161,79,1,0.2252703073070721
mild,body_combined_rf,789,0,182,79,1,0.060150189679601396
mild,body_combined_rf,789,0,184,68,0,0.1849238604532718
mild,body_combined_rf,789,0,186,51,0,-0.28888468475968476
mild,body_combined_rf,789,0,195,94,0,-0.36235233285233287
mild,body_combined_rf,789,0,198,93,0,-0.3304352271395615
mild,body_combined_rf,789,0,201,66,1,-0.16354445457077044
mild,body_combined_rf,789,0,208,79,1,0.2759903383653386
mild,body_combined_rf,789,0,212,12,0,-0.086440736064188
mild,body_combined_rf,789,0,215,50,0,-0.34814195064195075
mild,body_combined_rf,789,0,229,51,0,-0.26500732312922715
mild,body_combined_rf,789,0,241,29,0,-0.04283171566995092
mild,body_combined_rf,789,0,246,50,0,-0.309152809608692
mild,body_combined_rf,789,0,254,86,1,0.3421051448551451
mild,body_combined_rf,789,0,257,83,1,0.2804327559695209
mild,body_combined_rf,789,0,267,98,1,-0.14878243733390806
mild,body_combined_rf,789,0,270,49,0,-0.09252742107966566
mild,body_combined_rf,789,1,003,1,0,-0.23726138653794315
mild,body_combined_rf,789,1,005,65,0,-0.21563025066652225
mild,body_combined_rf,789,1,013,92,0,-0.2966921563946523
mild,body_combined_rf,789,1,016,84,1,0.21286606620148607
mild,body_combined_rf,789,1,030,57,1,-0.3182102180116455
mild,body_combined_rf,789,1,048,67,0,-0.09896808143898833
mild,body_combined_rf,789,1,055,15,1,-0.25006727485474345
mild,body_combined_rf,789,1,061,24,1,0.37402845718659483
mild,body_combined_rf,789,1,068,22,1,0.17359582087605685
mild,body_combined_rf,789,1,069,1,0,-0.2755473728706911
mild,body_combined_rf,789,1,085,18,0,-0.37166474307116654
mild,body_combined_rf,789,1,086,18,0,-0.3539256371244235
mild,body_combined_rf,789,1,103,6,0,-0.40892064561199576
mild,body_combined_rf,789,1,106,48,1,-0.1724575899704036
mild,body_combined_rf,789,1,110,22,1,0.07165137279158496
mild,body_combined_rf,789,1,114,92,1,0.26576930800847476
mild,body_combined_rf,789,1,121,74,1,0.2677091746563839
mild,body_combined_rf,789,1,140,84,1,-0.13802000431050998
mild,body_combined_rf,789,1,156,5,0,-0.14964356184334304
mild,body_combined_rf,789,1,158,74,1,0.2834634048601935
mild,body_combined_rf,789,1,163,48,0,0.09062007042453069
mild,body_combined_rf,789,1,164,53,0,-0.32180047647340015
mild,body_combined_rf,789,1,167,22,1,0.12092091018869477
mild,body_combined_rf,789,1,170,53,0,-0.32691157665376547
mild,body_combined_rf,789,1,172,18,0,-0.4153921396469611
mild,body_combined_rf,789,1,174,1,0,-0.33815659105599266
mild,body_combined_rf,789,1,175,74,1,0.3227808993493976
mild,body_combined_rf,789,1,180,73,1,0.23692949564307397
mild,body_combined_rf,789,1,181,6,0,-0.37779438750076133
mild,body_combined_rf,789,1,189,22,1,-0.09890426276932895
mild,body_combined_rf,789,1,193,56,1,0.07435488185635497
mild,body_combined_rf,789,1,194,5,0,-0.2659635798874357
mild,body_combined_rf,789,1,196,67,0,-0.2750673442747306
mild,body_combined_rf,789,1,200,21,0,-0.27651039156597146
mild,body_combined_rf,789,1,204,27,0,-0.23811033380554547
mild,body_combined_rf,789,1,214,92,0,-0.25861965572878143
mild,body_combined_rf,789,1,219,73,1,0.3721036352795418
mild,body_combined_rf,789,1,225,67,0,-0.2540135612862058
mild,body_combined_rf,789,1,231,11,0,-0.3049817545850337
mild,body_combined_rf,789,1,237,18,0,-0.25290606744663924
mild,body_combined_rf,789,1,239,1,0,-0.127356895440422
mild,body_combined_rf,789,1,252,18,0,-0.12303009620982785
mild,body_combined_rf,789,1,256,10,1,0.25645051776827676
mild,body_combined_rf,789,1,262,14,0,-0.11160621683432376
mild,body_combined_rf,789,1,265,18,0,-0.24336628164278284
mild,body_combined_rf,789,1,268,21,0,-0.2707850753999098
mild,body_combined_rf,789,1,272,33,1,0.14843320803761795
mild,body_combined_rf,789,2,014,39,1,0.04444444444444462
mild,body_combined_rf,789,2,015,75,1,-0.24720634920634926
mild,body_combined_rf,789,2,017,8,0,-0.16927777777777775
mild,body_combined_rf,789,2,019,82,0,-0.3902777777777778
mild,body_combined_rf,789,2,021,70,0,0.09311111111111103
mild,body_combined_rf,789,2,034,91,1,0.36916666666666664
mild,body_combined_rf,789,2,036,77,0,-0.23977777777777776
mild,body_combined_rf,789,2,040,8,0,-0.15461111111111125
mild,body_combined_rf,789,2,041,26,1,0.013777777777777889
mild,body_combined_rf,789,2,042,23,0,0.16482539682539676
mild,body_combined_rf,789,2,046,70,1,0.058325396825396725
mild,body_combined_rf,789,2,052,8,0,-0.06638888888888883
mild,body_combined_rf,789,2,057,69,1,0.4249920634920634
mild,body_combined_rf,789,2,064,88,0,-0.3797222222222222
mild,body_combined_rf,789,2,070,75,1,0.010500000000000065
mild,body_combined_rf,789,2,071,23,1,0.35910317460317476
mild,body_combined_rf,789,2,072,70,1,0.0537777777777777
mild,body_combined_rf,789,2,088,82,0,-0.14650000000000002
mild,body_combined_rf,789,2,090,69,0,0.11218253968253977
mild,body_combined_rf,789,2,102,76,1,0.322436507936508
mild,body_combined_rf,789,2,111,77,0,-0.06450000000000006
mild,body_combined_rf,789,2,118,91,1,0.3745952380952381
mild,body_combined_rf,789,2,120,52,0,-0.3312857142857143
mild,body_combined_rf,789,2,122,71,0,-0.09311111111111109
mild,body_combined_rf,789,2,126,82,0,-0.33527777777777773
mild,body_combined_rf,789,2,127,75,1,0.12176984126984147
mild,body_combined_rf,789,2,129,69,1,0.3033888888888888
mild,body_combined_rf,789,2,130,88,0,-0.40281746031746035
mild,body_combined_rf,789,2,134,69,1,0.1269444444444443
mild,body_combined_rf,789,2,136,39,0,0.29600000000000004
mild,body_combined_rf,789,2,138,75,1,0.0979365079365081
mild,body_combined_rf,789,2,152,58,1,0.23970634920634926
mild,body_combined_rf,789,2,157,77,0,-0.2989206349206349
mild,body_combined_rf,789,2,159,52,0,-0.25588888888888883
mild,body_combined_rf,789,2,162,23,0,0.19899999999999995
mild,body_combined_rf,789,2,165,30,0,-0.1389206349206349
mild,body_combined_rf,789,2,169,39,1,0.20811111111111114
mild,body_combined_rf,789,2,178,76,1,0.39349206349206345
mild,body_combined_rf,789,2,185,71,0,-0.15388888888888896
mild,body_combined_rf,789,2,199,82,0,-0.3264285714285714
mild,body_combined_rf,789,2,202,46,0,-0.16349999999999998
mild,body_combined_rf,789,2,203,77,1,0.17227777777777764
mild,body_combined_rf,789,2,220,88,0,-0.3972777777777778
mild,body_combined_rf,789,2,222,52,0,-0.3638174603174603
mild,body_combined_rf,789,2,234,39,0,0.18077777777777793
mild,body_combined_rf,789,2,244,75,1,0.3484999999999999
mild,body_combined_rf,789,2,247,88,0,-0.3495873015873016
mild,body_combined_rf,789,2,255,97,0,0.20288888888888879
mild,body_combined_rf,789,2,266,88,0,-0.3313888888888889
mild,body_combined_rf,789,3,001,87,0,-0.049346200093829506
mild,body_combined_rf,789,3,002,78,0,-0.08643726308221888
mild,body_combined_rf,789,3,008,28,0,0.10552893292567556
mild,body_combined_rf,789,3,010,72,0,-0.10024602714428754
mild,body_combined_rf,789,3,022,34,1,0.14579131536298662
mild,body_combined_rf,789,3,024,89,0,-0.042778251374194554
mild,body_combined_rf,789,3,028,55,0,-0.39019052796648857
mild,body_combined_rf,789,3,038,43,1,-0.05466089069876223
mild,body_combined_rf,789,3,049,87,0,0.0068130320106544184
mild,body_combined_rf,789,3,051,28,0,-0.21442773341181898
mild,body_combined_rf,789,3,053,78,0,0.23574387676719866
mild,body_combined_rf,789,3,054,16,1,0.019044882630428472
mild,body_combined_rf,789,3,062,55,0,-0.3561058965434675
mild,body_combined_rf,789,3,067,34,1,0.03753357868572915
mild,body_combined_rf,789,3,073,13,1,0.33384477953124625
mild,body_combined_rf,789,3,076,4,1,0.024609183217841668
mild,body_combined_rf,789,3,079,43,1,0.007082334982454697
mild,body_combined_rf,789,3,091,96,1,0.13486418640655307
mild,body_combined_rf,789,3,098,4,1,0.27679953319557526
mild,body_combined_rf,789,3,100,72,1,-0.03421616710076686
mild,body_combined_rf,789,3,113,78,0,0.15005221840157035
mild,body_combined_rf,789,3,117,7,0,-0.38235922461477656
mild,body_combined_rf,789,3,128,96,1,0.37619511434762765
mild,body_combined_rf,789,3,131,54,1,-0.01250286094897074
mild,body_combined_rf,789,3,135,64,1,0.3876116392141097
mild,body_combined_rf,789,3,139,89,0,-0.007632132361840516
mild,body_combined_rf,789,3,143,28,0,-0.10273595925941537
mild,body_combined_rf,789,3,146,78,0,0.18341625540012152
mild,body_combined_rf,789,3,147,72,0,0.1602259226597742
mild,body_combined_rf,789,3,148,7,0,-0.3970260945951375
mild,body_combined_rf,789,3,168,4,1,0.07960993479264267
mild,body_combined_rf,789,3,173,89,0,0.04331236102707636
mild,body_combined_rf,789,3,177,32,0,0.1997000880942058
mild,body_combined_rf,789,3,179,37,0,0.24830280440249153
mild,body_combined_rf,789,3,191,87,0,-0.21987481731125946
mild,body_combined_rf,789,3,209,64,0,0.03636382136967431
mild,body_combined_rf,789,3,211,87,0,-0.21933909869564194
mild,body_combined_rf,789,3,221,72,1,-0.16994823737862452
mild,body_combined_rf,789,3,227,78,0,-0.2773567770106681
mild,body_combined_rf,789,3,228,43,1,0.06850885754069014
mild,body_combined_rf,789,3,230,34,0,-0.15873996505290883
mild,body_combined_rf,789,3,233,37,1,0.3182155268196628
mild,body_combined_rf,789,3,235,89,0,0.17129419884705954
mild,body_combined_rf,789,3,238,54,1,-0.0025847237878494633
mild,body_combined_rf,789,3,240,72,0,-0.16157698180132568
mild,body_combined_rf,789,3,259,62,1,0.31101675913342486
mild,body_combined_rf,789,3,260,60,0,-0.32329050781149793
mild,body_combined_rf,789,3,264,31,0,-0.01890323268534644
mild,body_combined_rf,789,4,004,45,1,0.0436333940406729
mild,body_combined_rf,789,4,020,20,1,0.1376615961538209
mild,body_combined_rf,789,4,023,44,0,-0.15876128071577889
mild,body_combined_rf,789,4,027,85,1,0.0837825510506357
mild,body_combined_rf,789,4,029,35,0,-0.06145026708861889
mild,body_combined_rf,789,4,031,38,1,-0.1616175629600653
mild,body_combined_rf,789,4,032,19,0,-0.2580702888298443
mild,body_combined_rf,789,4,060,44,0,0.009969846735499388
mild,body_combined_rf,789,4,065,41,1,0.1593929571337157
mild,body_combined_rf,789,4,075,38,1,-0.3035909500505225
mild,body_combined_rf,789,4,089,20,1,0.3326929229357871
mild,body_combined_rf,789,4,096,17,0,-0.2969222315470573
mild,body_combined_rf,789,4,101,36,0,-0.2933722932988627
mild,body_combined_rf,789,4,104,19,0,-0.23769372045894865
mild,body_combined_rf,789,4,107,35,0,-0.15928604256896445
mild,body_combined_rf,789,4,115,41,1,0.08306534772649954
mild,body_combined_rf,789,4,116,85,0,0.15627171685492325
mild,body_combined_rf,789,4,125,42,0,-0.41552967258966644
mild,body_combined_rf,789,4,132,38,0,-0.18796262607348346
mild,body_combined_rf,789,4,137,19,0,-0.26354725835321857
mild,body_combined_rf,789,4,142,44,0,-0.1480556277339256
mild,body_combined_rf,789,4,144,63,1,0.19414413730138969
mild,body_combined_rf,789,4,145,36,0,-0.2587713507633057
mild,body_combined_rf,789,4,151,85,1,0.21030634917481228
mild,body_combined_rf,789,4,154,45,0,-0.07880724384134635
mild,body_combined_rf,789,4,166,19,0,-0.26877430319241025
mild,body_combined_rf,789,4,171,42,0,-0.39801349798315994
mild,body_combined_rf,789,4,176,41,0,-0.1688714918056251
mild,body_combined_rf,789,4,187,17,0,-0.14964762685526134
mild,body_combined_rf,789,4,188,85,0,-0.15372156967790873
mild,body_combined_rf,789,4,190,44,0,-0.06334527710008991
mild,body_combined_rf,789,4,192,38,0,-0.35078887964441824
mild,body_combined_rf,789,4,197,35,0,-0.2846099898635927
mild,body_combined_rf,789,4,205,95,0,-0.33869413305969565
mild,body_combined_rf,789,4,206,42,0,-0.3426198385077016
mild,body_combined_rf,789,4,210,20,1,0.2958094941559861
mild,body_combined_rf,789,4,213,44,1,0.17693651293298107
mild,body_combined_rf,789,4,216,36,1,0.05967495327418415
mild,body_combined_rf,789,4,223,38,0,-0.26033889076455935
mild,body_combined_rf,789,4,226,41,1,-0.16989897932446374
mild,body_combined_rf,789,4,236,44,0,0.08843207895433591
mild,body_combined_rf,789,4,243,85,1,0.21626110620278838
mild,body_combined_rf,789,4,248,36,1,0.09975779072440649
mild,body_combined_rf,789,4,249,17,1,0.16423001431983708
mild,body_combined_rf,789,4,251,38,0,-0.10595056073779419
mild,body_combined_rf,789,4,253,45,1,-0.04432328211552561
mild,body_combined_rf,789,4,258,85,1,0.0579429166207478
mild,body_combined_rf,789,4,269,44,0,-0.04360704392907233
mild,body_combined_rf,2024,0,004,45,1,0.1693008270884615
mild,body_combined_rf,2024,0,010,72,0,-0.14425863487223312
mild,body_combined_rf,2024,0,017,8,0,-0.039270766878956254
mild,body_combined_rf,2024,0,024,89,0,-0.01871875699758857
mild,body_combined_rf,2024,0,027,85,1,0.009144485304169558
mild,body_combined_rf,2024,0,035,83,1,0.23265556178595403
mild,body_combined_rf,2024,0,040,8,0,0.07942221615225453
mild,body_combined_rf,2024,0,047,51,0,-0.26994200783202726
mild,body_combined_rf,2024,0,050,51,0,0.22748395739883032
mild,body_combined_rf,2024,0,052,8,0,0.07821507511366399
mild,body_combined_rf,2024,0,087,51,0,-0.1328334481414684
mild,body_combined_rf,2024,0,092,51,0,-0.04619851758581223
mild,body_combined_rf,2024,0,100,72,1,-0.02507501339343804
mild,body_combined_rf,2024,0,103,6,0,-0.39552919865945524
mild,body_combined_rf,2024,0,108,61,0,-0.23741801866973128
mild,body_combined_rf,2024,0,116,85,0,0.1308019952349465
mild,body_combined_rf,2024,0,117,7,0,-0.39253587856594396
mild,body_combined_rf,2024,0,121,74,1,0.25011662995854356
mild,body_combined_rf,2024,0,133,51,0,0.21676174926653724
mild,body_combined_rf,2024,0,139,89,0,0.05095443669713051
mild,body_combined_rf,2024,0,144,63,1,0.3475038813158865
mild,body_combined_rf,2024,0,147,72,0,0.20113381491807136
mild,body_combined_rf,2024,0,148,7,0,-0.4095303695452741
mild,body_combined_rf,2024,0,151,85,1,0.23347890667030058
mild,body_combined_rf,2024,0,153,83,1,0.16987368084958887
mild,body_combined_rf,2024,0,154,45,0,-0.026145496168319293
mild,body_combined_rf,2024,0,158,74,1,0.2954900019836655
mild,body_combined_rf,2024,0,160,51,0,-0.062459929689405
mild,body_combined_rf,2024,0,165,30,0,-0.14838729013405577
mild,body_combined_rf,2024,0,173,89,0,0.02905737350979065
mild,body_combined_rf,2024,0,175,74,1,0.35017107320652374
mild,body_combined_rf,2024,0,180,73,1,0.22922711241047988
mild,body_combined_rf,2024,0,181,6,0,-0.36907448728246767
mild,body_combined_rf,2024,0,186,51,0,-0.3077108230104275
mild,body_combined_rf,2024,0,188,85,0,-0.08198704042138588
mild,body_combined_rf,2024,0,193,56,1,0.014813883242497439
mild,body_combined_rf,2024,0,205,95,0,-0.2814799602355166
mild,body_combined_rf,2024,0,219,73,1,0.3584659555804516
mild,body_combined_rf,2024,0,221,72,1,-0.11414235180212035
mild,body_combined_rf,2024,0,229,51,0,-0.25905007796797724
mild,body_combined_rf,2024,0,235,89,0,0.14316211337071216
mild,body_combined_rf,2024,0,240,72,0,-0.05378978012928781
mild,body_combined_rf,2024,0,243,85,1,0.24683989243230775
mild,body_combined_rf,2024,0,253,45,1,0.020593175660186924
mild,body_combined_rf,2024,0,257,83,1,0.3011538087858938
mild,body_combined_rf,2024,0,258,85,1,0.031368571877692486
mild,body_combined_rf,2024,0,262,14,0,-0.06929061874468734
mild,body_combined_rf,2024,1,016,84,1,0.28665569518201117
mild,body_combined_rf,2024,1,026,86,1,0.36403013190513167
mild,body_combined_rf,2024,1,031,38,1,-0.2507804169514696
mild,body_combined_rf,2024,1,032,19,0,-0.33503715558320823
mild,body_combined_rf,2024,1,041,26,1,-0.18780469856940446
mild,body_combined_rf,2024,1,048,67,0,0.007438431938432077
mild,body_combined_rf,2024,1,055,15,1,-0.306406620612503
mild,body_combined_rf,2024,1,065,41,1,0.14299569439275295
mild,body_combined_rf,2024,1,075,38,1,-0.3586982276982277
mild,body_combined_rf,2024,1,077,86,1,0.3776634060384061
mild,body_combined_rf,2024,1,078,93,0,-0.2586821373071373
mild,body_combined_rf,2024,1,085,18,0,-0.4021661965485495
mild,body_combined_rf,2024,1,086,18,0,-0.4001300600271189
mild,body_combined_rf,2024,1,094,93,1,-0.2727043392337509
mild,body_combined_rf,2024,1,095,86,1,0.2754667647167648
mild,body_combined_rf,2024,1,104,19,0,-0.37978136242842125
mild,body_combined_rf,2024,1,106,48,1,-0.12811570296748304
mild,body_combined_rf,2024,1,115,41,1,0.012954126326030324
mild,body_combined_rf,2024,1,120,52,0,-0.4257837995337995
mild,body_combined_rf,2024,1,132,38,0,-0.16918483932648004
mild,body_combined_rf,2024,1,137,19,0,-0.38616808654308654
mild,body_combined_rf,2024,1,140,84,1,-0.0941338813691755
mild,body_combined_rf,2024,1,152,58,1,0.2875192862692866
mild,body_combined_rf,2024,1,155,68,1,0.2722184713434713
mild,body_combined_rf,2024,1,159,52,0,-0.28704391855707645
mild,body_combined_rf,2024,1,163,48,0,0.14211579940527297
mild,body_combined_rf,2024,1,164,53,0,-0.34437469012469013
mild,body_combined_rf,2024,1,166,19,0,-0.3348459406090985
mild,body_combined_rf,2024,1,170,53,0,-0.33776507751507756
mild,body_combined_rf,2024,1,172,18,0,-0.43613804713804716
mild,body_combined_rf,2024,1,176,41,0,-0.23182855399960667
mild,body_combined_rf,2024,1,184,68,0,0.1758130229906546
mild,body_combined_rf,2024,1,192,38,0,-0.36910624755361604
mild,body_combined_rf,2024,1,196,67,0,-0.17129912788736318
mild,body_combined_rf,2024,1,198,93,0,-0.3604208476708477
mild,body_combined_rf,2024,1,201,66,1,-0.22153693820799075
mild,body_combined_rf,2024,1,222,52,0,-0.38410089910089906
mild,body_combined_rf,2024,1,223,38,0,-0.3609286916786917
mild,body_combined_rf,2024,1,225,67,0,-0.24554393400716928
mild,body_combined_rf,2024,1,226,41,1,-0.3067183372183372
mild,body_combined_rf,2024,1,237,18,0,-0.28763089093855343
mild,body_combined_rf,2024,1,251,38,0,-0.08750507383053813
mild,body_combined_rf,2024,1,252,18,0,-0.10664112129127612
mild,body_combined_rf,2024,1,254,86,1,0.3298479298479301
mild,body_combined_rf,2024,1,256,10,1,0.286957977207977
mild,body_combined_rf,2024,1,260,60,0,-0.2812166716725541
mild,body_combined_rf,2024,1,265,18,0,-0.3082580491404021
mild,body_combined_rf,2024,2,005,65,0,-0.20362547175047174
mild,body_combined_rf,2024,2,006,49,1,0.27768935693935726
mild,body_combined_rf,2024,2,007,90,1,-0.06788323604500096
mild,body_combined_rf,2024,2,015,75,1,-0.17092680114003644
mild,body_combined_rf,2024,2,023,44,0,-0.19454584304584316
mild,body_combined_rf,2024,2,029,35,0,-0.07952975727975736
mild,body_combined_rf,2024,2,034,91,1,0.3245947902859665
mild,body_combined_rf,2024,2,037,90,0,-0.19805777113323536
mild,body_combined_rf,2024,2,039,40,0,-0.29689891249101774
mild,body_combined_rf,2024,2,045,49,1,0.01576368988481991
mild,body_combined_rf,2024,2,057,69,1,0.3605736670736672
mild,body_combined_rf,2024,2,058,50,0,0.04829032568738445
mild,body_combined_rf,2024,2,060,44,0,0.013923890923890903
mild,body_combined_rf,2024,2,066,90,1,-0.015883438184908782
mild,body_combined_rf,2024,2,070,75,1,0.02716690716690706
mild,body_combined_rf,2024,2,081,40,0,-0.20845846234662024
mild,body_combined_rf,2024,2,090,69,0,0.11316506622892086
mild,body_combined_rf,2024,2,102,76,1,0.3357326178723238
mild,body_combined_rf,2024,2,107,35,0,-0.22085077395371494
mild,body_combined_rf,2024,2,118,91,1,0.33731741040177576
mild,body_combined_rf,2024,2,119,40,0,-0.3136849354349355
mild,body_combined_rf,2024,2,127,75,1,0.14768950956450966
mild,body_combined_rf,2024,2,129,69,1,0.22833071558071572
mild,body_combined_rf,2024,2,134,69,1,0.13620312484786157
mild,body_combined_rf,2024,2,138,75,1,0.1495976292226293
mild,body_combined_rf,2024,2,142,44,0,-0.1910017107075931
mild,body_combined_rf,2024,2,149,40,0,0.021851241895359363
mild,body_combined_rf,2024,2,150,29,0,-0.0042386080694903905
mild,body_combined_rf,2024,2,156,5,0,-0.0957506267525618
mild,body_combined_rf,2024,2,178,76,1,0.3265782839165191
mild,body_combined_rf,2024,2,179,37,0,0.22853366513660622
mild,body_combined_rf,2024,2,190,44,0,-0.09559191734191735
mild,body_combined_rf,2024,2,194,5,0,-0.30104604328133744
mild,body_combined_rf,2024,2,197,35,0,-0.2632949764660291
mild,body_combined_rf,2024,2,202,46,0,-0.16465810224633748
mild,body_combined_rf,2024,2,204,27,0,-0.27839527547615783
mild,body_combined_rf,2024,2,213,44,1,0.21315759730465622
mild,body_combined_rf,2024,2,215,50,0,-0.3653927091427092
mild,body_combined_rf,2024,2,231,11,0,-0.24678722203722203
mild,body_combined_rf,2024,2,233,37,1,0.2993839107515579
mild,body_combined_rf,2024,2,236,44,0,0.13268676285588044
mild,body_combined_rf,2024,2,241,29,0,-0.037897186147186124
mild,body_combined_rf,2024,2,244,75,1,0.3992585100085101
mild,body_combined_rf,2024,2,246,50,0,-0.3244847189847191
mild,body_combined_rf,2024,2,267,98,1,-0.1034949448699447
mild,body_combined_rf,2024,2,269,44,0,-0.05233453610659494
mild,body_combined_rf,2024,2,270,49,0,-0.06785460971490381
mild,body_combined_rf,2024,3,002,78,0,-0.14407142857142852
mild,body_combined_rf,2024,3,008,28,0,-0.02680952380952384
mild,body_combined_rf,2024,3,013,92,0,-0.26888888888888884
mild,body_combined_rf,2024,3,014,39,1,-0.06287301587301586
mild,body_combined_rf,2024,3,019,82,0,-0.37344444444444447
mild,body_combined_rf,2024,3,038,43,1,-0.17539682539682544
mild,body_combined_rf,2024,3,042,23,0,0.08372222222222236
mild,body_combined_rf,2024,3,051,28,0,-0.24177777777777776
mild,body_combined_rf,2024,3,053,78,0,0.18938888888888883
mild,body_combined_rf,2024,3,054,16,1,0.024222222222222256
mild,body_combined_rf,2024,3,068,22,1,0.1517142857142858
mild,body_combined_rf,2024,3,071,23,1,0.42805555555555563
mild,body_combined_rf,2024,3,073,13,1,0.31441269841269825
mild,body_combined_rf,2024,3,079,43,1,-0.015571428571428292
mild,body_combined_rf,2024,3,088,82,0,-0.12527777777777782
mild,body_combined_rf,2024,3,091,96,1,0.07180158730158726
mild,body_combined_rf,2024,3,096,17,0,-0.33011111111111113
mild,body_combined_rf,2024,3,097,2,1,0.2543333333333333
mild,body_combined_rf,2024,3,110,22,1,0.07079629629629647
mild,body_combined_rf,2024,3,112,94,0,-0.2601666666666666
mild,body_combined_rf,2024,3,113,78,0,0.2236666666666668
mild,body_combined_rf,2024,3,114,92,1,0.3539444444444443
mild,body_combined_rf,2024,3,125,42,0,-0.4502777777777778
mild,body_combined_rf,2024,3,126,82,0,-0.35650000000000004
mild,body_combined_rf,2024,3,128,96,1,0.4033333333333333
mild,body_combined_rf,2024,3,131,54,1,0.03750000000000009
mild,body_combined_rf,2024,3,136,39,0,0.3138253968253969
mild,body_combined_rf,2024,3,143,28,0,-0.13870634920634917
mild,body_combined_rf,2024,3,146,78,0,0.21855555555555561
mild,body_combined_rf,2024,3,162,23,0,0.2208888888888887
mild,body_combined_rf,2024,3,167,22,1,0.16355555555555568
mild,body_combined_rf,2024,3,169,39,1,0.26244444444444437
mild,body_combined_rf,2024,3,171,42,0,-0.4388888888888889
mild,body_combined_rf,2024,3,177,32,0,0.2964999999999999
mild,body_combined_rf,2024,3,187,17,0,-0.1622222222222222
mild,body_combined_rf,2024,3,189,22,1,-0.09338888888888891
mild,body_combined_rf,2024,3,195,94,0,-0.3844444444444445
mild,body_combined_rf,2024,3,199,82,0,-0.3864444444444445
mild,body_combined_rf,2024,3,200,21,0,-0.254
mild,body_combined_rf,2024,3,206,42,0,-0.37383333333333335
mild,body_combined_rf,2024,3,214,92,0,-0.2985555555555556
mild,body_combined_rf,2024,3,227,78,0,-0.31472222222222224
mild,body_combined_rf,2024,3,228,43,1,0.02794444444444466
mild,body_combined_rf,2024,3,234,39,0,0.13718518518518497
mild,body_combined_rf,2024,3,238,54,1,-0.017222222222222194
mild,body_combined_rf,2024,3,249,17,1,0.20944444444444443
mild,body_combined_rf,2024,3,264,31,0,-0.07630952380952377
mild,body_combined_rf,2024,3,268,21,0,-0.2208888888888889
mild,body_combined_rf,2024,3,272,33,1,0.08871428571428552
mild,body_combined_rf,2024,4,001,87,0,-0.15712277013205816
mild,body_combined_rf,2024,4,003,1,0,-0.2739474104327045
mild,body_combined_rf,2024,4,020,20,1,0.11453921983875559
mild,body_combined_rf,2024,4,021,70,0,0.08964714087082504
mild,body_combined_rf,2024,4,022,34,1,0.08979751131221769
mild,body_combined_rf,2024,4,028,55,0,-0.4117145123395124
mild,body_combined_rf,2024,4,030,57,1,-0.39679797054797056
mild,body_combined_rf,2024,4,036,77,0,-0.23658233732498446
mild,body_combined_rf,2024,4,046,70,1,0.007371627011332982
mild,body_combined_rf,2024,4,049,87,0,-0.15209190754778978
mild,body_combined_rf,2024,4,061,24,1,0.40195620120620124
mild,body_combined_rf,2024,4,062,55,0,-0.3808022718022718
mild,body_combined_rf,2024,4,064,88,0,-0.3565105403855403
mild,body_combined_rf,2024,4,067,34,1,0.10134831671596378
mild,body_combined_rf,2024,4,069,1,0,-0.3036419073845543
mild,body_combined_rf,2024,4,072,70,1,0.06659938073908689
mild,body_combined_rf,2024,4,076,4,1,0.04618376585288375
mild,body_combined_rf,2024,4,080,25,0,-0.06783466436098007
mild,body_combined_rf,2024,4,083,79,0,-0.08487139385668818
mild,body_combined_rf,2024,4,089,20,1,0.3036580943566237
mild,body_combined_rf,2024,4,098,4,1,0.25941025738394174
mild,body_combined_rf,2024,4,101,36,0,-0.25152822542954134
mild,body_combined_rf,2024,4,111,77,0,-0.04964062229193816
mild,body_combined_rf,2024,4,122,71,0,-0.15501606302767307
mild,body_combined_rf,2024,4,130,88,0,-0.3740433409183409
mild,body_combined_rf,2024,4,135,64,1,0.39688993413993445
mild,body_combined_rf,2024,4,145,36,0,-0.25208613184774187
mild,body_combined_rf,2024,4,157,77,0,-0.3560182918932918
mild,body_combined_rf,2024,4,161,79,1,0.15571059321368896
mild,body_combined_rf,2024,4,168,4,1,0.07277050707004251
mild,body_combined_rf,2024,4,174,1,0,-0.381729467700056
mild,body_combined_rf,2024,4,182,79,1,-0.0027037470756509085
mild,body_combined_rf,2024,4,185,71,0,-0.18436992349182763
mild,body_combined_rf,2024,4,191,87,0,-0.2588485357235356
mild,body_combined_rf,2024,4,203,77,1,0.12156162084103261
mild,body_combined_rf,2024,4,208,79,1,0.2004322036895565
mild,body_combined_rf,2024,4,209,64,0,-0.00902440288469708
mild,body_combined_rf,2024,4,210,20,1,0.2404153392903392
mild,body_combined_rf,2024,4,211,87,0,-0.22659267413872675
mild,body_combined_rf,2024,4,212,12,0,-0.16895464414040245
mild,body_combined_rf,2024,4,216,36,1,0.11048733891380946
mild,body_combined_rf,2024,4,220,88,0,-0.38471704684204683
mild,body_combined_rf,2024,4,230,34,0,-0.18329881556352134
mild,body_combined_rf,2024,4,239,1,0,-0.1960577891607302
mild,body_combined_rf,2024,4,247,88,0,-0.3042834194672429
mild,body_combined_rf,2024,4,248,36,1,0.1628880319027377
mild,body_combined_rf,2024,4,255,97,0,0.21543782470253037
mild,body_combined_rf,2024,4,259,62,1,0.23893038443038417
mild,body_combined_rf,2024,4,266,88,0,-0.30273307710807706
all,body_combined_svm,42,0,001,87,0,-0.4278919787569355
all,body_combined_svm,42,0,005,65,0,-0.40183779182798296
all,body_combined_svm,42,0,017,8,0,-0.5805166064796966
all,body_combined_svm,42,0,022,34,1,0.2897134768359595
all,body_combined_svm,42,0,025,81,1,0.4444085281602317
all,body_combined_svm,42,0,033,46,1,1.3760745780632853
all,body_combined_svm,42,0,040,8,0,-0.15368239420992225
all,body_combined_svm,42,0,044,15,1,1.579302125360192
all,body_combined_svm,42,0,047,51,0,-0.6269930524404457
all,body_combined_svm,42,0,049,87,0,-0.2657373526085486
all,body_combined_svm,42,0,050,51,0,0.5814171056307987
all,body_combined_svm,42,0,052,8,0,0.004846337542578211
all,body_combined_svm,42,0,055,15,1,-1.0847132888237883
all,body_combined_svm,42,0,057,69,1,1.0709930551628357
all,body_combined_svm,42,0,059,97,1,1.1764216321901038
all,body_combined_svm,42,0,067,34,1,-0.15031558709847984
all,body_combined_svm,42,0,068,22,1,0.30202774753135386
all,body_combined_svm,42,0,074,81,1,-0.07745818282510114
all,body_combined_svm,42,0,080,25,0,-0.764639861347275
all,body_combined_svm,42,0,082,15,1,-0.18690261177690679
all,body_combined_svm,42,0,087,51,0,0.06805163515711807
all,body_combined_svm,42,0,090,69,0,0.09312626865335694
all,body_combined_svm,42,0,092,51,0,0.24696677112762508
all,body_combined_svm,42,0,099,97,1,1.5031037693363303
all,body_combined_svm,42,0,106,48,1,-0.7957736594713718
all,body_combined_svm,42,0,109,46,1,0.9670451269018063
all,body_combined_svm,42,0,110,22,1,0.4343363014238071
all,body_combined_svm,42,0,117,7,0,-0.9715762393635263
all,body_combined_svm,42,0,123,81,1,1.3044693421846814
all,body_combined_svm,42,0,129,69,1,0.9872276900598653
all,body_combined_svm,42,0,131,54,1,0.2605910536167886
all,body_combined_svm,42,0,133,51,0,0.4267852196710026
all,body_combined_svm,42,0,134,69,1,0.220998469947891
all,body_combined_svm,42,0,135,64,1,1.2858164355341597
all,body_combined_svm,42,0,148,7,0,-1.0192741131318936
all,body_combined_svm,42,0,156,5,0,-0.4745075924620352
all,body_combined_svm,42,0,160,51,0,0.47774269322471596
all,body_combined_svm,42,0,163,48,0,0.3368355016178205
all,body_combined_svm,42,0,165,30,0,-0.6981435387468278
all,body_combined_svm,42,0,167,22,1,0.4157890493559846
all,body_combined_svm,42,0,183,80,1,1.5184693048805242
all,body_combined_svm,42,0,186,51,0,-0.5898409530635322
all,body_combined_svm,42,0,189,22,1,-0.399971804176367
all,body_combined_svm,42,0,191,87,0,-0.9051328780886592
all,body_combined_svm,42,0,194,5,0,-0.2996775359711432
all,body_combined_svm,42,0,202,46,0,-0.13963377199437382
all,body_combined_svm,42,0,209,64,0,0.052376874105416166
all,body_combined_svm,42,0,211,87,0,-0.9892472880272003
all,body_combined_svm,42,0,229,51,0,-0.43631427305795134
all,body_combined_svm,42,0,230,34,0,-0.003133890091982894
all,body_combined_svm,42,0,238,54,1,-0.11254783300332169
all,body_combined_svm,42,0,245,80,1,1.6783327619111146
all,body_combined_svm,42,0,250,15,1,1.0900071869930492
all,body_combined_svm,42,0,255,97,0,1.0529283015291926
all,body_combined_svm,42,0,262,14,0,-0.02290176670938615
all,body_combined_svm,42,1,007,90,1,0.22664754724431746
all,body_combined_svm,42,1,011,47,1,0.646147071876283
all,body_combined_svm,42,1,012,73,1,1.9408953866907475
all,body_combined_svm,42,1,019,82,0,-0.4935955981922074
all,body_combined_svm,42,1,021,70,0,0.0965610134158445
all,body_combined_svm,42,1,026,86,1,1.317663813261065
all,body_combined_svm,42,1,028,55,0,-0.8655646652630493
all,body_combined_svm,42,1,029,35,0,-0.37749256451238894
all,body_combined_svm,42,1,031,38,1,-0.4738661807300971
all,body_combined_svm,42,1,036,77,0,-0.3417432559960169
all,body_combined_svm,42,1,037,90,0,-0.8998017669241362
all,body_combined_svm,42,1,046,70,1,0.5436204361297943
all,body_combined_svm,42,1,056,47,1,0.6454841680391578
all,body_combined_svm,42,1,061,24,1,1.3619556097192467
all,body_combined_svm,42,1,062,55,0,-1.2165867053104282
all,body_combined_svm,42,1,066,90,1,0.06051337639309756
all,body_combined_svm,42,1,072,70,1,0.06953727879279922
all,body_combined_svm,42,1,073,13,1,0.8416583827533107
all,body_combined_svm,42,1,075,38,1,-0.8510413807276941
all,body_combined_svm,42,1,077,86,1,1.5500631613419822
all,body_combined_svm,42,1,085,18,0,-1.2059823221197252
all,body_combined_svm,42,1,086,18,0,-0.3894530222251006
all,body_combined_svm,42,1,088,82,0,-0.8165291205187862
all,body_combined_svm,42,1,093,73,1,1.308532836059136
all,body_combined_svm,42,1,095,86,1,0.796584161589995
all,body_combined_svm,42,1,096,17,0,-1.1473173360968567
all,body_combined_svm,42,1,107,35,0,-0.44624782231490034
all,body_combined_svm,42,1,111,77,0,-0.11461028807081
all,body_combined_svm,42,1,124,37,1,0.575350955694872
all,body_combined_svm,42,1,126,82,0,-1.3066977039193992
all,body_combined_svm,42,1,132,38,0,-0.37873299182535214
all,body_combined_svm,42,1,141,37,1,0.3452152792818782
all,body_combined_svm,42,1,157,77,0,-0.2587306909169037
all,body_combined_svm,42,1,172,18,0,-1.1282570143882438
all,body_combined_svm,42,1,177,32,0,0.5916770758196823
all,body_combined_svm,42,1,179,37,0,0.37820621501442775
all,body_combined_svm,42,1,180,73,1,0.7398817835840898
all,body_combined_svm,42,1,187,17,0,-0.4596623937771778
all,body_combined_svm,42,1,192,38,0,-0.7667013603755476
all,body_combined_svm,42,1,197,35,0,-0.6464009894828058
all,body_combined_svm,42,1,199,82,0,-0.13185633435584743
all,body_combined_svm,42,1,201,66,1,-0.7079157256345547
all,body_combined_svm,42,1,203,77,1,0.6575179437463907
all,body_combined_svm,42,1,219,73,1,1.4897371033340077
all,body_combined_svm,42,1,223,38,0,-0.23299209997434123
all,body_combined_svm,42,1,233,37,1,0.8692952662085245
all,body_combined_svm,42,1,237,18,0,-1.1985140474354794
all,body_combined_svm,42,1,249,17,1,0.30317595720457136
all,body_combined_svm,42,1,251,38,0,-0.3946240473505032
all,body_combined_svm,42,1,252,18,0,-0.8297627380891065
all,body_combined_svm,42,1,254,86,1,1.1326233666842327
all,body_combined_svm,42,1,265,18,0,-0.9107421152703473
all,body_combined_svm,42,1,271,47,1,0.7678028573568841
all,body_combined_svm,42,2,002,78,0,-0.42257576664158514
all,body_combined_svm,42,2,009,2,1,0.9592373989288407
all,body_combined_svm,42,2,010,72,0,-0.8792434312126394
all,body_combined_svm,42,2,013,92,0,-0.08726190395125152
all,body_combined_svm,42,2,014,39,1,-0.6013436059816248
all,body_combined_svm,42,2,016,84,1,0.852846220952894
all,body_combined_svm,42,2,020,20,1,0.4739489682458903
all,body_combined_svm,42,2,024,89,0,-0.4968544080667291
all,body_combined_svm,42,2,032,19,0,0.19507645781367597
all,body_combined_svm,42,2,034,91,1,0.7190401735694368
all,body_combined_svm,42,2,048,67,0,-0.2215624558150204
all,body_combined_svm,42,2,053,78,0,0.572407121898664
all,body_combined_svm,42,2,063,84,1,1.2376309065617275
all,body_combined_svm,42,2,083,79,0,-0.1938800347822521
all,body_combined_svm,42,2,089,20,1,1.0561663678611426
all,body_combined_svm,42,2,097,2,1,0.7739921159584936
all,body_combined_svm,42,2,100,72,1,-1.1136576874127735
all,body_combined_svm,42,2,104,19,0,-0.6353078146765521
all,body_combined_svm,42,2,112,94,0,-0.7125092547260626
all,body_combined_svm,42,2,113,78,0,-0.029672895398774907
all,body_combined_svm,42,2,114,92,1,0.7712705320109097
all,body_combined_svm,42,2,118,91,1,0.982117780822501
all,body_combined_svm,42,2,121,74,1,0.2888669037988827
all,body_combined_svm,42,2,136,39,0,0.949266669452928
all,body_combined_svm,42,2,137,19,0,-0.7718158667043936
all,body_combined_svm,42,2,139,89,0,-0.1465489506331948
all,body_combined_svm,42,2,140,84,1,-0.4245874376526241
all,body_combined_svm,42,2,144,63,1,0.7188675710719843
all,body_combined_svm,42,2,146,78,0,0.33205639319091984
all,body_combined_svm,42,2,147,72,0,-0.03493594681894685
all,body_combined_svm,42,2,158,74,1,1.310724327800677
all,body_combined_svm,42,2,161,79,1,0.39952233948785354
all,body_combined_svm,42,2,166,19,0,-0.714361801272926
all,body_combined_svm,42,2,169,39,1,-0.06829423119341657
all,body_combined_svm,42,2,173,89,0,-0.39270279210763226
all,body_combined_svm,42,2,175,74,1,1.3041604882269093
all,body_combined_svm,42,2,182,79,1,0.5835305916119026
all,body_combined_svm,42,2,195,94,0,-0.9517210460128999
all,body_combined_svm,42,2,196,67,0,-0.3285533774038837
all,body_combined_svm,42,2,200,21,0,-0.7174996096322903
all,body_combined_svm,42,2,205,95,0,-0.7755896780870887
all,body_combined_svm,42,2,208,79,1,0.6681714278532662
all,body_combined_svm,42,2,210,20,1,0.71413940749019
all,body_combined_svm,42,2,214,92,0,0.21679308051398485
all,body_combined_svm,42,2,221,72,1,-0.4168745696093351
all,body_combined_svm,42,2,224,59,1,1.1771871045884057
all,body_combined_svm,42,2,225,67,0,-0.43356429419639597
all,body_combined_svm,42,2,227,78,0,-0.99457778646775
all,body_combined_svm,42,2,232,74,1,1.320570896982162
all,body_combined_svm,42,2,234,39,0,0.566235750005506
all,body_combined_svm,42,2,235,89,0,0.025784361408564244
all,body_combined_svm,42,2,240,72,0,0.2501900888167916
all,body_combined_svm,42,2,261,74,1,1.3742908025366207
all,body_combined_svm,42,2,268,21,0,-0.8438662546458109
all,body_combined_svm,42,2,272,33,1,0.11290683404547855
all,body_combined_svm,42,3,006,49,1,0.9093249698580257
all,body_combined_svm,42,3,008,28,0,0.33299460767174927
all,body_combined_svm,42,3,023,44,0,-0.5768000780222309
all,body_combined_svm,42,3,027,85,1,-0.04775328713963545
all,body_combined_svm,42,3,030,57,1,-1.2195200230867642
all,body_combined_svm,42,3,039,40,0,-1.180694983025064
all,body_combined_svm,42,3,041,26,1,-0.6002708927153388
all,body_combined_svm,42,3,042,23,0,0.12594043687191753
all,body_combined_svm,42,3,045,49,1,-0.5049244956056135
all,body_combined_svm,42,3,051,28,0,-0.3139737834024839
all,body_combined_svm,42,3,058,50,0,0.25340423973515613
all,body_combined_svm,42,3,060,44,0,0.2000497062581137
all,body_combined_svm,42,3,065,41,1,0.4424926520157588
all,body_combined_svm,42,3,071,23,1,1.7360572869713817
all,body_combined_svm,42,3,076,4,1,-0.18435319690290639
all,body_combined_svm,42,3,078,93,0,-0.549863298171502
all,body_combined_svm,42,3,081,40,0,-0.7210686510036943
all,body_combined_svm,42,3,091,96,1,-0.5914451387285649
all,body_combined_svm,42,3,094,93,1,-0.5720093138857829
all,body_combined_svm,42,3,098,4,1,0.9466086550460979
all,body_combined_svm,42,3,102,76,1,0.8234575039038412
all,body_combined_svm,42,3,115,41,1,-0.3235812651691928
all,body_combined_svm,42,3,116,85,0,0.2926381220449805
all,body_combined_svm,42,3,119,40,0,-1.1380105006209864
all,body_combined_svm,42,3,128,96,1,1.0581430503962765
all,body_combined_svm,42,3,142,44,0,-0.16796397024367288
all,body_combined_svm,42,3,143,28,0,-0.43754926297168045
all,body_combined_svm,42,3,149,40,0,0.34638349705866833
all,body_combined_svm,42,3,150,29,0,0.7363961699332546
all,body_combined_svm,42,3,151,85,1,0.4485367433291555
all,body_combined_svm,42,3,152,58,1,0.3015603850610895
all,body_combined_svm,42,3,162,23,0,0.1737436813107272
all,body_combined_svm,42,3,168,4,1,0.3097140180939204
all,body_combined_svm,42,3,176,41,0,-0.4045737110705552
all,body_combined_svm,42,3,178,76,1,1.2709595112024579
all,body_combined_svm,42,3,188,85,0,-0.5185237460132649
all,body_combined_svm,42,3,190,44,0,-0.12446929189605815
all,body_combined_svm,42,3,198,93,0,-0.5994467273762358
all,body_combined_svm,42,3,213,44,1,0.64923003689778
all,body_combined_svm,42,3,215,50,0,-1.4667508165567629
all,body_combined_svm,42,3,217,76,1,1.1987743687691426
all,body_combined_svm,42,3,226,41,1,-0.3666610972305928
all,body_combined_svm,42,3,236,44,0,0.7638437577398436
all,body_combined_svm,42,3,241,29,0,0.1206135817652087
all,body_combined_svm,42,3,242,76,1,-0.06756152315921043
all,body_combined_svm,42,3,243,85,1,0.8036047066423284
all,body_combined_svm,42,3,246,50,0,-0.9133233676871212
all,body_combined_svm,42,3,258,85,1,-0.08065239956917114
all,body_combined_svm,42,3,260,60,0,-0.684387060162047
all,body_combined_svm,42,3,263,76,1,1.3279749039519673
all,body_combined_svm,42,3,264,31,0,-0.2031426431575457
all,body_combined_svm,42,3,269,44,0,-0.34121159758886066
all,body_combined_svm,42,3,270,49,0,-0.062262606956344946
all,body_combined_svm,42,4,003,1,0,-0.7583322942822377
all,body_combined_svm,42,4,004,45,1,0.8206742461215732
all,body_combined_svm,42,4,015,75,1,-0.9997370099142666
all,body_combined_svm,42,4,018,9,1,0.11863896531666909
all,body_combined_svm,42,4,035,83,1,-0.1365915698736308
all,body_combined_svm,42,4,038,43,1,-0.897001814666679
all,body_combined_svm,42,4,043,9,1,0.12833791625025578
all,body_combined_svm,42,4,054,16,1,-0.10489092907603102
all,body_combined_svm,42,4,064,88,0,-1.219505106771643
all,body_combined_svm,42,4,069,1,0,-0.6185499913259109
all,body_combined_svm,42,4,070,75,1,-0.5880154587062951
all,body_combined_svm,42,4,079,43,1,-0.059556007153789
all,body_combined_svm,42,4,084,3,1,0.2940200192449465
all,body_combined_svm,42,4,101,36,0,-0.3522046928829794
all,body_combined_svm,42,4,103,6,0,-0.2623870501438992
all,body_combined_svm,42,4,105,16,1,0.5097561733027578
all,body_combined_svm,42,4,108,61,0,-0.8948541855386739
all,body_combined_svm,42,4,120,52,0,-0.5569944437905765
all,body_combined_svm,42,4,122,71,0,-0.9161900872835547
all,body_combined_svm,42,4,125,42,0,-1.3547246782509275
all,body_combined_svm,42,4,127,75,1,0.5232779388949825
all,body_combined_svm,42,4,130,88,0,-1.2320546486353363
all,body_combined_svm,42,4,138,75,1,-0.12538282485277819
all,body_combined_svm,42,4,145,36,0,-0.6299887095818509
all,body_combined_svm,42,4,153,83,1,0.14060886128280356
all,body_combined_svm,42,4,154,45,0,0.10755162456780096
all,body_combined_svm,42,4,155,68,1,0.6667631841237476
all,body_combined_svm,42,4,159,52,0,-0.7066306137351211
all,body_combined_svm,42,4,164,53,0,-0.6547743372128779
all,body_combined_svm,42,4,170,53,0,-0.6350210233095345
all,body_combined_svm,42,4,171,42,0,-1.4583008716525137
all,body_combined_svm,42,4,174,1,0,-1.5838428211657751
all,body_combined_svm,42,4,181,6,0,-1.6739582416898682
all,body_combined_svm,42,4,184,68,0,0.1982433966582499
all,body_combined_svm,42,4,185,71,0,-0.7118356122860073
all,body_combined_svm,42,4,193,56,1,0.595344798421667
all,body_combined_svm,42,4,204,27,0,-0.8531983346333831
all,body_combined_svm,42,4,206,42,0,-1.3391879644904618
all,body_combined_svm,42,4,207,3,1,0.6105425559319313
all,body_combined_svm,42,4,212,12,0,-0.32059327382288905
all,body_combined_svm,42,4,216,36,1,-0.18831897678798248
all,body_combined_svm,42,4,218,56,1,1.534253242660997
all,body_combined_svm,42,4,220,88,0,-1.2935782784043142
all,body_combined_svm,42,4,222,52,0,-0.613389748441639
all,body_combined_svm,42,4,228,43,1,0.5492759365115942
all,body_combined_svm,42,4,231,11,0,-0.5405486429892392
all,body_combined_svm,42,4,239,1,0,-0.7323017753550392
all,body_combined_svm,42,4,244,75,1,0.8981200423069977
all,body_combined_svm,42,4,247,88,0,-0.8406904030134861
all,body_combined_svm,42,4,248,36,1,0.4486999797310076
all,body_combined_svm,42,4,253,45,1,-0.39470024555194594
all,body_combined_svm,42,4,256,10,1,0.7099177976711546
all,body_combined_svm,42,4,257,83,1,0.44398161662725766
all,body_combined_svm,42,4,259,62,1,0.41629752170503453
all,body_combined_svm,42,4,266,88,0,-0.929527757495167
all,body_combined_svm,42,4,267,98,1,-0.9006025325049556
all,body_combined_svm,123,0,012,73,1,1.7671389965391007
all,body_combined_svm,123,0,025,81,1,0.35563433575998804
all,body_combined_svm,123,0,033,46,1,1.472770947156908
all,body_combined_svm,123,0,039,40,0,-1.1332949857583592
all,body_combined_svm,123,0,041,26,1,-0.44119838980264514
all,body_combined_svm,123,0,047,51,0,-0.5834013890158627
all,body_combined_svm,123,0,050,51,0,0.4055406909166194
all,body_combined_svm,123,0,058,50,0,0.2725111559621065
all,body_combined_svm,123,0,059,97,1,1.1940148886217843
all,body_combined_svm,123,0,068,22,1,0.14802810313956832
all,body_combined_svm,123,0,074,81,1,-0.18295686604131672
all,body_combined_svm,123,0,081,40,0,-0.6964850474676552
all,body_combined_svm,123,0,083,79,0,-0.5558202678102502
all,body_combined_svm,123,0,087,51,0,0.11260565244828424
all,body_combined_svm,123,0,092,51,0,0.3712162508733168
all,body_combined_svm,123,0,093,73,1,1.0943516630828052
all,body_combined_svm,123,0,096,17,0,-0.9600515653484338
all,body_combined_svm,123,0,099,97,1,1.5443398724048303
all,body_combined_svm,123,0,101,36,0,-0.47900454546192855
all,body_combined_svm,123,0,103,6,0,-0.3182887738092187
all,body_combined_svm,123,0,109,46,1,1.0232867815417874
all,body_combined_svm,123,0,110,22,1,0.30921668491386844
all,body_combined_svm,123,0,112,94,0,-0.9262516187001929
all,body_combined_svm,123,0,119,40,0,-1.0492466800290952
all,body_combined_svm,123,0,123,81,1,1.2283290793516544
all,body_combined_svm,123,0,124,37,1,0.6706647951799073
all,body_combined_svm,123,0,133,51,0,0.4407058061406317
all,body_combined_svm,123,0,141,37,1,0.22737329052769822
all,body_combined_svm,123,0,145,36,0,-0.7845776828315577
all,body_combined_svm,123,0,149,40,0,0.1440303469419537
all,body_combined_svm,123,0,160,51,0,0.4727993316188548
all,body_combined_svm,123,0,161,79,1,0.5179024144005956
all,body_combined_svm,123,0,167,22,1,0.3891229607570279
all,body_combined_svm,123,0,177,32,0,1.001371654425478
all,body_combined_svm,123,0,179,37,0,0.15128642542486426
all,body_combined_svm,123,0,180,73,1,0.4973576047179413
all,body_combined_svm,123,0,181,6,0,-1.6037615907481968
all,body_combined_svm,123,0,182,79,1,0.2989395465847182
all,body_combined_svm,123,0,186,51,0,-0.6020609651499359
all,body_combined_svm,123,0,187,17,0,-0.36417714920666633
all,body_combined_svm,123,0,189,22,1,-0.47854515356668575
all,body_combined_svm,123,0,195,94,0,-1.0975044049855405
all,body_combined_svm,123,0,202,46,0,-0.11456331917751542
all,body_combined_svm,123,0,208,79,1,0.8254932267849955
all,body_combined_svm,123,0,215,50,0,-1.2445313504147633
all,body_combined_svm,123,0,216,36,1,0.028658024109356528
all,body_combined_svm,123,0,219,73,1,1.2394382305577711
all,body_combined_svm,123,0,229,51,0,-0.2490766014813645
all,body_combined_svm,123,0,231,11,0,-0.5624601516347623
all,body_combined_svm,123,0,233,37,1,0.5876148204621986
all,body_combined_svm,123,0,246,50,0,-0.622954344630098
all,body_combined_svm,123,0,248,36,1,0.5520766598060396
all,body_combined_svm,123,0,249,17,1,0.39936646140723586
all,body_combined_svm,123,0,255,97,0,0.9847971381554905
all,body_combined_svm,123,1,009,2,1,0.5528321900408933
all,body_combined_svm,123,1,016,84,1,0.4631458037059838
all,body_combined_svm,123,1,020,20,1,0.617373075166483
all,body_combined_svm,123,1,021,70,0,-0.055099653491016976
all,body_combined_svm,123,1,022,34,1,-0.17264241383018014
all,body_combined_svm,123,1,032,19,0,-0.6210924273277177
all,body_combined_svm,123,1,046,70,1,0.4219400881863826
all,body_combined_svm,123,1,048,67,0,-0.4344536897919925
all,body_combined_svm,123,1,061,24,1,1.4602333839068171
all,body_combined_svm,123,1,063,84,1,1.16564544751891
all,body_combined_svm,123,1,065,41,1,0.5211487132656427
all,body_combined_svm,123,1,067,34,1,-0.19907673585036878
all,body_combined_svm,123,1,072,70,1,-0.2528775674194863
all,body_combined_svm,123,1,078,93,0,-0.8288734163628175
all,body_combined_svm,123,1,085,18,0,-1.1856177750414563
all,body_combined_svm,123,1,086,18,0,-0.409044619771022
all,body_combined_svm,123,1,089,20,1,0.9638609647369887
all,body_combined_svm,123,1,094,93,1,-0.48268718266095867
all,body_combined_svm,123,1,097,2,1,0.3961616431760142
all,body_combined_svm,123,1,102,76,1,0.7597701020647648
all,body_combined_svm,123,1,104,19,0,-0.7043148608168772
all,body_combined_svm,123,1,115,41,1,-0.12942662913260503
all,body_combined_svm,123,1,125,42,0,-1.3269586906986737
all,body_combined_svm,123,1,137,19,0,-0.7487079805984543
all,body_combined_svm,123,1,140,84,1,-0.6584330891418487
all,body_combined_svm,123,1,156,5,0,-0.44710304046350346
all,body_combined_svm,123,1,164,53,0,-0.714537679918234
all,body_combined_svm,123,1,165,30,0,-0.597013804152449
all,body_combined_svm,123,1,166,19,0,-0.7656215916927173
all,body_combined_svm,123,1,170,53,0,-0.7022186610939788
all,body_combined_svm,123,1,171,42,0,-1.3760619578569306
all,body_combined_svm,123,1,172,18,0,-1.0456686222457974
all,body_combined_svm,123,1,176,41,0,-0.660340306633153
all,body_combined_svm,123,1,178,76,1,1.170031790728804
all,body_combined_svm,123,1,183,80,1,1.2785558370439443
all,body_combined_svm,123,1,194,5,0,-0.2781786314286093
all,body_combined_svm,123,1,196,67,0,-0.5429037861427418
all,body_combined_svm,123,1,198,93,0,-0.9269939321864699
all,body_combined_svm,123,1,206,42,0,-1.3424179241372807
all,body_combined_svm,123,1,210,20,1,0.8663653499026138
all,body_combined_svm,123,1,212,12,0,-0.5083993968604199
all,body_combined_svm,123,1,217,76,1,1.3423909321506777
all,body_combined_svm,123,1,224,59,1,0.6798011014106058
all,body_combined_svm,123,1,225,67,0,-0.5585504887705404
all,body_combined_svm,123,1,226,41,1,-0.4592787367957578
all,body_combined_svm,123,1,230,34,0,-0.2574583212737188
all,body_combined_svm,123,1,237,18,0,-1.0692766948765118
all,body_combined_svm,123,1,242,76,1,0.08465617731429809
all,body_combined_svm,123,1,245,80,1,1.483907501966292
all,body_combined_svm,123,1,252,18,0,-0.7934551771061404
all,body_combined_svm,123,1,256,10,1,0.7103780131368526
all,body_combined_svm,123,1,259,62,1,0.47004131926436143
all,body_combined_svm,123,1,260,60,0,-0.7909946097236064
all,body_combined_svm,123,1,263,76,1,1.3920752989259064
all,body_combined_svm,123,1,265,18,0,-0.7241546290938793
all,body_combined_svm,123,2,008,28,0,0.29802977004009307
all,body_combined_svm,123,2,010,72,0,-0.9441932518718601
all,body_combined_svm,123,2,014,39,1,-0.5903309627390145
all,body_combined_svm,123,2,023,44,0,-0.717709374773934
all,body_combined_svm,123,2,024,89,0,-0.6756507792664421
all,body_combined_svm,123,2,034,91,1,0.7315981132914813
all,body_combined_svm,123,2,035,83,1,0.2868941616995134
all,body_combined_svm,123,2,044,15,1,1.4594564736529556
all,body_combined_svm,123,2,051,28,0,-0.1327630571926842
all,body_combined_svm,123,2,055,15,1,-1.0583604658671812
all,body_combined_svm,123,2,060,44,0,0.0034500372964783588
all,body_combined_svm,123,2,073,13,1,0.9699209037067029
all,body_combined_svm,123,2,076,4,1,0.1185715450328253
all,body_combined_svm,123,2,082,15,1,-0.1064415071575523
all,body_combined_svm,123,2,098,4,1,0.8065299186031594
all,body_combined_svm,123,2,100,72,1,-0.628665513119254
all,body_combined_svm,123,2,106,48,1,-0.821379474178777
all,body_combined_svm,123,2,117,7,0,-0.9860001304665238
all,body_combined_svm,123,2,118,91,1,0.6035177506102412
all,body_combined_svm,123,2,120,52,0,-0.5393555087504623
all,body_combined_svm,123,2,131,54,1,0.46331949486794194
all,body_combined_svm,123,2,136,39,0,1.62129532241639
all,body_combined_svm,123,2,139,89,0,-0.32989858579213216
all,body_combined_svm,123,2,142,44,0,-0.09701555669159528
all,body_combined_svm,123,2,143,28,0,-0.48015109830865293
all,body_combined_svm,123,2,147,72,0,-0.12800698606328928
all,body_combined_svm,123,2,148,7,0,-0.8874672459606248
all,body_combined_svm,123,2,150,29,0,0.40813291408643787
all,body_combined_svm,123,2,152,58,1,0.6857499848250541
all,body_combined_svm,123,2,153,83,1,0.3469590171575835
all,body_combined_svm,123,2,159,52,0,-0.6781539130510357
all,body_combined_svm,123,2,163,48,0,0.5708604505603965
all,body_combined_svm,123,2,168,4,1,0.07030635934812346
all,body_combined_svm,123,2,169,39,1,0.6084523766291425
all,body_combined_svm,123,2,173,89,0,-0.5335658555468252
all,body_combined_svm,123,2,190,44,0,-0.4701950215451554
all,body_combined_svm,123,2,193,56,1,0.8162381771720104
all,body_combined_svm,123,2,200,21,0,-1.0327821516696425
all,body_combined_svm,123,2,201,66,1,-0.7985547006116223
all,body_combined_svm,123,2,204,27,0,-0.9396759038361404
all,body_combined_svm,123,2,205,95,0,-1.0404788306955324
all,body_combined_svm,123,2,213,44,1,0.9519353354589164
all,body_combined_svm,123,2,218,56,1,1.401428937311781
all,body_combined_svm,123,2,221,72,1,-0.13141755994419396
all,body_combined_svm,123,2,222,52,0,-1.0476834855789883
all,body_combined_svm,123,2,234,39,0,0.9055217509486597
all,body_combined_svm,123,2,235,89,0,0.018610274427807633
all,body_combined_svm,123,2,236,44,0,0.8360422542745665
all,body_combined_svm,123,2,238,54,1,-0.06243432643692487
all,body_combined_svm,123,2,240,72,0,0.2569098626269091
all,body_combined_svm,123,2,241,29,0,-0.1384176779163761
all,body_combined_svm,123,2,250,15,1,0.9642393242457818
all,body_combined_svm,123,2,257,83,1,0.7281134878382212
all,body_combined_svm,123,2,268,21,0,-0.6615475142943632
all,body_combined_svm,123,2,269,44,0,-0.3459852184192814
all,body_combined_svm,123,2,272,33,1,0.6378129813792404
all,body_combined_svm,123,3,002,78,0,-0.6029020758469159
all,body_combined_svm,123,3,003,1,0,-0.5892997998340116
all,body_combined_svm,123,3,006,49,1,0.9144785083725598
all,body_combined_svm,123,3,007,90,1,0.2197117301669457
all,body_combined_svm,123,3,011,47,1,0.5185393033587655
all,body_combined_svm,123,3,013,92,0,-0.5429725562796198
all,body_combined_svm,123,3,018,9,1,0.04771021819253099
all,body_combined_svm,123,3,019,82,0,-0.5908266108778961
all,body_combined_svm,123,3,028,55,0,-0.8145404271454632
all,body_combined_svm,123,3,030,57,1,-1.2199321006785728
all,body_combined_svm,123,3,031,38,1,-0.5272462382003035
all,body_combined_svm,123,3,037,90,0,-0.7350540375588802
all,body_combined_svm,123,3,038,43,1,-0.44780130011482333
all,body_combined_svm,123,3,043,9,1,-0.018875143179421294
all,body_combined_svm,123,3,045,49,1,-0.3382364966653877
all,body_combined_svm,123,3,053,78,0,0.31642982092676863
all,body_combined_svm,123,3,056,47,1,0.4528724174730122
all,body_combined_svm,123,3,062,55,0,-1.0328560921678653
all,body_combined_svm,123,3,066,90,1,0.06351088551320713
all,body_combined_svm,123,3,069,1,0,-0.5949193098049649
all,body_combined_svm,123,3,075,38,1,-0.9268062470820679
all,body_combined_svm,123,3,079,43,1,0.08319776140660332
all,body_combined_svm,123,3,084,3,1,0.4728263446899731
all,body_combined_svm,123,3,088,82,0,-0.661382225946196
all,body_combined_svm,123,3,108,61,0,-0.7581617331308175
all,body_combined_svm,123,3,113,78,0,0.3316874363136125
all,body_combined_svm,123,3,114,92,1,0.9003607472508185
all,body_combined_svm,123,3,121,74,1,0.499468721406804
all,body_combined_svm,123,3,122,71,0,-0.9349566266695544
all,body_combined_svm,123,3,126,82,0,-1.2044701354351115
all,body_combined_svm,123,3,132,38,0,-0.46336887327397047
all,body_combined_svm,123,3,135,64,1,1.0630321081011975
all,body_combined_svm,123,3,144,63,1,0.7783235700381977
all,body_combined_svm,123,3,146,78,0,0.054213589701917
all,body_combined_svm,123,3,158,74,1,1.2237764928176031
all,body_combined_svm,123,3,174,1,0,-1.189951679410053
all,body_combined_svm,123,3,175,74,1,1.422721211592202
all,body_combined_svm,123,3,185,71,0,-0.776066345346039
all,body_combined_svm,123,3,192,38,0,-0.9487836621577839
all,body_combined_svm,123,3,199,82,0,-0.21428260552369177
all,body_combined_svm,123,3,207,3,1,0.40502462576561515
all,body_combined_svm,123,3,209,64,0,0.1800186000132802
all,body_combined_svm,123,3,214,92,0,-0.36844882431127324
all,body_combined_svm,123,3,223,38,0,-0.28323931581062634
all,body_combined_svm,123,3,227,78,0,-0.5663213062218417
all,body_combined_svm,123,3,228,43,1,0.4051797752780891
all,body_combined_svm,123,3,232,74,1,1.3122825552535091
all,body_combined_svm,123,3,239,1,0,-0.6194067579273838
all,body_combined_svm,123,3,251,38,0,-0.3030899287842201
all,body_combined_svm,123,3,261,74,1,1.508591593149654
all,body_combined_svm,123,3,262,14,0,-0.20478339952676253
all,body_combined_svm,123,3,270,49,0,-0.038065137817277606
all,body_combined_svm,123,3,271,47,1,0.4857865664027424
all,body_combined_svm,123,4,001,87,0,-0.5818729232613492
all,body_combined_svm,123,4,004,45,1,0.9245833455319334
all,body_combined_svm,123,4,005,65,0,-0.6181832273388103
all,body_combined_svm,123,4,015,75,1,-0.8082367238102651
all,body_combined_svm,123,4,017,8,0,-0.6905622306775243
all,body_combined_svm,123,4,026,86,1,1.208171951938283
all,body_combined_svm,123,4,027,85,1,0.08979532605010557
all,body_combined_svm,123,4,029,35,0,-0.2362582457520434
all,body_combined_svm,123,4,036,77,0,-0.3606124943036615
all,body_combined_svm,123,4,040,8,0,-0.4804726183946496
all,body_combined_svm,123,4,042,23,0,0.20361067518180045
all,body_combined_svm,123,4,049,87,0,-0.4693231907009805
all,body_combined_svm,123,4,052,8,0,-0.1640643730759454
all,body_combined_svm,123,4,054,16,1,-0.04635292636878803
all,body_combined_svm,123,4,057,69,1,1.1936771882828088
all,body_combined_svm,123,4,064,88,0,-0.9862690221704987
all,body_combined_svm,123,4,070,75,1,-0.2559118153339417
all,body_combined_svm,123,4,071,23,1,1.533186734622839
all,body_combined_svm,123,4,077,86,1,1.545439677410883
all,body_combined_svm,123,4,080,25,0,-0.2849232904179761
all,body_combined_svm,123,4,090,69,0,0.5290957689920516
all,body_combined_svm,123,4,091,96,1,-0.18176445772011546
all,body_combined_svm,123,4,095,86,1,0.867379691415459
all,body_combined_svm,123,4,105,16,1,0.7056270280417705
all,body_combined_svm,123,4,107,35,0,-0.6447569472417393
all,body_combined_svm,123,4,111,77,0,-0.22520214796211943
all,body_combined_svm,123,4,116,85,0,0.12455859836366354
all,body_combined_svm,123,4,127,75,1,0.5792113082983968
all,body_combined_svm,123,4,128,96,1,1.222709943935151
all,body_combined_svm,123,4,129,69,1,1.2500196375995714
all,body_combined_svm,123,4,130,88,0,-1.4114717929829914
all,body_combined_svm,123,4,134,69,1,0.4297716926596251
all,body_combined_svm,123,4,138,75,1,0.047113813341885274
all,body_combined_svm,123,4,151,85,1,0.17105663417733694
all,body_combined_svm,123,4,154,45,0,-0.040113769324733095
all,body_combined_svm,123,4,155,68,1,0.841158530530925
all,body_combined_svm,123,4,157,77,0,-0.39459309888453575
all,body_combined_svm,123,4,162,23,0,-0.018540693078936188
all,body_combined_svm,123,4,184,68,0,-0.0692987639298687
all,body_combined_svm,123,4,188,85,0,-0.6284840745458129
all,body_combined_svm,123,4,191,87,0,-0.9929331292625158
all,body_combined_svm,123,4,197,35,0,-0.5589456598926028
all,body_combined_svm,123,4,203,77,1,0.6615359777760896
all,body_combined_svm,123,4,211,87,0,-1.1188078079204475
all,body_combined_svm,123,4,220,88,0,-1.2773836077871736
all,body_combined_svm,123,4,243,85,1,0.3652397830437466
all,body_combined_svm,123,4,244,75,1,1.1237739155265039
all,body_combined_svm,123,4,247,88,0,-0.7302230032919367
all,body_combined_svm,123,4,253,45,1,-0.12785405212324583
all,body_combined_svm,123,4,254,86,1,1.1922775116185194
all,body_combined_svm,123,4,258,85,1,-0.028620431022542997
all,body_combined_svm,123,4,264,31,0,-0.35564920201042044
all,body_combined_svm,123,4,266,88,0,-0.8043291707698563
all,body_combined_svm,123,4,267,98,1,-0.6119429863163692
all,body_combined_svm,456,0,006,49,1,1.2417997657171564
all,body_combined_svm,456,0,009,2,1,0.6520224045369258
all,body_combined_svm,456,0,014,39,1,-0.7940094052986307
all,body_combined_svm,456,0,025,81,1,0.37691440515569474
all,body_combined_svm,456,0,026,86,1,1.3700822545930114
all,body_combined_svm,456,0,032,19,0,-0.9396185832532788
all,body_combined_svm,456,0,034,91,1,0.6787547670090986
all,body_combined_svm,456,0,045,49,1,-0.31515108953076026
all,body_combined_svm,456,0,047,51,0,-0.6398326067913911
all,body_combined_svm,456,0,048,67,0,-0.6540399528696932
all,body_combined_svm,456,0,050,51,0,0.17891869683302053
all,body_combined_svm,456,0,054,16,1,-0.4488064612804579
all,body_combined_svm,456,0,059,97,1,1.0715343029922482
all,body_combined_svm,456,0,068,22,1,0.3013109930774762
all,body_combined_svm,456,0,074,81,1,-0.08470870387501142
all,body_combined_svm,456,0,077,86,1,1.434094230932961
all,body_combined_svm,456,0,078,93,0,-0.9427765258252109
all,body_combined_svm,456,0,084,3,1,0.8310604098012733
all,body_combined_svm,456,0,087,51,0,0.0060694027088925295
all,body_combined_svm,456,0,092,51,0,0.17381293755316224
all,body_combined_svm,456,0,094,93,1,-0.6790211981093588
all,body_combined_svm,456,0,095,86,1,0.4842384283264728
all,body_combined_svm,456,0,097,2,1,0.5684314898881766
all,body_combined_svm,456,0,099,97,1,1.3991846070480731
all,body_combined_svm,456,0,104,19,0,-0.9977548658101976
all,body_combined_svm,456,0,105,16,1,0.564305314441386
all,body_combined_svm,456,0,110,22,1,0.29730743730347853
all,body_combined_svm,456,0,117,7,0,-1.0666147757386524
all,body_combined_svm,456,0,118,91,1,0.6880500115279148
all,body_combined_svm,456,0,122,71,0,-1.0637721942755256
all,body_combined_svm,456,0,123,81,1,1.2768354665285506
all,body_combined_svm,456,0,133,51,0,0.23546664413907958
all,body_combined_svm,456,0,136,39,0,1.2562196571889486
all,body_combined_svm,456,0,137,19,0,-1.0343752694319024
all,body_combined_svm,456,0,148,7,0,-1.0558315383758892
all,body_combined_svm,456,0,160,51,0,0.32059062247918035
all,body_combined_svm,456,0,166,19,0,-0.721356461640918
all,body_combined_svm,456,0,167,22,1,0.291201806904529
all,body_combined_svm,456,0,169,39,1,0.6611877857826867
all,body_combined_svm,456,0,185,71,0,-0.9240538945009942
all,body_combined_svm,456,0,186,51,0,-0.7060796084625511
all,body_combined_svm,456,0,189,22,1,-0.6261716926264744
all,body_combined_svm,456,0,196,67,0,-0.7133676946672924
all,body_combined_svm,456,0,198,93,0,-0.9514137059622142
all,body_combined_svm,456,0,200,21,0,-1.1783179377148265
all,body_combined_svm,456,0,207,3,1,0.6891376037911868
all,body_combined_svm,456,0,225,67,0,-0.7449289410734786
all,body_combined_svm,456,0,229,51,0,-0.39951101312962417
all,body_combined_svm,456,0,231,11,0,-0.6907816732888468
all,body_combined_svm,456,0,234,39,0,0.6553244768293454
all,body_combined_svm,456,0,254,86,1,1.038184871832073
all,body_combined_svm,456,0,255,97,0,0.7270628567755066
all,body_combined_svm,456,0,267,98,1,-0.7573619874650092
all,body_combined_svm,456,0,268,21,0,-0.8188168120127923
all,body_combined_svm,456,0,270,49,0,-0.3515256869596391
all,body_combined_svm,456,1,005,65,0,-0.8134416813112261
all,body_combined_svm,456,1,011,47,1,0.501605818858894
all,body_combined_svm,456,1,015,75,1,-0.959518369461906
all,body_combined_svm,456,1,016,84,1,0.5390020089431034
all,body_combined_svm,456,1,019,82,0,-0.47993842300261913
all,body_combined_svm,456,1,022,34,1,-0.015212150381795256
all,body_combined_svm,456,1,031,38,1,-0.5115032263726202
all,body_combined_svm,456,1,033,46,1,1.0396772155992011
all,body_combined_svm,456,1,056,47,1,0.5993723917217321
all,body_combined_svm,456,1,058,50,0,0.02682189343355064
all,body_combined_svm,456,1,063,84,1,0.9388901951122242
all,body_combined_svm,456,1,067,34,1,-0.39661677180857025
all,body_combined_svm,456,1,070,75,1,-0.3307926996276336
all,body_combined_svm,456,1,075,38,1,-0.9129181771163588
all,body_combined_svm,456,1,083,79,0,-0.6596621491330196
all,body_combined_svm,456,1,085,18,0,-1.213502847169467
all,body_combined_svm,456,1,086,18,0,-0.39418537333816867
all,body_combined_svm,456,1,088,82,0,-0.7511037150957589
all,body_combined_svm,456,1,096,17,0,-1.2839628965260854
all,body_combined_svm,456,1,109,46,1,0.874899854988383
all,body_combined_svm,456,1,120,52,0,-0.5386745013244694
all,body_combined_svm,456,1,126,82,0,-1.206201725023224
all,body_combined_svm,456,1,127,75,1,0.4360289859400432
all,body_combined_svm,456,1,132,38,0,-0.41263500665927694
all,body_combined_svm,456,1,138,75,1,-0.012488945055222425
all,body_combined_svm,456,1,140,84,1,-0.6267400622773852
all,body_combined_svm,456,1,144,63,1,0.7134756742388209
all,body_combined_svm,456,1,152,58,1,0.8818606481490474
all,body_combined_svm,456,1,159,52,0,-0.7831139230158989
all,body_combined_svm,456,1,161,79,1,0.2582781154720475
all,body_combined_svm,456,1,165,30,0,-0.656499037716863
all,body_combined_svm,456,1,172,18,0,-1.1602066187620743
all,body_combined_svm,456,1,182,79,1,0.406407982803842
all,body_combined_svm,456,1,183,80,1,1.288048613304743
all,body_combined_svm,456,1,187,17,0,-0.44355438748340564
all,body_combined_svm,456,1,192,38,0,-0.841244015047284
all,body_combined_svm,456,1,199,82,0,-0.1271156282657369
all,body_combined_svm,456,1,202,46,0,-0.5289835655075937
all,body_combined_svm,456,1,208,79,1,0.8351230037948948
all,body_combined_svm,456,1,215,50,0,-1.454658509127663
all,body_combined_svm,456,1,222,52,0,-0.9609433384494698
all,body_combined_svm,456,1,223,38,0,-0.2286623447461647
all,body_combined_svm,456,1,230,34,0,-0.11956201460405617
all,body_combined_svm,456,1,237,18,0,-1.168170543771785
all,body_combined_svm,456,1,244,75,1,1.1785592391317181
all,body_combined_svm,456,1,245,80,1,1.3824493617342057
all,body_combined_svm,456,1,246,50,0,-0.7575765672076444
all,body_combined_svm,456,1,249,17,1,0.3544790073668863
all,body_combined_svm,456,1,251,38,0,-0.38012550554204666
all,body_combined_svm,456,1,252,18,0,-0.8754016163486698
all,body_combined_svm,456,1,260,60,0,-0.617777352979057
all,body_combined_svm,456,1,265,18,0,-0.8327225510107621
all,body_combined_svm,456,1,271,47,1,0.5642804422643071
all,body_combined_svm,456,2,001,87,0,-0.6159178690628975
all,body_combined_svm,456,2,010,72,0,-0.7589666901206613
all,body_combined_svm,456,2,017,8,0,-0.7354549398265147
all,body_combined_svm,456,2,040,8,0,-0.2841793360862915
all,body_combined_svm,456,2,041,26,1,-0.4052445462195403
all,body_combined_svm,456,2,044,15,1,1.507248022218813
all,body_combined_svm,456,2,049,87,0,-0.6223436743217932
all,body_combined_svm,456,2,052,8,0,0.054970712297899016
all,body_combined_svm,456,2,055,15,1,-1.2590180393029315
all,body_combined_svm,456,2,057,69,1,1.2973750339819103
all,body_combined_svm,456,2,061,24,1,1.3828238669474338
all,body_combined_svm,456,2,064,88,0,-0.8823993674819266
all,body_combined_svm,456,2,082,15,1,-0.4111882427868272
all,body_combined_svm,456,2,090,69,0,0.5313026000186047
all,body_combined_svm,456,2,100,72,1,-0.5707833798948719
all,body_combined_svm,456,2,112,94,0,-0.633821760121573
all,body_combined_svm,456,2,121,74,1,0.5567454126484372
all,body_combined_svm,456,2,124,37,1,0.6892996227846895
all,body_combined_svm,456,2,125,42,0,-1.425313528081707
all,body_combined_svm,456,2,129,69,1,1.1068789703046231
all,body_combined_svm,456,2,130,88,0,-1.357101301870977
all,body_combined_svm,456,2,134,69,1,0.38587391169739943
all,body_combined_svm,456,2,135,64,1,1.3377135391369424
all,body_combined_svm,456,2,141,37,1,0.3119010803631124
all,body_combined_svm,456,2,147,72,0,-0.19764322720733335
all,body_combined_svm,456,2,156,5,0,-0.3654936787826505
all,body_combined_svm,456,2,158,74,1,1.0450540338378556
all,body_combined_svm,456,2,171,42,0,-1.341927845719129
all,body_combined_svm,456,2,175,74,1,1.4310582856137415
all,body_combined_svm,456,2,177,32,0,0.7501129707538716
all,body_combined_svm,456,2,179,37,0,0.6455763749959584
all,body_combined_svm,456,2,191,87,0,-0.9486971673428004
all,body_combined_svm,456,2,193,56,1,0.8587573868543861
all,body_combined_svm,456,2,194,5,0,-0.32260822694642477
all,body_combined_svm,456,2,195,94,0,-0.9697825872360089
all,body_combined_svm,456,2,204,27,0,-0.917268179207418
all,body_combined_svm,456,2,206,42,0,-1.3679134092493068
all,body_combined_svm,456,2,209,64,0,0.12242831095970869
all,body_combined_svm,456,2,211,87,0,-1.2286529848691798
all,body_combined_svm,456,2,218,56,1,1.660916721192103
all,body_combined_svm,456,2,220,88,0,-1.4879171263603654
all,body_combined_svm,456,2,221,72,1,-0.1292885121521472
all,body_combined_svm,456,2,232,74,1,1.5242385635611486
all,body_combined_svm,456,2,233,37,1,0.8108037775587889
all,body_combined_svm,456,2,240,72,0,0.15954117114110805
all,body_combined_svm,456,2,247,88,0,-0.7143994706859012
all,body_combined_svm,456,2,250,15,1,0.933792359306683
all,body_combined_svm,456,2,256,10,1,0.7779783747788445
all,body_combined_svm,456,2,259,62,1,0.5628131390815929
all,body_combined_svm,456,2,261,74,1,1.5496950667637432
all,body_combined_svm,456,2,262,14,0,0.07199659364671324
all,body_combined_svm,456,2,264,31,0,-0.23633791625442943
all,body_combined_svm,456,2,266,88,0,-1.0215532992943184
all,body_combined_svm,456,2,272,33,1,0.30104392266862195
all,body_combined_svm,456,3,004,45,1,0.9608751843958133
all,body_combined_svm,456,3,008,28,0,0.17191062971559765
all,body_combined_svm,456,3,012,73,1,1.8932889218687707
all,body_combined_svm,456,3,018,9,1,0.1876472965571501
all,body_combined_svm,456,3,023,44,0,-0.7875234327473039
all,body_combined_svm,456,3,024,89,0,-0.278119095235118
all,body_combined_svm,456,3,027,85,1,0.21730964003972666
all,body_combined_svm,456,3,029,35,0,-0.3130722686182804
all,body_combined_svm,456,3,030,57,1,-1.3074914915622813
all,body_combined_svm,456,3,035,83,1,0.1830674851201696
all,body_combined_svm,456,3,036,77,0,-0.3047161459000549
all,body_combined_svm,456,3,042,23,0,0.22008303202279053
all,body_combined_svm,456,3,043,9,1,0.30622416253766727
all,body_combined_svm,456,3,051,28,0,-0.10002938712534341
all,body_combined_svm,456,3,060,44,0,0.4776617322620228
all,body_combined_svm,456,3,071,23,1,1.693280867526812
all,body_combined_svm,456,3,076,4,1,0.10572828272167831
all,body_combined_svm,456,3,080,25,0,-0.38787670947601416
all,body_combined_svm,456,3,093,73,1,1.319200719053178
all,body_combined_svm,456,3,098,4,1,0.7725848450332311
all,body_combined_svm,456,3,101,36,0,-0.16380523888254184
all,body_combined_svm,456,3,107,35,0,-0.45776035474865717
all,body_combined_svm,456,3,111,77,0,-0.08412286693070688
all,body_combined_svm,456,3,116,85,0,0.12643938378576716
all,body_combined_svm,456,3,139,89,0,-0.06838421258927485
all,body_combined_svm,456,3,142,44,0,-0.14325671184294048
all,body_combined_svm,456,3,143,28,0,-0.5201972128299442
all,body_combined_svm,456,3,145,36,0,-0.49325275197813
all,body_combined_svm,456,3,151,85,1,0.10099218022755743
all,body_combined_svm,456,3,153,83,1,0.3075871334832143
all,body_combined_svm,456,3,154,45,0,0.19452301860216706
all,body_combined_svm,456,3,155,68,1,0.8621531933049438
all,body_combined_svm,456,3,157,77,0,-0.23036858622227463
all,body_combined_svm,456,3,162,23,0,0.021515034846728384
all,body_combined_svm,456,3,168,4,1,0.036156317994910564
all,body_combined_svm,456,3,173,89,0,-0.45694569131670715
all,body_combined_svm,456,3,180,73,1,0.6322892709733281
all,body_combined_svm,456,3,184,68,0,0.14833814572916384
all,body_combined_svm,456,3,188,85,0,-0.7495390294833352
all,body_combined_svm,456,3,190,44,0,-0.4881696209618246
all,body_combined_svm,456,3,197,35,0,-0.5048750913833717
all,body_combined_svm,456,3,201,66,1,-0.6544661237670907
all,body_combined_svm,456,3,203,77,1,0.6545538406734697
all,body_combined_svm,456,3,212,12,0,0.025772895603085266
all,body_combined_svm,456,3,213,44,1,0.6607007163979831
all,body_combined_svm,456,3,216,36,1,0.06223877213078646
all,body_combined_svm,456,3,219,73,1,1.4143015080076227
all,body_combined_svm,456,3,224,59,1,0.671807789065677
all,body_combined_svm,456,3,235,89,0,0.20853788868694298
all,body_combined_svm,456,3,236,44,0,0.3517858913972397
all,body_combined_svm,456,3,243,85,1,0.48954214771421733
all,body_combined_svm,456,3,248,36,1,0.49843870610470864
all,body_combined_svm,456,3,253,45,1,-0.20923686023874954
all,body_combined_svm,456,3,257,83,1,0.7947748325220299
all,body_combined_svm,456,3,258,85,1,-0.19633745571297145
all,body_combined_svm,456,3,269,44,0,-0.3921478558627417
all,body_combined_svm,456,4,002,78,0,-0.6226167389081095
all,body_combined_svm,456,4,003,1,0,-0.831797641615847
all,body_combined_svm,456,4,007,90,1,0.24461139290253206
all,body_combined_svm,456,4,013,92,0,-0.6943878411284096
all,body_combined_svm,456,4,020,20,1,0.5924141976606249
all,body_combined_svm,456,4,021,70,0,0.17723956663550453
all,body_combined_svm,456,4,028,55,0,-0.8044723580489248
all,body_combined_svm,456,4,037,90,0,-1.0580199087112145
all,body_combined_svm,456,4,038,43,1,-0.5626930995119722
all,body_combined_svm,456,4,039,40,0,-1.182760493324291
all,body_combined_svm,456,4,046,70,1,0.3535053121168492
all,body_combined_svm,456,4,053,78,0,0.21767406947745646
all,body_combined_svm,456,4,062,55,0,-0.9683538089729453
all,body_combined_svm,456,4,065,41,1,0.5344109803742134
all,body_combined_svm,456,4,066,90,1,0.033348617471637615
all,body_combined_svm,456,4,069,1,0,-0.6795368690115995
all,body_combined_svm,456,4,072,70,1,-0.11767287402002216
all,body_combined_svm,456,4,073,13,1,0.9122025045414267
all,body_combined_svm,456,4,079,43,1,-0.005636855991966977
all,body_combined_svm,456,4,081,40,0,-0.6467642377769228
all,body_combined_svm,456,4,089,20,1,1.1738551053412898
all,body_combined_svm,456,4,091,96,1,-0.4707654078931678
all,body_combined_svm,456,4,102,76,1,0.9258510814119961
all,body_combined_svm,456,4,103,6,0,-0.32579075590810147
all,body_combined_svm,456,4,106,48,1,-0.7808727507751194
all,body_combined_svm,456,4,108,61,0,-0.8823999647115159
all,body_combined_svm,456,4,113,78,0,0.08427941200222486
all,body_combined_svm,456,4,114,92,1,0.9883692465732691
all,body_combined_svm,456,4,115,41,1,-0.08809277143084979
all,body_combined_svm,456,4,119,40,0,-1.1391540296683231
all,body_combined_svm,456,4,128,96,1,1.2832444976006931
all,body_combined_svm,456,4,131,54,1,0.42339272731640365
all,body_combined_svm,456,4,146,78,0,-0.18040181907612737
all,body_combined_svm,456,4,149,40,0,0.12481282188590467
all,body_combined_svm,456,4,150,29,0,0.33740724533882993
all,body_combined_svm,456,4,163,48,0,0.5210783446390902
all,body_combined_svm,456,4,164,53,0,-0.830764247610657
all,body_combined_svm,456,4,170,53,0,-0.8271513362929195
all,body_combined_svm,456,4,174,1,0,-1.3812355294648417
all,body_combined_svm,456,4,176,41,0,-0.5059619013394614
all,body_combined_svm,456,4,178,76,1,1.3352675120346795
all,body_combined_svm,456,4,181,6,0,-1.464183316242194
all,body_combined_svm,456,4,205,95,0,-1.0655027938024844
all,body_combined_svm,456,4,210,20,1,0.8439732850384357
all,body_combined_svm,456,4,214,92,0,-0.4152986916755977
all,body_combined_svm,456,4,217,76,1,1.401698892683762
all,body_combined_svm,456,4,226,41,1,-0.503193695429014
all,body_combined_svm,456,4,227,78,0,-0.9375281514551793
all,body_combined_svm,456,4,228,43,1,0.44758497784775797
all,body_combined_svm,456,4,238,54,1,-0.24704912642469903
all,body_combined_svm,456,4,239,1,0,-0.8402665042483703
all,body_combined_svm,456,4,241,29,0,-0.021316466227650654
all,body_combined_svm,456,4,242,76,1,0.01956603064083981
all,body_combined_svm,456,4,263,76,1,1.4232283890654358
all,body_combined_svm,789,0,003,1,0,-0.9254807641346772
all,body_combined_svm,789,0,013,92,0,-0.6680773412471547
all,body_combined_svm,789,0,017,8,0,-0.5312338716233449
all,body_combined_svm,789,0,018,9,1,0.5218727768311177
all,body_combined_svm,789,0,026,86,1,1.3135318739483557
all,body_combined_svm,789,0,035,83,1,-0.09420473128111281
all,body_combined_svm,789,0,040,8,0,-0.15149647460026316
all,body_combined_svm,789,0,043,9,1,0.09764650673619929
all,body_combined_svm,789,0,047,51,0,-0.465970984071989
all,body_combined_svm,789,0,050,51,0,0.38198556424688823
all,body_combined_svm,789,0,052,8,0,0.18977183646679197
all,body_combined_svm,789,0,059,97,1,1.1173446516007113
all,body_combined_svm,789,0,068,22,1,0.2291267189252943
all,body_combined_svm,789,0,069,1,0,-0.47682766050416325
all,body_combined_svm,789,0,073,13,1,0.9084570978286984
all,body_combined_svm,789,0,077,86,1,1.5141656956685363
all,body_combined_svm,789,0,080,25,0,-0.605672559760954
all,body_combined_svm,789,0,083,79,0,-0.32680225801957397
all,body_combined_svm,789,0,087,51,0,0.26748552528673164
all,body_combined_svm,789,0,091,96,1,-0.2973124844455101
all,body_combined_svm,789,0,092,51,0,0.5461591739994872
all,body_combined_svm,789,0,095,86,1,0.7952893812353866
all,body_combined_svm,789,0,099,97,1,1.5739809637175064
all,body_combined_svm,789,0,110,22,1,0.4315820374564767
all,body_combined_svm,789,0,114,92,1,0.9639829331272062
all,body_combined_svm,789,0,122,71,0,-0.8563144271482673
all,body_combined_svm,789,0,128,96,1,1.1588770782089686
all,body_combined_svm,789,0,133,51,0,0.4182748842294789
all,body_combined_svm,789,0,144,63,1,1.2644261271554864
all,body_combined_svm,789,0,153,83,1,0.0859891844100018
all,body_combined_svm,789,0,155,68,1,0.9641930030905274
all,body_combined_svm,789,0,156,5,0,-0.6241579733186204
all,body_combined_svm,789,0,160,51,0,0.6970727631641792
all,body_combined_svm,789,0,161,79,1,0.7335951670345325
all,body_combined_svm,789,0,164,53,0,-0.8824444106401135
all,body_combined_svm,789,0,167,22,1,0.4348172835964781
all,body_combined_svm,789,0,170,53,0,-0.8310669979644213
all,body_combined_svm,789,0,174,1,0,-1.2332646853851088
all,body_combined_svm,789,0,177,32,0,1.0037800246809212
all,body_combined_svm,789,0,182,79,1,0.5020327426414345
all,body_combined_svm,789,0,184,68,0,0.5225477984442551
all,body_combined_svm,789,0,185,71,0,-0.7466616063786922
all,body_combined_svm,789,0,186,51,0,-0.4703584919075597
all,body_combined_svm,789,0,189,22,1,-0.5038829974092406
all,body_combined_svm,789,0,194,5,0,-0.39137928885897394
all,body_combined_svm,789,0,201,66,1,-0.573368222709019
all,body_combined_svm,789,0,208,79,1,0.8755449148936721
all,body_combined_svm,789,0,214,92,0,-0.19593092193524145
all,body_combined_svm,789,0,229,51,0,-0.161232724041079
all,body_combined_svm,789,0,239,1,0,-0.7745902031490047
all,body_combined_svm,789,0,254,86,1,1.1197999203168143
all,body_combined_svm,789,0,255,97,0,0.8384800539542577
all,body_combined_svm,789,0,256,10,1,0.8962200779389325
all,body_combined_svm,789,0,257,83,1,0.7751262000151894
all,body_combined_svm,789,1,004,45,1,0.9290625987712543
all,body_combined_svm,789,1,008,28,0,0.13499746827416706
all,body_combined_svm,789,1,009,2,1,0.6979778990384774
all,body_combined_svm,789,1,012,73,1,2.008526808511803
all,body_combined_svm,789,1,014,39,1,-0.608660600511335
all,body_combined_svm,789,1,019,82,0,-0.47626726069328584
all,body_combined_svm,789,1,031,38,1,-0.39784734302513847
all,body_combined_svm,789,1,033,46,1,0.9456380535858472
all,body_combined_svm,789,1,042,23,0,0.20273460498909532
all,body_combined_svm,789,1,044,15,1,1.5018742078355811
all,body_combined_svm,789,1,051,28,0,-0.10764822058469503
all,body_combined_svm,789,1,055,15,1,-1.2378717827580816
all,body_combined_svm,789,1,058,50,0,0.2122880488192432
all,body_combined_svm,789,1,061,24,1,1.3798220161945474
all,body_combined_svm,789,1,071,23,1,1.7838298104977808
all,body_combined_svm,789,1,075,38,1,-0.8079085198218224
all,body_combined_svm,789,1,076,4,1,0.08521845397885616
all,body_combined_svm,789,1,082,15,1,-0.12805753979400544
all,body_combined_svm,789,1,084,3,1,0.6231675769575676
all,body_combined_svm,789,1,085,18,0,-1.3148193532485983
all,body_combined_svm,789,1,086,18,0,-0.4394151222997206
all,body_combined_svm,789,1,088,82,0,-0.6207161130106958
all,body_combined_svm,789,1,093,73,1,1.3216189295411613
all,body_combined_svm,789,1,097,2,1,0.7785762564824675
all,body_combined_svm,789,1,098,4,1,0.831536080696896
all,body_combined_svm,789,1,109,46,1,0.6534920079871271
all,body_combined_svm,789,1,126,82,0,-1.2315635525782134
all,body_combined_svm,789,1,132,38,0,-0.4184850583284445
all,body_combined_svm,789,1,136,39,0,1.5544557076202827
all,body_combined_svm,789,1,143,28,0,-0.39646018130346183
all,body_combined_svm,789,1,150,29,0,0.5148031097646159
all,body_combined_svm,789,1,154,45,0,-0.3646833333771208
all,body_combined_svm,789,1,162,23,0,0.203768415187187
all,body_combined_svm,789,1,168,4,1,-0.03639494661292733
all,body_combined_svm,789,1,169,39,1,0.7017109707624293
all,body_combined_svm,789,1,172,18,0,-1.2688297464094351
all,body_combined_svm,789,1,180,73,1,0.5983258121779832
all,body_combined_svm,789,1,192,38,0,-0.8643887355940567
all,body_combined_svm,789,1,199,82,0,-0.13816974323257136
all,body_combined_svm,789,1,202,46,0,-0.628631399906316
all,body_combined_svm,789,1,207,3,1,0.6037950982057437
all,body_combined_svm,789,1,215,50,0,-1.5657419271341297
all,body_combined_svm,789,1,219,73,1,1.5927280478824148
all,body_combined_svm,789,1,223,38,0,-0.24041198859183796
all,body_combined_svm,789,1,231,11,0,-0.8114036910462271
all,body_combined_svm,789,1,234,39,0,0.834360959824408
all,body_combined_svm,789,1,237,18,0,-1.0743876817856444
all,body_combined_svm,789,1,241,29,0,-0.06755971983990003
all,body_combined_svm,789,1,246,50,0,-0.9648243717887443
all,body_combined_svm,789,1,250,15,1,0.8675218525435529
all,body_combined_svm,789,1,251,38,0,-0.31318682650088836
all,body_combined_svm,789,1,252,18,0,-1.0099844154613824
all,body_combined_svm,789,1,253,45,1,-0.16606632986321437
all,body_combined_svm,789,1,265,18,0,-1.02346473317412
all,body_combined_svm,789,1,272,33,1,0.3846961175760849
all,body_combined_svm,789,2,002,78,0,-0.21684623355023772
all,body_combined_svm,789,2,006,49,1,1.1751815196608917
all,body_combined_svm,789,2,011,47,1,0.6533043251473547
all,body_combined_svm,789,2,025,81,1,0.29436366070599335
all,body_combined_svm,789,2,030,57,1,-1.4606112353528804
all,body_combined_svm,789,2,032,19,0,-0.7024334500140881
all,body_combined_svm,789,2,034,91,1,0.7061876110307379
all,body_combined_svm,789,2,036,77,0,-0.25780124783158304
all,body_combined_svm,789,2,039,40,0,-0.90757252978882
all,body_combined_svm,789,2,045,49,1,-0.16218353931900337
all,body_combined_svm,789,2,053,78,0,0.6038032058090761
all,body_combined_svm,789,2,056,47,1,0.5730807036766539
all,body_combined_svm,789,2,074,81,1,0.07601048070730071
all,body_combined_svm,789,2,081,40,0,-0.22899579948659204
all,body_combined_svm,789,2,096,17,0,-1.045904722708645
all,body_combined_svm,789,2,101,36,0,-0.2908211052006608
all,body_combined_svm,789,2,102,76,1,0.9136630008542463
all,body_combined_svm,789,2,103,6,0,-0.1694668259272111
all,body_combined_svm,789,2,104,19,0,-0.46031590906239056
all,body_combined_svm,789,2,111,77,0,-0.10259457024145796
all,body_combined_svm,789,2,113,78,0,0.37307127696755843
all,body_combined_svm,789,2,117,7,0,-0.9800043345939606
all,body_combined_svm,789,2,118,91,1,0.8817905139680167
all,body_combined_svm,789,2,119,40,0,-0.8997698799594869
all,body_combined_svm,789,2,123,81,1,1.1854457137771817
all,body_combined_svm,789,2,124,37,1,0.5795751941411564
all,body_combined_svm,789,2,131,54,1,0.2688191860642503
all,body_combined_svm,789,2,137,19,0,-0.4815246256484805
all,body_combined_svm,789,2,141,37,1,0.31675781339451503
all,body_combined_svm,789,2,145,36,0,-0.6334855596417159
all,body_combined_svm,789,2,146,78,0,0.3081089634005101
all,body_combined_svm,789,2,148,7,0,-1.0113104512517384
all,body_combined_svm,789,2,149,40,0,0.15353117981324022
all,body_combined_svm,789,2,157,77,0,-0.2373377754360117
all,body_combined_svm,789,2,166,19,0,-0.4841310033739164
all,body_combined_svm,789,2,178,76,1,1.3070888353139176
all,body_combined_svm,789,2,179,37,0,0.2293634964234051
all,body_combined_svm,789,2,181,6,0,-1.5149918932796114
all,body_combined_svm,789,2,187,17,0,-0.38215492341271695
all,body_combined_svm,789,2,203,77,1,0.5584090167538096
all,body_combined_svm,789,2,212,12,0,-0.248530888166469
all,body_combined_svm,789,2,216,36,1,0.1355928493470257
all,body_combined_svm,789,2,217,76,1,1.394048765780444
all,body_combined_svm,789,2,227,78,0,-0.6213769839887573
all,body_combined_svm,789,2,233,37,1,0.8573751159955478
all,body_combined_svm,789,2,238,54,1,-0.21761280244572748
all,body_combined_svm,789,2,242,76,1,0.1191651441260625
all,body_combined_svm,789,2,248,36,1,0.4198327984714159
all,body_combined_svm,789,2,249,17,1,0.4738726688200961
all,body_combined_svm,789,2,262,14,0,-0.33084389371104417
all,body_combined_svm,789,2,263,76,1,1.6006428340412684
all,body_combined_svm,789,2,264,31,0,-0.40594165351125605
all,body_combined_svm,789,2,267,98,1,-0.8297900073067108
all,body_combined_svm,789,2,270,49,0,-0.11106609376481853
all,body_combined_svm,789,2,271,47,1,0.6683800116927467
all,body_combined_svm,789,3,001,87,0,-0.6486369676817004
all,body_combined_svm,789,3,007,90,1,0.16175157039717927
all,body_combined_svm,789,3,015,75,1,-1.102609771330541
all,body_combined_svm,789,3,016,84,1,0.6128675601971963
all,body_combined_svm,789,3,020,20,1,0.648193181539729
all,body_combined_svm,789,3,022,34,1,0.038929139542405095
all,body_combined_svm,789,3,028,55,0,-0.7922821823242826
all,body_combined_svm,789,3,029,35,0,-0.4519439442761142
all,body_combined_svm,789,3,037,90,0,-1.0647535983443457
all,body_combined_svm,789,3,041,26,1,-0.43714381894438836
all,body_combined_svm,789,3,049,87,0,-0.687394055908436
all,body_combined_svm,789,3,057,69,1,1.1328804586034273
all,body_combined_svm,789,3,062,55,0,-1.088466024559386
all,body_combined_svm,789,3,063,84,1,1.091229003603889
all,body_combined_svm,789,3,064,88,0,-1.3946173776377693
all,body_combined_svm,789,3,066,90,1,-0.12906123952614604
all,body_combined_svm,789,3,067,34,1,-0.4836769870171287
all,body_combined_svm,789,3,070,75,1,-0.5215551277846551
all,body_combined_svm,789,3,078,93,0,-0.8680696150578144
all,body_combined_svm,789,3,089,20,1,1.1342747541037734
all,body_combined_svm,789,3,090,69,0,0.4425595205497548
all,body_combined_svm,789,3,094,93,1,-0.4142321644100064
all,body_combined_svm,789,3,106,48,1,-0.5136973332092879
all,body_combined_svm,789,3,107,35,0,-0.5787893692330072
all,body_combined_svm,789,3,108,61,0,-0.9977601091432874
all,body_combined_svm,789,3,112,94,0,-0.6475881902323065
all,body_combined_svm,789,3,120,52,0,-0.5593619875993413
all,body_combined_svm,789,3,127,75,1,0.6381378597982168
all,body_combined_svm,789,3,129,69,1,1.1226906475440148
all,body_combined_svm,789,3,130,88,0,-1.4409613100448049
all,body_combined_svm,789,3,134,69,1,0.31637695079300987
all,body_combined_svm,789,3,138,75,1,0.0913980532371492
all,body_combined_svm,789,3,140,84,1,-0.7020581141850198
all,body_combined_svm,789,3,159,52,0,-0.7682954579517943
all,body_combined_svm,789,3,163,48,0,0.5470027260462226
all,body_combined_svm,789,3,183,80,1,1.363772367108614
all,body_combined_svm,789,3,191,87,0,-0.9131996792892505
all,body_combined_svm,789,3,193,56,1,0.7379370474438532
all,body_combined_svm,789,3,195,94,0,-0.872196901480123
all,body_combined_svm,789,3,197,35,0,-0.8317713109768183
all,body_combined_svm,789,3,198,93,0,-0.8265054981547244
all,body_combined_svm,789,3,200,21,0,-1.1348785997307453
all,body_combined_svm,789,3,205,95,0,-0.817515328772764
all,body_combined_svm,789,3,210,20,1,0.9165452809081102
all,body_combined_svm,789,3,211,87,0,-1.1156435566234468
all,body_combined_svm,789,3,218,56,1,1.8039633569450784
all,body_combined_svm,789,3,220,88,0,-1.3358125155560465
all,body_combined_svm,789,3,222,52,0,-0.9768251357328799
all,body_combined_svm,789,3,230,34,0,-0.1203489371164051
all,body_combined_svm,789,3,244,75,1,1.1824790384816664
all,body_combined_svm,789,3,245,80,1,1.4957826341237288
all,body_combined_svm,789,3,247,88,0,-1.167051522199564
all,body_combined_svm,789,3,259,62,1,0.5320738227381755
all,body_combined_svm,789,3,266,88,0,-0.9498250707673415
all,body_combined_svm,789,3,268,21,0,-0.8746961823143947
all,body_combined_svm,789,4,005,65,0,-0.4782124781656619
all,body_combined_svm,789,4,010,72,0,-0.4580787072953608
all,body_combined_svm,789,4,021,70,0,0.3736233535770267
all,body_combined_svm,789,4,023,44,0,-0.6659182510152518
all,body_combined_svm,789,4,024,89,0,-0.31281216611315443
all,body_combined_svm,789,4,027,85,1,-0.21166781363750428
all,body_combined_svm,789,4,038,43,1,-0.5293176712959897
all,body_combined_svm,789,4,046,70,1,0.5114554720692357
all,body_combined_svm,789,4,048,67,0,-0.23642585161459356
all,body_combined_svm,789,4,054,16,1,-0.23631730591767813
all,body_combined_svm,789,4,060,44,0,0.09406747673660118
all,body_combined_svm,789,4,065,41,1,0.6621162668632511
all,body_combined_svm,789,4,072,70,1,-0.19562712506062374
all,body_combined_svm,789,4,079,43,1,0.004092521005541638
all,body_combined_svm,789,4,100,72,1,-0.3375292215894937
all,body_combined_svm,789,4,105,16,1,0.5998029686460625
all,body_combined_svm,789,4,115,41,1,-0.10080895907759571
all,body_combined_svm,789,4,116,85,0,0.1181426419825595
all,body_combined_svm,789,4,121,74,1,0.8878786933499156
all,body_combined_svm,789,4,125,42,0,-1.4660521647805334
all,body_combined_svm,789,4,135,64,1,1.3509768399379964
all,body_combined_svm,789,4,139,89,0,-0.1567665118813133
all,body_combined_svm,789,4,142,44,0,-0.3587203434065751
all,body_combined_svm,789,4,147,72,0,-0.15699229666045872
all,body_combined_svm,789,4,151,85,1,0.13425760850747578
all,body_combined_svm,789,4,152,58,1,0.3756788042004934
all,body_combined_svm,789,4,158,74,1,1.2312383404438565
all,body_combined_svm,789,4,165,30,0,-0.7603315937692718
all,body_combined_svm,789,4,171,42,0,-1.4715074221915159
all,body_combined_svm,789,4,173,89,0,-0.34644667933809525
all,body_combined_svm,789,4,175,74,1,1.5958797917159897
all,body_combined_svm,789,4,176,41,0,-0.29451402891695533
all,body_combined_svm,789,4,188,85,0,-0.5380519048925273
all,body_combined_svm,789,4,190,44,0,-0.3826413988397702
all,body_combined_svm,789,4,196,67,0,-0.6906227145214561
all,body_combined_svm,789,4,204,27,0,-0.9495718611506494
all,body_combined_svm,789,4,206,42,0,-1.3825487810255928
all,body_combined_svm,789,4,209,64,0,0.2431816701647946
all,body_combined_svm,789,4,213,44,1,0.3783519564539527
all,body_combined_svm,789,4,221,72,1,-0.11895373786817962
all,body_combined_svm,789,4,224,59,1,0.4790251806139454
all,body_combined_svm,789,4,225,67,0,-0.7573803387476545
all,body_combined_svm,789,4,226,41,1,-0.5424815100562045
all,body_combined_svm,789,4,228,43,1,0.5266477060125838
all,body_combined_svm,789,4,232,74,1,1.7294669699975413
all,body_combined_svm,789,4,235,89,0,0.44201784202978556
all,body_combined_svm,789,4,236,44,0,0.6344636731069296
all,body_combined_svm,789,4,240,72,0,0.15217460818634496
all,body_combined_svm,789,4,243,85,1,0.5548046823868593
all,body_combined_svm,789,4,258,85,1,-0.09982117086210815
all,body_combined_svm,789,4,260,60,0,-0.5232909168888766
all,body_combined_svm,789,4,261,74,1,1.8560168991814217
all,body_combined_svm,789,4,269,44,0,-0.33396252838147256
all,body_combined_svm,2024,0,007,90,1,0.5051160341432164
all,body_combined_svm,2024,0,009,2,1,0.6677902844363057
all,body_combined_svm,2024,0,012,73,1,1.8099746207481358
all,body_combined_svm,2024,0,024,89,0,-0.34594458111916326
all,body_combined_svm,2024,0,034,91,1,0.7198282498181077
all,body_combined_svm,2024,0,036,77,0,-0.6327912508258896
all,body_combined_svm,2024,0,037,90,0,-0.6317044078872436
all,body_combined_svm,2024,0,038,43,1,-0.5868572250418503
all,body_combined_svm,2024,0,041,26,1,-0.3065805993336441
all,body_combined_svm,2024,0,047,51,0,-0.5953626109682264
all,body_combined_svm,2024,0,050,51,0,0.1710707536750437
all,body_combined_svm,2024,0,058,50,0,0.15334418071501105
all,body_combined_svm,2024,0,059,97,1,0.9908014547738486
all,body_combined_svm,2024,0,066,90,1,0.08900330922952898
all,body_combined_svm,2024,0,068,22,1,0.21656188485353184
all,body_combined_svm,2024,0,079,43,1,0.2848669104401565
all,body_combined_svm,2024,0,087,51,0,-0.09881849992531855
all,body_combined_svm,2024,0,092,51,0,0.0015677047158871305
all,body_combined_svm,2024,0,093,73,1,1.1281816090934962
all,body_combined_svm,2024,0,097,2,1,0.3031398353172487
all,body_combined_svm,2024,0,099,97,1,1.318155566107405
all,body_combined_svm,2024,0,101,36,0,-0.3159786732676425
all,body_combined_svm,2024,0,108,61,0,-1.021710083725646
all,body_combined_svm,2024,0,110,22,1,0.2979482608550793
all,body_combined_svm,2024,0,111,77,0,-0.5614188564099878
all,body_combined_svm,2024,0,112,94,0,-0.8950576940585753
all,body_combined_svm,2024,0,118,91,1,0.7063914393274326
all,body_combined_svm,2024,0,131,54,1,0.22509157947427738
all,body_combined_svm,2024,0,133,51,0,0.38421570116708975
all,body_combined_svm,2024,0,139,89,0,-0.2805927588953893
all,body_combined_svm,2024,0,145,36,0,-0.6367894862873821
all,body_combined_svm,2024,0,152,58,1,1.0887597202058437
all,body_combined_svm,2024,0,157,77,0,-0.3774663832293521
all,body_combined_svm,2024,0,160,51,0,0.2330767903830308
all,body_combined_svm,2024,0,164,53,0,-0.8301671475719399
all,body_combined_svm,2024,0,167,22,1,0.1668230638332902
all,body_combined_svm,2024,0,170,53,0,-0.8412498253551643
all,body_combined_svm,2024,0,173,89,0,-0.36330539983400445
all,body_combined_svm,2024,0,180,73,1,0.4744544490131985
all,body_combined_svm,2024,0,186,51,0,-0.6575149085901032
all,body_combined_svm,2024,0,189,22,1,-0.4654620120709861
all,body_combined_svm,2024,0,195,94,0,-1.0084025297527033
all,body_combined_svm,2024,0,201,66,1,-0.8199756446159734
all,body_combined_svm,2024,0,203,77,1,0.47879172039455536
all,body_combined_svm,2024,0,205,95,0,-0.8910681249161718
all,body_combined_svm,2024,0,215,50,0,-1.4921443998277215
all,body_combined_svm,2024,0,216,36,1,0.012355172429309058
all,body_combined_svm,2024,0,219,73,1,1.1298743959237747
all,body_combined_svm,2024,0,228,43,1,0.6406356157410118
all,body_combined_svm,2024,0,229,51,0,-0.5430437428874655
all,body_combined_svm,2024,0,235,89,0,0.4622665057772169
all,body_combined_svm,2024,0,238,54,1,-0.2438630733220904
all,body_combined_svm,2024,0,246,50,0,-0.8025363928889726
all,body_combined_svm,2024,0,248,36,1,0.6439606370611655
all,body_combined_svm,2024,0,255,97,0,0.6191776389365162
all,body_combined_svm,2024,0,260,60,0,-0.6369454328439732
all,body_combined_svm,2024,1,013,92,0,-0.42543089619574836
all,body_combined_svm,2024,1,019,82,0,-0.6720239585326504
all,body_combined_svm,2024,1,020,20,1,0.7204200224919748
all,body_combined_svm,2024,1,025,81,1,0.4614120587408117
all,body_combined_svm,2024,1,028,55,0,-0.7824627299596271
all,body_combined_svm,2024,1,048,67,0,-0.39753692994614953
all,body_combined_svm,2024,1,054,16,1,-0.28902174448220086
all,body_combined_svm,2024,1,062,55,0,-1.0718429879664213
all,body_combined_svm,2024,1,065,41,1,0.36455291026373127
all,body_combined_svm,2024,1,074,81,1,0.08869874650358339
all,body_combined_svm,2024,1,078,93,0,-0.8445410673821291
all,body_combined_svm,2024,1,080,25,0,-0.3265909608047557
all,body_combined_svm,2024,1,085,18,0,-1.2115647353506191
all,body_combined_svm,2024,1,086,18,0,-0.5385721573876379
all,body_combined_svm,2024,1,088,82,0,-0.6137885171925821
all,body_combined_svm,2024,1,089,20,1,1.4172732102171148
all,body_combined_svm,2024,1,094,93,1,-0.70067911747901
all,body_combined_svm,2024,1,102,76,1,0.8212609370892567
all,body_combined_svm,2024,1,105,16,1,0.6949431125565529
all,body_combined_svm,2024,1,106,48,1,-0.6591066834648527
all,body_combined_svm,2024,1,114,92,1,1.1265364744284072
all,body_combined_svm,2024,1,115,41,1,-0.21639153830550817
all,body_combined_svm,2024,1,123,81,1,1.1853193814285738
all,body_combined_svm,2024,1,124,37,1,0.5958384562486427
all,body_combined_svm,2024,1,126,82,0,-1.2127499181579826
all,body_combined_svm,2024,1,141,37,1,0.28998569521627027
all,body_combined_svm,2024,1,150,29,0,0.3566459285578426
all,body_combined_svm,2024,1,155,68,1,0.8725170378583471
all,body_combined_svm,2024,1,163,48,0,0.5984725435802508
all,body_combined_svm,2024,1,165,30,0,-0.671678562630023
all,body_combined_svm,2024,1,172,18,0,-1.0371462796551363
all,body_combined_svm,2024,1,176,41,0,-0.5082648451686452
all,body_combined_svm,2024,1,177,32,0,0.7036871789133163
all,body_combined_svm,2024,1,178,76,1,1.3344470975330534
all,body_combined_svm,2024,1,179,37,0,0.3217606684371578
all,body_combined_svm,2024,1,184,68,0,0.016063585420570126
all,body_combined_svm,2024,1,196,67,0,-0.6680291732258016
all,body_combined_svm,2024,1,198,93,0,-0.8024915288426915
all,body_combined_svm,2024,1,199,82,0,-0.33578824216332204
all,body_combined_svm,2024,1,210,20,1,1.1677739748186513
all,body_combined_svm,2024,1,214,92,0,-0.2582256472599124
all,body_combined_svm,2024,1,217,76,1,1.3508842946275974
all,body_combined_svm,2024,1,225,67,0,-0.7206031425091174
all,body_combined_svm,2024,1,226,41,1,-0.653410427900279
all,body_combined_svm,2024,1,233,37,1,0.9465818331877283
all,body_combined_svm,2024,1,237,18,0,-0.9551630118605434
all,body_combined_svm,2024,1,241,29,0,0.07313751235214949
all,body_combined_svm,2024,1,242,76,1,-0.09561981035026362
all,body_combined_svm,2024,1,252,18,0,-0.841134272003808
all,body_combined_svm,2024,1,263,76,1,1.46978712223899
all,body_combined_svm,2024,1,264,31,0,-0.39757067213125574
all,body_combined_svm,2024,1,265,18,0,-0.8446912136931716
all,body_combined_svm,2024,1,267,98,1,-0.39809983994586556
all,body_combined_svm,2024,1,272,33,1,0.35705597986595294
all,body_combined_svm,2024,2,002,78,0,-0.3972748579748576
all,body_combined_svm,2024,2,003,1,0,-0.6151708188371133
all,body_combined_svm,2024,2,010,72,0,-0.5046443614841702
all,body_combined_svm,2024,2,011,47,1,0.6448765852629705
all,body_combined_svm,2024,2,015,75,1,-0.7278463099667715
all,body_combined_svm,2024,2,016,84,1,0.4816339815871652
all,body_combined_svm,2024,2,018,9,1,0.14740699564510845
all,body_combined_svm,2024,2,021,70,0,0.4143104821681588
all,body_combined_svm,2024,2,029,35,0,0.027345658625842775
all,body_combined_svm,2024,2,031,38,1,-0.3340914064569962
all,body_combined_svm,2024,2,039,40,0,-1.1531104959828362
all,body_combined_svm,2024,2,042,23,0,0.17294745655689625
all,body_combined_svm,2024,2,043,9,1,0.26203806709160093
all,body_combined_svm,2024,2,046,70,1,0.7352450037446372
all,body_combined_svm,2024,2,053,78,0,0.3827876141562888
all,body_combined_svm,2024,2,056,47,1,0.5202866135511905
all,body_combined_svm,2024,2,063,84,1,1.0453908934480254
all,body_combined_svm,2024,2,069,1,0,-0.8993786096377879
all,body_combined_svm,2024,2,070,75,1,-0.3807836640094526
all,body_combined_svm,2024,2,071,23,1,1.6885963025111839
all,body_combined_svm,2024,2,072,70,1,0.1648212084562704
all,body_combined_svm,2024,2,073,13,1,1.026636883340709
all,body_combined_svm,2024,2,075,38,1,-0.7658948736804673
all,body_combined_svm,2024,2,081,40,0,-0.356800826335589
all,body_combined_svm,2024,2,091,96,1,-0.22272690235519121
all,body_combined_svm,2024,2,100,72,1,-0.570397868599836
all,body_combined_svm,2024,2,107,35,0,-0.5500263659527175
all,body_combined_svm,2024,2,113,78,0,0.3125037952755899
all,body_combined_svm,2024,2,119,40,0,-1.1438303114557964
all,body_combined_svm,2024,2,127,75,1,0.7170973065885639
all,body_combined_svm,2024,2,128,96,1,1.28493861614163
all,body_combined_svm,2024,2,132,38,0,-0.3258171144933593
all,body_combined_svm,2024,2,135,64,1,1.3503268200794007
all,body_combined_svm,2024,2,138,75,1,0.08619396222099414
all,body_combined_svm,2024,2,140,84,1,-0.6451791957933206
all,body_combined_svm,2024,2,144,63,1,0.7109920645609944
all,body_combined_svm,2024,2,146,78,0,0.14730301883308466
all,body_combined_svm,2024,2,147,72,0,-0.12311706780608309
all,body_combined_svm,2024,2,149,40,0,0.060366265732986826
all,body_combined_svm,2024,2,156,5,0,-0.4465965966376224
all,body_combined_svm,2024,2,162,23,0,0.061005156170820765
all,body_combined_svm,2024,2,174,1,0,-1.4233108955755192
all,body_combined_svm,2024,2,192,38,0,-0.7334816863051596
all,body_combined_svm,2024,2,194,5,0,-0.33714623782368003
all,body_combined_svm,2024,2,197,35,0,-0.630087711138363
all,body_combined_svm,2024,2,209,64,0,0.3198146370506406
all,body_combined_svm,2024,2,221,72,1,-0.44612272295333
all,body_combined_svm,2024,2,223,38,0,-0.17785500063097384
all,body_combined_svm,2024,2,227,78,0,-0.8057222257035063
all,body_combined_svm,2024,2,239,1,0,-0.6836992960269163
all,body_combined_svm,2024,2,240,72,0,-0.0912961062211992
all,body_combined_svm,2024,2,244,75,1,1.1250692190142064
all,body_combined_svm,2024,2,251,38,0,-0.38358564562630426
all,body_combined_svm,2024,2,271,47,1,0.6256984452339254
all,body_combined_svm,2024,3,001,87,0,-1.0935023445375491
all,body_combined_svm,2024,3,008,28,0,-0.18911386010967182
all,body_combined_svm,2024,3,014,39,1,-0.7807552754424161
all,body_combined_svm,2024,3,017,8,0,-0.09136318566597287
all,body_combined_svm,2024,3,022,34,1,-0.4309515325184968
all,body_combined_svm,2024,3,027,85,1,-0.2753062428304258
all,body_combined_svm,2024,3,030,57,1,-1.2162016159093232
all,body_combined_svm,2024,3,033,46,1,0.6346719966431016
all,body_combined_svm,2024,3,035,83,1,-0.27231474625870355
all,body_combined_svm,2024,3,040,8,0,0.22544870368131933
all,body_combined_svm,2024,3,049,87,0,-1.1276722135595965
all,body_combined_svm,2024,3,051,28,0,0.01480486543754886
all,body_combined_svm,2024,3,052,8,0,-0.20249653423597624
all,body_combined_svm,2024,3,061,24,1,1.2169007116083055
all,body_combined_svm,2024,3,064,88,0,-0.8219640216970656
all,body_combined_svm,2024,3,067,34,1,0.21489852969509762
all,body_combined_svm,2024,3,076,4,1,0.29708950696761627
all,body_combined_svm,2024,3,098,4,1,0.5269124630127366
all,body_combined_svm,2024,3,103,6,0,-0.09770291735258342
all,body_combined_svm,2024,3,109,46,1,0.4527199617631155
all,body_combined_svm,2024,3,116,85,0,-0.4981882462782403
all,body_combined_svm,2024,3,121,74,1,0.34789621546288224
all,body_combined_svm,2024,3,122,71,0,-0.7772557025950854
all,body_combined_svm,2024,3,130,88,0,-1.3929581038036936
all,body_combined_svm,2024,3,136,39,0,0.9532114450987632
all,body_combined_svm,2024,3,143,28,0,0.018795938695078108
all,body_combined_svm,2024,3,151,85,1,-0.13160288136749018
all,body_combined_svm,2024,3,153,83,1,-0.16777628188810734
all,body_combined_svm,2024,3,158,74,1,0.9644174599496419
all,body_combined_svm,2024,3,168,4,1,-0.3874403402688172
all,body_combined_svm,2024,3,169,39,1,0.1108120899204975
all,body_combined_svm,2024,3,175,74,1,1.494851624344108
all,body_combined_svm,2024,3,181,6,0,-1.2858216036403054
all,body_combined_svm,2024,3,185,71,0,-0.42902080551241306
all,body_combined_svm,2024,3,188,85,0,-1.0183731027062317
all,body_combined_svm,2024,3,191,87,0,-0.887596541775606
all,body_combined_svm,2024,3,193,56,1,0.9234815085205552
all,body_combined_svm,2024,3,202,46,0,-0.3388858188829053
all,body_combined_svm,2024,3,211,87,0,-1.1092120635104632
all,body_combined_svm,2024,3,212,12,0,-0.3966197895201054
all,body_combined_svm,2024,3,218,56,1,1.4823567915491398
all,body_combined_svm,2024,3,220,88,0,-1.2038875980585486
all,body_combined_svm,2024,3,224,59,1,1.166666700575012
all,body_combined_svm,2024,3,230,34,0,0.058600867420987204
all,body_combined_svm,2024,3,231,11,0,-0.6575951276938626
all,body_combined_svm,2024,3,232,74,1,1.2580565337714067
all,body_combined_svm,2024,3,234,39,0,0.5077334417765069
all,body_combined_svm,2024,3,243,85,1,-0.21996820756126595
all,body_combined_svm,2024,3,247,88,0,-1.0698120944741876
all,body_combined_svm,2024,3,257,83,1,0.455802012643916
all,body_combined_svm,2024,3,258,85,1,-0.4329591898065814
all,body_combined_svm,2024,3,259,62,1,0.3134092934240145
all,body_combined_svm,2024,3,261,74,1,1.51414023077954
all,body_combined_svm,2024,3,262,14,0,0.060714359129935766
all,body_combined_svm,2024,3,266,88,0,-1.005600323893421
all,body_combined_svm,2024,4,004,45,1,0.7722118535702415
all,body_combined_svm,2024,4,005,65,0,-0.7016477927780413
all,body_combined_svm,2024,4,006,49,1,1.0001050180480973
all,body_combined_svm,2024,4,023,44,0,-0.540000373593996
all,body_combined_svm,2024,4,026,86,1,1.3326145845523736
all,body_combined_svm,2024,4,032,19,0,-0.7456103725769186
all,body_combined_svm,2024,4,044,15,1,1.5993527889991208
all,body_combined_svm,2024,4,045,49,1,-0.2825208045191204
all,body_combined_svm,2024,4,055,15,1,-1.1757365654515153
all,body_combined_svm,2024,4,057,69,1,1.3793468464001877
all,body_combined_svm,2024,4,060,44,0,0.019824132299527564
all,body_combined_svm,2024,4,077,86,1,1.2557492112021151
all,body_combined_svm,2024,4,082,15,1,-0.25231731285054204
all,body_combined_svm,2024,4,083,79,0,-0.341235927453302
all,body_combined_svm,2024,4,084,3,1,0.5397436387058524
all,body_combined_svm,2024,4,090,69,0,0.5613096666312967
all,body_combined_svm,2024,4,095,86,1,0.9260504974025395
all,body_combined_svm,2024,4,096,17,0,-1.1588654054749066
all,body_combined_svm,2024,4,104,19,0,-0.47257710692713917
all,body_combined_svm,2024,4,117,7,0,-0.9920738205403535
all,body_combined_svm,2024,4,120,52,0,-0.6149705108298857
all,body_combined_svm,2024,4,125,42,0,-1.3729095456830476
all,body_combined_svm,2024,4,129,69,1,1.1072637108758392
all,body_combined_svm,2024,4,134,69,1,0.5822118790131129
all,body_combined_svm,2024,4,137,19,0,-0.5836179591645414
all,body_combined_svm,2024,4,142,44,0,-0.23482284504596376
all,body_combined_svm,2024,4,148,7,0,-0.9358257100877374
all,body_combined_svm,2024,4,154,45,0,-0.20562971508188188
all,body_combined_svm,2024,4,159,52,0,-0.7113451534060292
all,body_combined_svm,2024,4,161,79,1,0.34385309959864807
all,body_combined_svm,2024,4,166,19,0,-0.7447502600258087
all,body_combined_svm,2024,4,171,42,0,-1.316957287036276
all,body_combined_svm,2024,4,182,79,1,0.6620814116886508
all,body_combined_svm,2024,4,183,80,1,1.290762144963299
all,body_combined_svm,2024,4,187,17,0,-0.5422023485304459
all,body_combined_svm,2024,4,190,44,0,-0.41862496917449377
all,body_combined_svm,2024,4,200,21,0,-1.154851304988922
all,body_combined_svm,2024,4,204,27,0,-1.0681112122855572
all,body_combined_svm,2024,4,206,42,0,-1.3432018772405625
all,body_combined_svm,2024,4,207,3,1,0.7082758085743758
all,body_combined_svm,2024,4,208,79,1,0.8106413147939221
all,body_combined_svm,2024,4,213,44,1,0.8158699164171773
all,body_combined_svm,2024,4,222,52,0,-0.977821907037175
all,body_combined_svm,2024,4,236,44,0,0.7948031013640945
all,body_combined_svm,2024,4,245,80,1,1.4033592550512286
all,body_combined_svm,2024,4,249,17,1,0.34336832702868303
all,body_combined_svm,2024,4,250,15,1,0.8840918361779478
all,body_combined_svm,2024,4,253,45,1,-0.18968762575508824
all,body_combined_svm,2024,4,254,86,1,1.1124340097605265
all,body_combined_svm,2024,4,256,10,1,0.6628486119986347
all,body_combined_svm,2024,4,268,21,0,-0.6937113491628856
all,body_combined_svm,2024,4,269,44,0,-0.08119038006838747
all,body_combined_svm,2024,4,270,49,0,-0.22654834705945015
all,image_combined_svm,42,0,001,87,0,0.38327734914135136
all,image_combined_svm,42,0,005,65,0,-0.06804200105606277
all,image_combined_svm,42,0,017,8,0,-1.0804315528676884
all,image_combined_svm,42,0,022,34,1,-0.2075718526310777
all,image_combined_svm,42,0,025,81,1,-0.13073848474575755
all,image_combined_svm,42,0,033,46,1,1.1210747148554876
all,image_combined_svm,42,0,040,8,0,-0.712807892772438
all,image_combined_svm,42,0,044,15,1,0.791961378745681
all,image_combined_svm,42,0,047,51,0,0.48027711371563897
all,image_combined_svm,42,0,049,87,0,0.4000300964851866
all,image_combined_svm,42,0,050,51,0,-0.1234716554747689
all,image_combined_svm,42,0,052,8,0,-0.1047186158772921
all,image_combined_svm,42,0,055,15,1,-0.33078742179930626
all,image_combined_svm,42,0,057,69,1,0.2189491856111227
all,image_combined_svm,42,0,059,97,1,0.5282281128267232
all,image_combined_svm,42,0,067,34,1,-0.45972039112831553
all,image_combined_svm,42,0,068,22,1,-0.12886472581111924
all,image_combined_svm,42,0,074,81,1,-0.3159242317694124
all,image_combined_svm,42,0,080,25,0,0.19997344127719907
all,image_combined_svm,42,0,082,15,1,0.08103874159585049
all,image_combined_svm,42,0,087,51,0,0.8116528120829958
all,image_combined_svm,42,0,090,69,0,0.5015240531947389
all,image_combined_svm,42,0,092,51,0,0.9341283276943615
all,image_combined_svm,42,0,099,97,1,1.168443836861354
all,image_combined_svm,42,0,106,48,1,-0.5102770032554796
all,image_combined_svm,42,0,109,46,1,0.7564743065918372
all,image_combined_svm,42,0,110,22,1,0.10387236151372951
all,image_combined_svm,42,0,117,7,0,-0.438655552729082
all,image_combined_svm,42,0,123,81,1,1.0418617374840122
all,image_combined_svm,42,0,129,69,1,1.390895471538028
all,image_combined_svm,42,0,131,54,1,0.27464563105634066
all,image_combined_svm,42,0,133,51,0,0.9089017516074891
all,image_combined_svm,42,0,134,69,1,0.4304799356516027
all,image_combined_svm,42,0,135,64,1,0.7247018479474954
all,image_combined_svm,42,0,148,7,0,-0.5249937182522145
all,image_combined_svm,42,0,156,5,0,-0.11156933978162512
all,image_combined_svm,42,0,160,51,0,0.7972496637718038
all,image_combined_svm,42,0,163,48,0,0.22337802455314426
all,image_combined_svm,42,0,165,30,0,-0.9959717233494091
all,image_combined_svm,42,0,167,22,1,0.24025973203901013
all,image_combined_svm,42,0,183,80,1,1.9253126826014457
all,image_combined_svm,42,0,186,51,0,0.22592870235115692
all,image_combined_svm,42,0,189,22,1,-0.5133483330923753
all,image_combined_svm,42,0,191,87,0,-0.9632942504390567
all,image_combined_svm,42,0,194,5,0,-0.36092350791053485
all,image_combined_svm,42,0,202,46,0,-0.6852243816535407
all,image_combined_svm,42,0,209,64,0,-0.3094027195800989
all,image_combined_svm,42,0,211,87,0,-0.36499083413375216
all,image_combined_svm,42,0,229,51,0,0.4447780834249426
all,image_combined_svm,42,0,230,34,0,0.472444347186624
all,image_combined_svm,42,0,238,54,1,0.36835359325631123
all,image_combined_svm,42,0,245,80,1,1.5259399131994897
all,image_combined_svm,42,0,250,15,1,0.9572273323393428
all,image_combined_svm,42,0,255,97,0,1.1471351007920878
all,image_combined_svm,42,0,262,14,0,-0.08445673177558026
all,image_combined_svm,42,1,007,90,1,-0.37857951168768433
all,image_combined_svm,42,1,011,47,1,0.3920234542444364
all,image_combined_svm,42,1,012,73,1,1.6710429135709826
all,image_combined_svm,42,1,019,82,0,-0.30975004623394037
all,image_combined_svm,42,1,021,70,0,0.24950266490740944
all,image_combined_svm,42,1,026,86,1,1.1976583525458504
all,image_combined_svm,42,1,028,55,0,-0.14014461507218737
all,image_combined_svm,42,1,029,35,0,0.375856536697483
all,image_combined_svm,42,1,031,38,1,-0.19330094035684445
all,image_combined_svm,42,1,036,77,0,-0.9379387847610251
all,image_combined_svm,42,1,037,90,0,-0.5836433894467785
all,image_combined_svm,42,1,046,70,1,0.711023550728147
all,image_combined_svm,42,1,056,47,1,0.10922506858823158
all,image_combined_svm,42,1,061,24,1,0.40240583664819696
all,image_combined_svm,42,1,062,55,0,-0.33952038769982784
all,image_combined_svm,42,1,066,90,1,-0.4388850181489713
all,image_combined_svm,42,1,072,70,1,0.742388943440049
all,image_combined_svm,42,1,073,13,1,0.3190411285028948
all,image_combined_svm,42,1,075,38,1,-0.1697457578501339
all,image_combined_svm,42,1,077,86,1,0.6530373485309866
all,image_combined_svm,42,1,085,18,0,-0.9482436018053346
all,image_combined_svm,42,1,086,18,0,-0.12912446869631491
all,image_combined_svm,42,1,088,82,0,-0.011466373420875114
all,image_combined_svm,42,1,093,73,1,1.2475273021606745
all,image_combined_svm,42,1,095,86,1,0.5487243809792699
all,image_combined_svm,42,1,096,17,0,-0.1775178943314978
all,image_combined_svm,42,1,107,35,0,-0.7933280925629934
all,image_combined_svm,42,1,111,77,0,-0.08200600273155059
all,image_combined_svm,42,1,124,37,1,0.4923375419765684
all,image_combined_svm,42,1,126,82,0,-0.5579888858552586
all,image_combined_svm,42,1,132,38,0,-0.3771637015812367
all,image_combined_svm,42,1,141,37,1,0.15002259303740587
all,image_combined_svm,42,1,157,77,0,-0.7273819138289302
all,image_combined_svm,42,1,172,18,0,-0.8204192305462109
all,image_combined_svm,42,1,177,32,0,0.07605807206650458
all,image_combined_svm,42,1,179,37,0,0.348706665156598
all,image_combined_svm,42,1,180,73,1,0.2854409507649255
all,image_combined_svm,42,1,187,17,0,-0.31925299596379186
all,image_combined_svm,42,1,192,38,0,-0.2133742161441868
all,image_combined_svm,42,1,197,35,0,-0.2984486116142434
all,image_combined_svm,42,1,199,82,0,-0.844125742594009
all,image_combined_svm,42,1,201,66,1,-0.9112990109882311
all,image_combined_svm,42,1,203,77,1,0.23181673266983657
all,image_combined_svm,42,1,219,73,1,1.3697793861642982
all,image_combined_svm,42,1,223,38,0,-0.6141800870829971
all,image_combined_svm,42,1,233,37,1,0.14652045384442644
all,image_combined_svm,42,1,237,18,0,0.08525369130878255
all,image_combined_svm,42,1,249,17,1,-0.01749657479252492
all,image_combined_svm,42,1,251,38,0,0.5186075475079205
all,image_combined_svm,42,1,252,18,0,-0.7415536522008408
all,image_combined_svm,42,1,254,86,1,0.4961292586551307
all,image_combined_svm,42,1,265,18,0,-1.6910950593644238
all,image_combined_svm,42,1,271,47,1,1.07472072082823
all,image_combined_svm,42,2,002,78,0,0.1947013274879202
all,image_combined_svm,42,2,009,2,1,0.921512540044253
all,image_combined_svm,42,2,010,72,0,-0.39675392819338884
all,image_combined_svm,42,2,013,92,0,-0.49421562221501614
all,image_combined_svm,42,2,014,39,1,-0.5203504149492327
all,image_combined_svm,42,2,016,84,1,-0.12091579698219493
all,image_combined_svm,42,2,020,20,1,0.17162013631420167
all,image_combined_svm,42,2,024,89,0,0.05453663876331669
all,image_combined_svm,42,2,032,19,0,-0.18118611042426994
all,image_combined_svm,42,2,034,91,1,-0.1742371538629767
all,image_combined_svm,42,2,048,67,0,0.5977408401995704
all,image_combined_svm,42,2,053,78,0,0.9052091010016843
all,image_combined_svm,42,2,063,84,1,1.3888490767180228
all,image_combined_svm,42,2,083,79,0,0.4176550142151062
all,image_combined_svm,42,2,089,20,1,0.6744463459718001
all,image_combined_svm,42,2,097,2,1,0.778611376491548
all,image_combined_svm,42,2,100,72,1,-0.27827596615803285
all,image_combined_svm,42,2,104,19,0,-0.7834187079726475
all,image_combined_svm,42,2,112,94,0,-0.6502971568362509
all,image_combined_svm,42,2,113,78,0,0.47782209094513217
all,image_combined_svm,42,2,114,92,1,0.07702277177924574
all,image_combined_svm,42,2,118,91,1,0.21773150167028862
all,image_combined_svm,42,2,121,74,1,0.040965407941715305
all,image_combined_svm,42,2,136,39,0,1.137351629192741
all,image_combined_svm,42,2,137,19,0,-0.5988054694887283
all,image_combined_svm,42,2,139,89,0,0.3083758562101149
all,image_combined_svm,42,2,140,84,1,-0.5781767874012916
all,image_combined_svm,42,2,144,63,1,0.15551392956012675
all,image_combined_svm,42,2,146,78,0,0.6026822503362145
all,image_combined_svm,42,2,147,72,0,-0.3052649855385541
all,image_combined_svm,42,2,158,74,1,0.49131706352535176
all,image_combined_svm,42,2,161,79,1,0.35670762186905114
all,image_combined_svm,42,2,166,19,0,-0.44516531109646584
all,image_combined_svm,42,2,169,39,1,0.020731674305431193
all,image_combined_svm,42,2,173,89,0,-0.3184820470826321
all,image_combined_svm,42,2,175,74,1,-0.06916099160943326
all,image_combined_svm,42,2,182,79,1,-0.23654319756789013
all,image_combined_svm,42,2,195,94,0,-2.154692463306117
all,image_combined_svm,42,2,196,67,0,-0.5945794453368521
all,image_combined_svm,42,2,200,21,0,-0.9682368238685365
all,image_combined_svm,42,2,205,95,0,0.37035284392759843
all,image_combined_svm,42,2,208,79,1,0.7410913850688152
all,image_combined_svm,42,2,210,20,1,0.4089887035541725
all,image_combined_svm,42,2,214,92,0,-0.5650390983205497
all,image_combined_svm,42,2,221,72,1,-0.3659678144262145
all,image_combined_svm,42,2,224,59,1,0.3165379973392177
all,image_combined_svm,42,2,225,67,0,-0.4195231337917037
all,image_combined_svm,42,2,227,78,0,-0.46877606977714137
all,image_combined_svm,42,2,232,74,1,0.7400437909075187
all,image_combined_svm,42,2,234,39,0,0.27842358998986405
all,image_combined_svm,42,2,235,89,0,-0.052773086206294416
all,image_combined_svm,42,2,240,72,0,0.1947250252178597
all,image_combined_svm,42,2,261,74,1,0.9337784013648084
all,image_combined_svm,42,2,268,21,0,0.5326709103399783
all,image_combined_svm,42,2,272,33,1,0.16181704117357684
all,image_combined_svm,42,3,006,49,1,0.8841325821994809
all,image_combined_svm,42,3,008,28,0,-0.10869759869723154
all,image_combined_svm,42,3,023,44,0,-0.7200828133049669
all,image_combined_svm,42,3,027,85,1,0.39939690066101385
all,image_combined_svm,42,3,030,57,1,-0.7861382862703159
all,image_combined_svm,42,3,039,40,0,-0.5113278271839947
all,image_combined_svm,42,3,041,26,1,-0.3773912758583228
all,image_combined_svm,42,3,042,23,0,-0.07515349101390471
all,image_combined_svm,42,3,045,49,1,-0.15011097668733903
all,image_combined_svm,42,3,051,28,0,-0.07455383965427997
all,image_combined_svm,42,3,058,50,0,-0.7917134130027464
all,image_combined_svm,42,3,060,44,0,0.1305799532295422
all,image_combined_svm,42,3,065,41,1,-0.065974846245533
all,image_combined_svm,42,3,071,23,1,1.4431000160986478
all,image_combined_svm,42,3,076,4,1,0.19599905501966186
all,image_combined_svm,42,3,078,93,0,-0.3651442418122064
all,image_combined_svm,42,3,081,40,0,-0.8456366757964056
all,image_combined_svm,42,3,091,96,1,-0.8639173019676762
all,image_combined_svm,42,3,094,93,1,-0.7775396590741889
all,image_combined_svm,42,3,098,4,1,0.36245873468648127
all,image_combined_svm,42,3,102,76,1,0.8086563161571798
all,image_combined_svm,42,3,115,41,1,0.5222423493404259
all,image_combined_svm,42,3,116,85,0,0.3875258641185321
all,image_combined_svm,42,3,119,40,0,-0.8285071260926206
all,image_combined_svm,42,3,128,96,1,0.7122025221842991
all,image_combined_svm,42,3,142,44,0,-0.11804802414046782
all,image_combined_svm,42,3,143,28,0,-0.12126684025147692
all,image_combined_svm,42,3,149,40,0,-0.42006678707645106
all,image_combined_svm,42,3,150,29,0,-0.03137152587830687
all,image_combined_svm,42,3,151,85,1,0.43852433187033846
all,image_combined_svm,42,3,152,58,1,0.8868541382694136
all,image_combined_svm,42,3,162,23,0,-0.19017399905972132
all,image_combined_svm,42,3,168,4,1,0.2988629463875061
all,image_combined_svm,42,3,176,41,0,-0.898215636899811
all,image_combined_svm,42,3,178,76,1,0.47393205744515965
all,image_combined_svm,42,3,188,85,0,-1.0026902592578835
all,image_combined_svm,42,3,190,44,0,0.22861274904739576
all,image_combined_svm,42,3,198,93,0,-0.3133760894594849
all,image_combined_svm,42,3,213,44,1,0.7227860682312046
all,image_combined_svm,42,3,215,50,0,-1.0162951165224392
all,image_combined_svm,42,3,217,76,1,1.0162480978883122
all,image_combined_svm,42,3,226,41,1,-0.24432623671795617
all,image_combined_svm,42,3,236,44,0,0.5924407186769638
all,image_combined_svm,42,3,241,29,0,0.010486401493274358
all,image_combined_svm,42,3,242,76,1,0.17057528785102388
all,image_combined_svm,42,3,243,85,1,1.3371629397021345
all,image_combined_svm,42,3,246,50,0,-0.8187668458204153
all,image_combined_svm,42,3,258,85,1,0.09170805086946278
all,image_combined_svm,42,3,260,60,0,-1.0878349321203438
all,image_combined_svm,42,3,263,76,1,0.9291627790773251
all,image_combined_svm,42,3,264,31,0,0.16539850406159928
all,image_combined_svm,42,3,269,44,0,-0.5150852516700736
all,image_combined_svm,42,3,270,49,0,-0.46879508670094927
all,image_combined_svm,42,4,003,1,0,-0.5862218430548873
all,image_combined_svm,42,4,004,45,1,-0.425125114004964
all,image_combined_svm,42,4,015,75,1,-1.320927836334715
all,image_combined_svm,42,4,018,9,1,0.2184719283311184
all,image_combined_svm,42,4,035,83,1,-0.3867423087298888
all,image_combined_svm,42,4,038,43,1,-0.6754788109563604
all,image_combined_svm,42,4,043,9,1,-0.020038910796362677
all,image_combined_svm,42,4,054,16,1,0.4415941651377592
all,image_combined_svm,42,4,064,88,0,-0.870609232647955
all,image_combined_svm,42,4,069,1,0,-0.24352169449561223
all,image_combined_svm,42,4,070,75,1,-0.3421069241482749
all,image_combined_svm,42,4,079,43,1,-0.6329987212998455
all,image_combined_svm,42,4,084,3,1,0.08775519403511385
all,image_combined_svm,42,4,101,36,0,-0.4745411312529426
all,image_combined_svm,42,4,103,6,0,-0.10108387793705167
all,image_combined_svm,42,4,105,16,1,-0.15310764647675779
all,image_combined_svm,42,4,108,61,0,-0.462864434317247
all,image_combined_svm,42,4,120,52,0,-0.594808771372345
all,image_combined_svm,42,4,122,71,0,-0.5411965487995982
all,image_combined_svm,42,4,125,42,0,-1.5336205813447041
all,image_combined_svm,42,4,127,75,1,-0.0492608522533458
all,image_combined_svm,42,4,130,88,0,-0.7686940221856788
all,image_combined_svm,42,4,138,75,1,-0.9433011590209744
all,image_combined_svm,42,4,145,36,0,-0.9372602268856939
all,image_combined_svm,42,4,153,83,1,-0.4807445885402969
all,image_combined_svm,42,4,154,45,0,-0.3874847795484463
all,image_combined_svm,42,4,155,68,1,-0.16049064312461697
all,image_combined_svm,42,4,159,52,0,-0.7296257776915823
all,image_combined_svm,42,4,164,53,0,0.38346894425004313
all,image_combined_svm,42,4,170,53,0,-1.0742849657554634
all,image_combined_svm,42,4,171,42,0,-1.0544839647225255
all,image_combined_svm,42,4,174,1,0,-0.18659833083139304
all,image_combined_svm,42,4,181,6,0,-0.5575938038803678
all,image_combined_svm,42,4,184,68,0,0.3416941675717917
all,image_combined_svm,42,4,185,71,0,-0.2775009499723693
all,image_combined_svm,42,4,193,56,1,1.1024698235315264
all,image_combined_svm,42,4,204,27,0,-1.0889217658268493
all,image_combined_svm,42,4,206,42,0,-0.6478052762342484
all,image_combined_svm,42,4,207,3,1,0.35523208585159205
all,image_combined_svm,42,4,212,12,0,-0.6128420933954396
all,image_combined_svm,42,4,216,36,1,-0.7535407503213915
all,image_combined_svm,42,4,218,56,1,1.019850759322267
all,image_combined_svm,42,4,220,88,0,-1.300191634301203
all,image_combined_svm,42,4,222,52,0,-0.7025095285336436
all,image_combined_svm,42,4,228,43,1,0.17605871401596773
all,image_combined_svm,42,4,231,11,0,-0.40070526928838346
all,image_combined_svm,42,4,239,1,0,-0.1764472780968524
all,image_combined_svm,42,4,244,75,1,0.3401978424510411
all,image_combined_svm,42,4,247,88,0,-0.9197312594488493
all,image_combined_svm,42,4,248,36,1,0.21621555886363952
all,image_combined_svm,42,4,253,45,1,-0.28364384564936607
all,image_combined_svm,42,4,256,10,1,0.45630348539439036
all,image_combined_svm,42,4,257,83,1,0.6678706913520988
all,image_combined_svm,42,4,259,62,1,-0.14794945075163968
all,image_combined_svm,42,4,266,88,0,-0.5829720678835472
all,image_combined_svm,42,4,267,98,1,-0.12982685858064674
all,image_combined_svm,123,0,012,73,1,1.3926864446094984
all,image_combined_svm,123,0,025,81,1,0.08744962959419883
all,image_combined_svm,123,0,033,46,1,1.1096313092748171
all,image_combined_svm,123,0,039,40,0,-0.2790106641333189
all,image_combined_svm,123,0,041,26,1,-0.3785946880457845
all,image_combined_svm,123,0,047,51,0,0.521417502626895
all,image_combined_svm,123,0,050,51,0,-0.22597535541963878
all,image_combined_svm,123,0,058,50,0,-0.35889178419330103
all,image_combined_svm,123,0,059,97,1,0.678026153667029
all,image_combined_svm,123,0,068,22,1,-0.30074323582953477
all,image_combined_svm,123,0,074,81,1,-0.32668538201472064
all,image_combined_svm,123,0,081,40,0,-0.38971657067964766
all,image_combined_svm,123,0,083,79,0,-0.25392371875393144
all,image_combined_svm,123,0,087,51,0,0.91591061096222
all,image_combined_svm,123,0,092,51,0,1.0395832850641686
all,image_combined_svm,123,0,093,73,1,0.7321518378031542
all,image_combined_svm,123,0,096,17,0,-0.15357394314734146
all,image_combined_svm,123,0,099,97,1,1.062446500947059
all,image_combined_svm,123,0,101,36,0,-0.3424552365427246
all,image_combined_svm,123,0,103,6,0,-0.2262354514602462
all,image_combined_svm,123,0,109,46,1,0.6149946182483377
all,image_combined_svm,123,0,110,22,1,0.08704912691971589
all,image_combined_svm,123,0,112,94,0,-0.4052924601438289
all,image_combined_svm,123,0,119,40,0,-0.6546845669957617
all,image_combined_svm,123,0,123,81,1,0.7324094917780337
all,image_combined_svm,123,0,124,37,1,0.38122832953160934
all,image_combined_svm,123,0,133,51,0,0.8236616772778173
all,image_combined_svm,123,0,141,37,1,0.08093935241957695
all,image_combined_svm,123,0,145,36,0,-0.34608680798227626
all,image_combined_svm,123,0,149,40,0,-0.3155970132751039
all,image_combined_svm,123,0,160,51,0,0.943225493617848
all,image_combined_svm,123,0,161,79,1,1.0365249943835635
all,image_combined_svm,123,0,167,22,1,0.3635987255873495
all,image_combined_svm,123,0,177,32,0,1.10085489157002
all,image_combined_svm,123,0,179,37,0,0.39354070375859296
all,image_combined_svm,123,0,180,73,1,-0.17729687837052616
all,image_combined_svm,123,0,181,6,0,-0.3437898345266692
all,image_combined_svm,123,0,182,79,1,-0.03648414679531681
all,image_combined_svm,123,0,186,51,0,0.199100421460927
all,image_combined_svm,123,0,187,17,0,-0.3170185552924307
all,image_combined_svm,123,0,189,22,1,-0.5747645489715356
all,image_combined_svm,123,0,195,94,0,-1.5426195589924263
all,image_combined_svm,123,0,202,46,0,-0.7092521596298131
all,image_combined_svm,123,0,208,79,1,1.3109392654854344
all,image_combined_svm,123,0,215,50,0,-0.06070597906331404
all,image_combined_svm,123,0,216,36,1,0.5380529398964722
all,image_combined_svm,123,0,219,73,1,0.42615075982220596
all,image_combined_svm,123,0,229,51,0,0.5818423916522709
all,image_combined_svm,123,0,231,11,0,0.00039401781451242623
all,image_combined_svm,123,0,233,37,1,-0.07978191739289478
all,image_combined_svm,123,0,246,50,0,0.03253871435668099
all,image_combined_svm,123,0,248,36,1,0.7503525822332918
all,image_combined_svm,123,0,249,17,1,0.12751891921591502
all,image_combined_svm,123,0,255,97,0,1.1016496564362552
all,image_combined_svm,123,1,009,2,1,0.8039561782391147
all,image_combined_svm,123,1,016,84,1,-0.4215920092407395
all,image_combined_svm,123,1,020,20,1,0.3219970197488032
all,image_combined_svm,123,1,021,70,0,0.1637605475118763
all,image_combined_svm,123,1,022,34,1,-0.34162630259150173
all,image_combined_svm,123,1,032,19,0,-0.5811323607175155
all,image_combined_svm,123,1,046,70,1,0.44053377635667634
all,image_combined_svm,123,1,048,67,0,0.38239642731861173
all,image_combined_svm,123,1,061,24,1,0.42950622434323926
all,image_combined_svm,123,1,063,84,1,0.45702559686661837
all,image_combined_svm,123,1,065,41,1,-0.012171624584297353
all,image_combined_svm,123,1,067,34,1,-0.28909095306686344
all,image_combined_svm,123,1,072,70,1,0.5912081703558197
all,image_combined_svm,123,1,078,93,0,-0.0814864530765979
all,image_combined_svm,123,1,085,18,0,-0.8227905209236333
all,image_combined_svm,123,1,086,18,0,0.0574836558295715
all,image_combined_svm,123,1,089,20,1,0.6345260638919953
all,image_combined_svm,123,1,094,93,1,-0.46734271586797016
all,image_combined_svm,123,1,097,2,1,0.24475033607773322
all,image_combined_svm,123,1,102,76,1,0.8248511890525498
all,image_combined_svm,123,1,104,19,0,-0.7455370180259437
all,image_combined_svm,123,1,115,41,1,0.3336778920247058
all,image_combined_svm,123,1,125,42,0,-1.1738910919385666
all,image_combined_svm,123,1,137,19,0,-0.7338415570143692
all,image_combined_svm,123,1,140,84,1,-0.7695648855296454
all,image_combined_svm,123,1,156,5,0,0.017524317894350522
all,image_combined_svm,123,1,164,53,0,0.30324811701825827
all,image_combined_svm,123,1,165,30,0,-0.959722404820815
all,image_combined_svm,123,1,166,19,0,-0.7375803964292031
all,image_combined_svm,123,1,170,53,0,-0.5771799659596458
all,image_combined_svm,123,1,171,42,0,-0.9249407837526696
all,image_combined_svm,123,1,172,18,0,-0.7483105004815722
all,image_combined_svm,123,1,176,41,0,-0.6565852454110642
all,image_combined_svm,123,1,178,76,1,0.7476466725355936
all,image_combined_svm,123,1,183,80,1,1.4933284725686924
all,image_combined_svm,123,1,194,5,0,-0.26740748240666184
all,image_combined_svm,123,1,196,67,0,-0.6201092017691271
all,image_combined_svm,123,1,198,93,0,-1.0232162252496602
all,image_combined_svm,123,1,206,42,0,-0.25846676963158166
all,image_combined_svm,123,1,210,20,1,0.4207475599822761
all,image_combined_svm,123,1,212,12,0,-0.313107630237431
all,image_combined_svm,123,1,217,76,1,1.0479261822777592
all,image_combined_svm,123,1,224,59,1,0.6983624847157365
all,image_combined_svm,123,1,225,67,0,-0.7304016627887958
all,image_combined_svm,123,1,226,41,1,-0.22463972667010185
all,image_combined_svm,123,1,230,34,0,0.1290952013244389
all,image_combined_svm,123,1,237,18,0,-0.31591635864758466
all,image_combined_svm,123,1,242,76,1,0.18874544563901596
all,image_combined_svm,123,1,245,80,1,1.4243304144355602
all,image_combined_svm,123,1,252,18,0,-0.8007398060716745
all,image_combined_svm,123,1,256,10,1,0.32290839099261165
all,image_combined_svm,123,1,259,62,1,-0.026878592505167734
all,image_combined_svm,123,1,260,60,0,-0.7370891084737822
all,image_combined_svm,123,1,263,76,1,0.9753504668608041
all,image_combined_svm,123,1,265,18,0,-1.3363542161867032
all,image_combined_svm,123,2,008,28,0,-0.18303921926291145
all,image_combined_svm,123,2,010,72,0,-0.5497824006615903
all,image_combined_svm,123,2,014,39,1,-0.6665121149201224
all,image_combined_svm,123,2,023,44,0,-0.2945794785539146
all,image_combined_svm,123,2,024,89,0,-0.8564472147406567
all,image_combined_svm,123,2,034,91,1,0.06405805086955714
all,image_combined_svm,123,2,035,83,1,-0.3565098035768483
all,image_combined_svm,123,2,044,15,1,0.8700139141474904
all,image_combined_svm,123,2,051,28,0,0.017998450331076284
all,image_combined_svm,123,2,055,15,1,0.017518507100521604
all,image_combined_svm,123,2,060,44,0,0.25948458178167466
all,image_combined_svm,123,2,073,13,1,0.1627995278426772
all,image_combined_svm,123,2,076,4,1,-0.013244420521639978
all,image_combined_svm,123,2,082,15,1,0.2759929393942517
all,image_combined_svm,123,2,098,4,1,0.37734147256231065
all,image_combined_svm,123,2,100,72,1,-0.32379872118014524
all,image_combined_svm,123,2,106,48,1,-0.41389637961041337
all,image_combined_svm,123,2,117,7,0,-0.28696196328451673
all,image_combined_svm,123,2,118,91,1,0.3471134239601066
all,image_combined_svm,123,2,120,52,0,-0.3926107356220741
all,image_combined_svm,123,2,131,54,1,0.5577936806944864
all,image_combined_svm,123,2,136,39,0,1.3294679513706922
all,image_combined_svm,123,2,139,89,0,-0.1514195779356447
all,image_combined_svm,123,2,142,44,0,0.13415500464326163
all,image_combined_svm,123,2,143,28,0,0.14118323796153967
all,image_combined_svm,123,2,147,72,0,-0.09702027460378103
all,image_combined_svm,123,2,148,7,0,-0.12066853320293601
all,image_combined_svm,123,2,150,29,0,0.17940456660036563
all,image_combined_svm,123,2,152,58,1,1.5820501341551805
all,image_combined_svm,123,2,153,83,1,-0.5222118195643743
all,image_combined_svm,123,2,159,52,0,-0.17853089535235087
all,image_combined_svm,123,2,163,48,0,0.3929039729314799
all,image_combined_svm,123,2,168,4,1,0.0714801554694456
all,image_combined_svm,123,2,169,39,1,-0.016005431972797236
all,image_combined_svm,123,2,173,89,0,-0.5465187097957045
all,image_combined_svm,123,2,190,44,0,-0.16867411721502296
all,image_combined_svm,123,2,193,56,1,0.6405224057887338
all,image_combined_svm,123,2,200,21,0,-0.7284073222568302
all,image_combined_svm,123,2,201,66,1,-0.8387652450017058
all,image_combined_svm,123,2,204,27,0,-1.3675573317859357
all,image_combined_svm,123,2,205,95,0,0.00027967444280195194
all,image_combined_svm,123,2,213,44,1,0.8420839005359889
all,image_combined_svm,123,2,218,56,1,1.3908722647325693
all,image_combined_svm,123,2,221,72,1,0.07521261972979619
all,image_combined_svm,123,2,222,52,0,-0.36553165907862667
all,image_combined_svm,123,2,234,39,0,0.6900612243523067
all,image_combined_svm,123,2,235,89,0,-0.5102617759256526
all,image_combined_svm,123,2,236,44,0,0.8287352519899246
all,image_combined_svm,123,2,238,54,1,0.39416118451417137
all,image_combined_svm,123,2,240,72,0,0.24350252889512725
all,image_combined_svm,123,2,241,29,0,-0.21033536930681546
all,image_combined_svm,123,2,250,15,1,1.0430810496915008
all,image_combined_svm,123,2,257,83,1,0.5484224373624033
all,image_combined_svm,123,2,268,21,0,-0.020508657845885712
all,image_combined_svm,123,2,269,44,0,-0.9132125941061151
all,image_combined_svm,123,2,272,33,1,0.32376128423591216
all,image_combined_svm,123,3,002,78,0,-0.013375871575070308
all,image_combined_svm,123,3,003,1,0,-0.45787193587192454
all,image_combined_svm,123,3,006,49,1,0.925747956595387
all,image_combined_svm,123,3,007,90,1,-0.2260471081295107
all,image_combined_svm,123,3,011,47,1,0.42442244826662096
all,image_combined_svm,123,3,013,92,0,-0.6996936221081234
all,image_combined_svm,123,3,018,9,1,-0.21083371561893224
all,image_combined_svm,123,3,019,82,0,-0.6002199590142079
all,image_combined_svm,123,3,028,55,0,-0.45860102583798223
all,image_combined_svm,123,3,030,57,1,-0.7956436581020733
all,image_combined_svm,123,3,031,38,1,-0.6430905017791819
all,image_combined_svm,123,3,037,90,0,-0.8492572931438702
all,image_combined_svm,123,3,038,43,1,-0.6008657823395219
all,image_combined_svm,123,3,043,9,1,-0.27658825394593956
all,image_combined_svm,123,3,045,49,1,-0.40852813070415867
all,image_combined_svm,123,3,053,78,0,0.514484881982288
all,image_combined_svm,123,3,056,47,1,0.12928293617365044
all,image_combined_svm,123,3,062,55,0,-0.3724014502943932
all,image_combined_svm,123,3,066,90,1,-0.6605505225954071
all,image_combined_svm,123,3,069,1,0,-0.1378133597422797
all,image_combined_svm,123,3,075,38,1,-0.40626165469612524
all,image_combined_svm,123,3,079,43,1,-0.4260589168812585
all,image_combined_svm,123,3,084,3,1,-0.34092961298737157
all,image_combined_svm,123,3,088,82,0,0.6017898513349265
all,image_combined_svm,123,3,108,61,0,-0.40940043377616775
all,image_combined_svm,123,3,113,78,0,0.5691328084104916
all,image_combined_svm,123,3,114,92,1,0.09747194165988665
all,image_combined_svm,123,3,121,74,1,0.391596452652684
all,image_combined_svm,123,3,122,71,0,-0.20429879010506616
all,image_combined_svm,123,3,126,82,0,-0.390328314806856
all,image_combined_svm,123,3,132,38,0,-0.3560778230421754
all,image_combined_svm,123,3,135,64,1,0.5976788006570981
all,image_combined_svm,123,3,144,63,1,0.14914733175565015
all,image_combined_svm,123,3,146,78,0,-0.1001812801464233
all,image_combined_svm,123,3,158,74,1,0.7060701074659652
all,image_combined_svm,123,3,174,1,0,-0.6305625550637135
all,image_combined_svm,123,3,175,74,1,0.38528244798727457
all,image_combined_svm,123,3,185,71,0,-0.7567851719753175
all,image_combined_svm,123,3,192,38,0,-0.18096931760917956
all,image_combined_svm,123,3,199,82,0,-0.5214580461202276
all,image_combined_svm,123,3,207,3,1,0.017572661393176037
all,image_combined_svm,123,3,209,64,0,-0.20776383402705367
all,image_combined_svm,123,3,214,92,0,-0.5084136197604993
all,image_combined_svm,123,3,223,38,0,-0.3490099074473765
all,image_combined_svm,123,3,227,78,0,-0.2445491967303657
all,image_combined_svm,123,3,228,43,1,0.4452812548031359
all,image_combined_svm,123,3,232,74,1,0.9686564895726517
all,image_combined_svm,123,3,239,1,0,-0.31592825762537935
all,image_combined_svm,123,3,251,38,0,0.09465962042650461
all,image_combined_svm,123,3,261,74,1,0.8178542591945575
all,image_combined_svm,123,3,262,14,0,0.1520650081876928
all,image_combined_svm,123,3,270,49,0,0.14699410877609004
all,image_combined_svm,123,3,271,47,1,0.8792290125723352
all,image_combined_svm,123,4,001,87,0,-0.38426779899491365
all,image_combined_svm,123,4,004,45,1,-0.22161297093892762
all,image_combined_svm,123,4,005,65,0,-0.8749479832196471
all,image_combined_svm,123,4,015,75,1,-1.2838763940222522
all,image_combined_svm,123,4,017,8,0,-1.343482804267058
all,image_combined_svm,123,4,026,86,1,0.9750203249723497
all,image_combined_svm,123,4,027,85,1,0.495434555014967
all,image_combined_svm,123,4,029,35,0,0.21607553286558312
all,image_combined_svm,123,4,036,77,0,-0.8848847716858317
all,image_combined_svm,123,4,040,8,0,-0.6583663648297657
all,image_combined_svm,123,4,042,23,0,0.10270607088087517
all,image_combined_svm,123,4,049,87,0,-0.3282116331759621
all,image_combined_svm,123,4,052,8,0,-0.4113223127296748
all,image_combined_svm,123,4,054,16,1,0.7746617224798175
all,image_combined_svm,123,4,057,69,1,0.642985955719276
all,image_combined_svm,123,4,064,88,0,-0.8491785457519234
all,image_combined_svm,123,4,070,75,1,-0.07399032600651263
all,image_combined_svm,123,4,071,23,1,1.7585808319506187
all,image_combined_svm,123,4,077,86,1,0.22715427425174511
all,image_combined_svm,123,4,080,25,0,0.07231559195564945
all,image_combined_svm,123,4,090,69,0,0.6047625225830144
all,image_combined_svm,123,4,091,96,1,-0.7328350551789111
all,image_combined_svm,123,4,095,86,1,0.21829436569879132
all,image_combined_svm,123,4,105,16,1,0.0670774386934183
all,image_combined_svm,123,4,107,35,0,-0.7698605068941077
all,image_combined_svm,123,4,111,77,0,-0.505382513363405
all,image_combined_svm,123,4,116,85,0,0.44103701448790217
all,image_combined_svm,123,4,127,75,1,-0.12357277377403576
all,image_combined_svm,123,4,128,96,1,0.5487247453646208
all,image_combined_svm,123,4,129,69,1,1.2302081275648962
all,image_combined_svm,123,4,130,88,0,-0.7091250936044209
all,image_combined_svm,123,4,134,69,1,0.15965441338527997
all,image_combined_svm,123,4,138,75,1,-0.6787831039462743
all,image_combined_svm,123,4,151,85,1,0.5034783913070843
all,image_combined_svm,123,4,154,45,0,-0.5279687634425079
all,image_combined_svm,123,4,155,68,1,0.6025266427310056
all,image_combined_svm,123,4,157,77,0,-0.5658061891022083
all,image_combined_svm,123,4,162,23,0,-0.23284142698581756
all,image_combined_svm,123,4,184,68,0,0.4561433412298807
all,image_combined_svm,123,4,188,85,0,-0.7228477674634043
all,image_combined_svm,123,4,191,87,0,-1.6844260168016014
all,image_combined_svm,123,4,197,35,0,-0.08099921676505546
all,image_combined_svm,123,4,203,77,1,-0.06827771821059493
all,image_combined_svm,123,4,211,87,0,-0.9620073365137264
all,image_combined_svm,123,4,220,88,0,-1.3434976237842202
all,image_combined_svm,123,4,243,85,1,1.349733901823827
all,image_combined_svm,123,4,244,75,1,0.23006075897183825
all,image_combined_svm,123,4,247,88,0,-0.685758220816572
all,image_combined_svm,123,4,253,45,1,-0.609155531478465
all,image_combined_svm,123,4,254,86,1,0.3594542417342699
all,image_combined_svm,123,4,258,85,1,0.15566731633676023
all,image_combined_svm,123,4,264,31,0,-0.053919383219744
all,image_combined_svm,123,4,266,88,0,-0.4271012941138413
all,image_combined_svm,123,4,267,98,1,-0.1217249750131338
all,image_combined_svm,456,0,006,49,1,0.45288268655035435
all,image_combined_svm,456,0,009,2,1,0.5933063134337825
all,image_combined_svm,456,0,014,39,1,-0.511201146500592
all,image_combined_svm,456,0,025,81,1,0.1264787047740741
all,image_combined_svm,456,0,026,86,1,1.0399687523013315
all,image_combined_svm,456,0,032,19,0,-0.5566072995725028
all,image_combined_svm,456,0,034,91,1,-0.07117371977308323
all,image_combined_svm,456,0,045,49,1,-0.2946459317475
all,image_combined_svm,456,0,047,51,0,0.28588521154518254
all,image_combined_svm,456,0,048,67,0,0.07631395214909162
all,image_combined_svm,456,0,050,51,0,-0.24363616902737104
all,image_combined_svm,456,0,054,16,1,-0.20291633786835198
all,image_combined_svm,456,0,059,97,1,0.14873850365009653
all,image_combined_svm,456,0,068,22,1,-0.2009108143102226
all,image_combined_svm,456,0,074,81,1,-0.36705755519744165
all,image_combined_svm,456,0,077,86,1,1.0762351957955973
all,image_combined_svm,456,0,078,93,0,-0.480609333914641
all,image_combined_svm,456,0,084,3,1,-0.1226447511701311
all,image_combined_svm,456,0,087,51,0,0.6154243287120983
all,image_combined_svm,456,0,092,51,0,0.7585586385457691
all,image_combined_svm,456,0,094,93,1,-0.5155114075890431
all,image_combined_svm,456,0,095,86,1,0.009231178837180526
all,image_combined_svm,456,0,097,2,1,0.39458838164963095
all,image_combined_svm,456,0,099,97,1,0.9086345423475285
all,image_combined_svm,456,0,104,19,0,-0.7035415531264142
all,image_combined_svm,456,0,105,16,1,0.016542746371343814
all,image_combined_svm,456,0,110,22,1,0.2566978506260733
all,image_combined_svm,456,0,117,7,0,-0.689979717284157
all,image_combined_svm,456,0,118,91,1,0.24234458118263205
all,image_combined_svm,456,0,122,71,0,-0.9424557595691161
all,image_combined_svm,456,0,123,81,1,0.7016656158690632
all,image_combined_svm,456,0,133,51,0,0.6025137617331477
all,image_combined_svm,456,0,136,39,0,0.9834979603335324
all,image_combined_svm,456,0,137,19,0,-0.7536716725266169
all,image_combined_svm,456,0,148,7,0,-0.4351994485013312
all,image_combined_svm,456,0,160,51,0,0.6147305629297696
all,image_combined_svm,456,0,166,19,0,-0.6677521471856038
all,image_combined_svm,456,0,167,22,1,0.10241325732470966
all,image_combined_svm,456,0,169,39,1,0.4748103821504629
all,image_combined_svm,456,0,185,71,0,-0.5461936160253971
all,image_combined_svm,456,0,186,51,0,0.11894916551450954
all,image_combined_svm,456,0,189,22,1,-0.6858748346543087
all,image_combined_svm,456,0,196,67,0,-0.9733201967406938
all,image_combined_svm,456,0,198,93,0,-0.9486661212130713
all,image_combined_svm,456,0,200,21,0,-0.9876382162981139
all,image_combined_svm,456,0,207,3,1,0.42484489761432165
all,image_combined_svm,456,0,225,67,0,-0.7151227065378409
all,image_combined_svm,456,0,229,51,0,0.34016353977632485
all,image_combined_svm,456,0,231,11,0,-0.26581366000801565
all,image_combined_svm,456,0,234,39,0,0.8112321102654266
all,image_combined_svm,456,0,254,86,1,0.3924071430827576
all,image_combined_svm,456,0,255,97,0,1.026119575070685
all,image_combined_svm,456,0,267,98,1,-0.7039782764900525
all,image_combined_svm,456,0,268,21,0,-0.02492173528234229
all,image_combined_svm,456,0,270,49,0,-0.42494038992488625
all,image_combined_svm,456,1,005,65,0,-0.20641613833729608
all,image_combined_svm,456,1,011,47,1,0.6607693342394939
all,image_combined_svm,456,1,015,75,1,-0.9843502354914037
all,image_combined_svm,456,1,016,84,1,-0.31528952824305895
all,image_combined_svm,456,1,019,82,0,-0.38753940862203573
all,image_combined_svm,456,1,022,34,1,-0.04192518452489602
all,image_combined_svm,456,1,031,38,1,-0.5017152788959508
all,image_combined_svm,456,1,033,46,1,0.9278688722207603
all,image_combined_svm,456,1,056,47,1,0.5879141213491911
all,image_combined_svm,456,1,058,50,0,-0.33474295920867503
all,image_combined_svm,456,1,063,84,1,0.3137247143436901
all,image_combined_svm,456,1,067,34,1,-0.29776769312678275
all,image_combined_svm,456,1,070,75,1,-0.20651395868032343
all,image_combined_svm,456,1,075,38,1,-0.3312174369713256
all,image_combined_svm,456,1,083,79,0,-0.37083813196966686
all,image_combined_svm,456,1,085,18,0,-0.6284272827445965
all,image_combined_svm,456,1,086,18,0,-0.12690843855250986
all,image_combined_svm,456,1,088,82,0,0.6116441913242955
all,image_combined_svm,456,1,096,17,0,-0.5420247723688922
all,image_combined_svm,456,1,109,46,1,0.42034101789472555
all,image_combined_svm,456,1,120,52,0,-0.6035082668511912
all,image_combined_svm,456,1,126,82,0,-0.16918221382126594
all,image_combined_svm,456,1,127,75,1,0.10906015566739485
all,image_combined_svm,456,1,132,38,0,-0.5824590765650232
all,image_combined_svm,456,1,138,75,1,-0.750975020629764
all,image_combined_svm,456,1,140,84,1,-0.8779761912941147
all,image_combined_svm,456,1,144,63,1,0.13325314060282542
all,image_combined_svm,456,1,152,58,1,1.5947281975832452
all,image_combined_svm,456,1,159,52,0,-0.3526091827435661
all,image_combined_svm,456,1,161,79,1,0.6190534145113288
all,image_combined_svm,456,1,165,30,0,-0.9858931874645604
all,image_combined_svm,456,1,172,18,0,-0.962392751322432
all,image_combined_svm,456,1,182,79,1,0.19495131866652346
all,image_combined_svm,456,1,183,80,1,1.557151435368181
all,image_combined_svm,456,1,187,17,0,-0.3064557094536695
all,image_combined_svm,456,1,192,38,0,-0.48937564764360353
all,image_combined_svm,456,1,199,82,0,-0.8277732344022473
all,image_combined_svm,456,1,202,46,0,-0.49050607382829314
all,image_combined_svm,456,1,208,79,1,0.8081174399280072
all,image_combined_svm,456,1,215,50,0,-0.5026300321818917
all,image_combined_svm,456,1,222,52,0,-0.6951260699421241
all,image_combined_svm,456,1,223,38,0,-0.35501613722117903
all,image_combined_svm,456,1,230,34,0,0.19999028361575286
all,image_combined_svm,456,1,237,18,0,-0.2837817514134555
all,image_combined_svm,456,1,244,75,1,0.5163843353703704
all,image_combined_svm,456,1,245,80,1,1.4834297061249333
all,image_combined_svm,456,1,246,50,0,-0.47846496130669813
all,image_combined_svm,456,1,249,17,1,0.15027997064842033
all,image_combined_svm,456,1,251,38,0,-0.03829300836735047
all,image_combined_svm,456,1,252,18,0,-0.6951879906274628
all,image_combined_svm,456,1,260,60,0,-0.4406278119123357
all,image_combined_svm,456,1,265,18,0,-1.2365648924780097
all,image_combined_svm,456,1,271,47,1,1.3498544711011784
all,image_combined_svm,456,2,001,87,0,-0.16467409719261383
all,image_combined_svm,456,2,010,72,0,-0.07349973704047852
all,image_combined_svm,456,2,017,8,0,-1.2970874914248443
all,image_combined_svm,456,2,040,8,0,-0.41314950378753335
all,image_combined_svm,456,2,041,26,1,-0.3645870051517577
all,image_combined_svm,456,2,044,15,1,0.9355274153023921
all,image_combined_svm,456,2,049,87,0,0.008621643767982357
all,image_combined_svm,456,2,052,8,0,-0.05680107562983616
all,image_combined_svm,456,2,055,15,1,0.2750939044614159
all,image_combined_svm,456,2,057,69,1,0.8398135880474898
all,image_combined_svm,456,2,061,24,1,-0.09640210692534501
all,image_combined_svm,456,2,064,88,0,-0.3369438085251203
all,image_combined_svm,456,2,082,15,1,-0.3202383155018775
all,image_combined_svm,456,2,090,69,0,0.8647359321808766
all,image_combined_svm,456,2,100,72,1,-0.4553731403200054
all,image_combined_svm,456,2,112,94,0,-0.1911380983630343
all,image_combined_svm,456,2,121,74,1,0.35631763097166724
all,image_combined_svm,456,2,124,37,1,0.504935173972274
all,image_combined_svm,456,2,125,42,0,-0.94825322792677
all,image_combined_svm,456,2,129,69,1,1.1268430904067293
all,image_combined_svm,456,2,130,88,0,-0.436543518623535
all,image_combined_svm,456,2,134,69,1,0.3163483549213254
all,image_combined_svm,456,2,135,64,1,0.7067197873707047
all,image_combined_svm,456,2,141,37,1,0.2683329961842197
all,image_combined_svm,456,2,147,72,0,0.14798139474277872
all,image_combined_svm,456,2,156,5,0,-0.17552870189450043
all,image_combined_svm,456,2,158,74,1,0.4182471017768711
all,image_combined_svm,456,2,171,42,0,-1.1492158234881797
all,image_combined_svm,456,2,175,74,1,0.5728653726628931
all,image_combined_svm,456,2,177,32,0,0.3315838059858154
all,image_combined_svm,456,2,179,37,0,0.39277534963321925
all,image_combined_svm,456,2,191,87,0,-1.2640361749347426
all,image_combined_svm,456,2,193,56,1,1.001609199540059
all,image_combined_svm,456,2,194,5,0,-0.43281798398631727
all,image_combined_svm,456,2,195,94,0,-1.656733706347283
all,image_combined_svm,456,2,204,27,0,-0.9720448963383429
all,image_combined_svm,456,2,206,42,0,-0.5280219304990224
all,image_combined_svm,456,2,209,64,0,0.31457951227901626
all,image_combined_svm,456,2,211,87,0,-0.7512121387368825
all,image_combined_svm,456,2,218,56,1,1.1742924743981544
all,image_combined_svm,456,2,220,88,0,-1.4572084582072975
all,image_combined_svm,456,2,221,72,1,-0.19710078088567828
all,image_combined_svm,456,2,232,74,1,0.49402758280034087
all,image_combined_svm,456,2,233,37,1,0.6025363499650361
all,image_combined_svm,456,2,240,72,0,0.015265738487892616
all,image_combined_svm,456,2,247,88,0,-0.7997331328110147
all,image_combined_svm,456,2,250,15,1,0.831160053591636
all,image_combined_svm,456,2,256,10,1,0.44992755359379866
all,image_combined_svm,456,2,259,62,1,-0.5354375731034319
all,image_combined_svm,456,2,261,74,1,0.7278113317146233
all,image_combined_svm,456,2,262,14,0,-0.17252300232960793
all,image_combined_svm,456,2,264,31,0,0.19531924957127245
all,image_combined_svm,456,2,266,88,0,-0.6498373590052916
all,image_combined_svm,456,2,272,33,1,-0.16667027403932033
all,image_combined_svm,456,3,004,45,1,-0.2456307559523928
all,image_combined_svm,456,3,008,28,0,0.19986302692974578
all,image_combined_svm,456,3,012,73,1,1.9311119772273877
all,image_combined_svm,456,3,018,9,1,0.12405828040075864
all,image_combined_svm,456,3,023,44,0,-0.7180771038524185
all,image_combined_svm,456,3,024,89,0,-0.18205551640648415
all,image_combined_svm,456,3,027,85,1,0.6717125980269054
all,image_combined_svm,456,3,029,35,0,0.41336501914817503
all,image_combined_svm,456,3,030,57,1,-0.852288809096599
all,image_combined_svm,456,3,035,83,1,-0.20896063517942792
all,image_combined_svm,456,3,036,77,0,-1.0554994917118634
all,image_combined_svm,456,3,042,23,0,0.09929771326728515
all,image_combined_svm,456,3,043,9,1,0.1515839525778726
all,image_combined_svm,456,3,051,28,0,0.1080278341879533
all,image_combined_svm,456,3,060,44,0,0.4224742112743967
all,image_combined_svm,456,3,071,23,1,1.5704303168138138
all,image_combined_svm,456,3,076,4,1,0.12645594627933604
all,image_combined_svm,456,3,080,25,0,-0.05382238579898231
all,image_combined_svm,456,3,093,73,1,1.483694954201623
all,image_combined_svm,456,3,098,4,1,0.5152229456974423
all,image_combined_svm,456,3,101,36,0,-0.07274210667128413
all,image_combined_svm,456,3,107,35,0,-0.23685949169550352
all,image_combined_svm,456,3,111,77,0,-0.014419090751314992
all,image_combined_svm,456,3,116,85,0,0.6409999648394016
all,image_combined_svm,456,3,139,89,0,0.20602266512413753
all,image_combined_svm,456,3,142,44,0,0.1012286475370411
all,image_combined_svm,456,3,143,28,0,-0.18890410338100438
all,image_combined_svm,456,3,145,36,0,-0.6516025183465346
all,image_combined_svm,456,3,151,85,1,0.3230559372381117
all,image_combined_svm,456,3,153,83,1,-0.3567737806320848
all,image_combined_svm,456,3,154,45,0,0.35706764019208337
all,image_combined_svm,456,3,155,68,1,0.30346893290548527
all,image_combined_svm,456,3,157,77,0,-0.5004052986925994
all,image_combined_svm,456,3,162,23,0,-0.027701504394071916
all,image_combined_svm,456,3,168,4,1,0.10338080334298409
all,image_combined_svm,456,3,173,89,0,-0.6598912034556522
all,image_combined_svm,456,3,180,73,1,0.08382464353795156
all,image_combined_svm,456,3,184,68,0,0.09804699969938106
all,image_combined_svm,456,3,188,85,0,-0.8435235841067765
all,image_combined_svm,456,3,190,44,0,-0.17781513292229761
all,image_combined_svm,456,3,197,35,0,-0.13617054276730928
all,image_combined_svm,456,3,201,66,1,-0.7363141353480299
all,image_combined_svm,456,3,203,77,1,0.1873942746825174
all,image_combined_svm,456,3,212,12,0,-0.4949498970065746
all,image_combined_svm,456,3,213,44,1,0.679349003616262
all,image_combined_svm,456,3,216,36,1,-0.7217575600378149
all,image_combined_svm,456,3,219,73,1,0.7855121961077614
all,image_combined_svm,456,3,224,59,1,0.5383089243297156
all,image_combined_svm,456,3,235,89,0,-0.27260897335920775
all,image_combined_svm,456,3,236,44,0,0.4676582498682635
all,image_combined_svm,456,3,243,85,1,1.169281730193428
all,image_combined_svm,456,3,248,36,1,0.525161514845473
all,image_combined_svm,456,3,253,45,1,-0.6740940872166183
all,image_combined_svm,456,3,257,83,1,0.8810025834993818
all,image_combined_svm,456,3,258,85,1,-0.14268539898964366
all,image_combined_svm,456,3,269,44,0,-0.6036155016564759
all,image_combined_svm,456,4,002,78,0,0.5362095404924462
all,image_combined_svm,456,4,003,1,0,-0.8702092741419601
all,image_combined_svm,456,4,007,90,1,-0.17438094167713347
all,image_combined_svm,456,4,013,92,0,-0.5501840552816369
all,image_combined_svm,456,4,020,20,1,0.686290696282989
all,image_combined_svm,456,4,021,70,0,0.7545434366008179
all,image_combined_svm,456,4,028,55,0,-0.2822508339650576
all,image_combined_svm,456,4,037,90,0,-0.806887721131053
all,image_combined_svm,456,4,038,43,1,-0.21664034675495203
all,image_combined_svm,456,4,039,40,0,-0.3227724438767062
all,image_combined_svm,456,4,046,70,1,0.6467478548813524
all,image_combined_svm,456,4,053,78,0,1.0534490210119012
all,image_combined_svm,456,4,062,55,0,-0.18723362147794426
all,image_combined_svm,456,4,065,41,1,0.09926219777489635
all,image_combined_svm,456,4,066,90,1,-0.3519062439882376
all,image_combined_svm,456,4,069,1,0,-0.5022220011954918
all,image_combined_svm,456,4,072,70,1,0.7756842029205745
all,image_combined_svm,456,4,073,13,1,0.36558966194634945
all,image_combined_svm,456,4,079,43,1,-0.8506096316807596
all,image_combined_svm,456,4,081,40,0,-0.2000839798434959
all,image_combined_svm,456,4,089,20,1,0.7746942914524683
all,image_combined_svm,456,4,091,96,1,-1.0847969491464757
all,image_combined_svm,456,4,102,76,1,0.49616221419901624
all,image_combined_svm,456,4,103,6,0,-0.08278552854955702
all,image_combined_svm,456,4,106,48,1,-0.1702656709121096
all,image_combined_svm,456,4,108,61,0,-0.6786993239710145
all,image_combined_svm,456,4,113,78,0,0.7083742878969925
all,image_combined_svm,456,4,114,92,1,-0.2120282289119823
all,image_combined_svm,456,4,115,41,1,0.7307888498921039
all,image_combined_svm,456,4,119,40,0,-0.8491254946532053
all,image_combined_svm,456,4,128,96,1,0.7904016494926036
all,image_combined_svm,456,4,131,54,1,0.26398014615261306
all,image_combined_svm,456,4,146,78,0,0.6453271026787252
all,image_combined_svm,456,4,149,40,0,-0.23802625036727
all,image_combined_svm,456,4,150,29,0,-0.43738409372026965
all,image_combined_svm,456,4,163,48,0,0.5873848666748739
all,image_combined_svm,456,4,164,53,0,0.40398175402488856
all,image_combined_svm,456,4,170,53,0,-0.24734509594972132
all,image_combined_svm,456,4,174,1,0,-0.499051178098062
all,image_combined_svm,456,4,176,41,0,-0.6908301829218583
all,image_combined_svm,456,4,178,76,1,0.6802738736666948
all,image_combined_svm,456,4,181,6,0,-0.3986283687036273
all,image_combined_svm,456,4,205,95,0,-0.10683128831177391
all,image_combined_svm,456,4,210,20,1,0.544960311540514
all,image_combined_svm,456,4,214,92,0,-0.5234291170173304
all,image_combined_svm,456,4,217,76,1,0.9284488266566043
all,image_combined_svm,456,4,226,41,1,0.19391356048614117
all,image_combined_svm,456,4,227,78,0,-0.5668713201676987
all,image_combined_svm,456,4,228,43,1,0.04611471493225665
all,image_combined_svm,456,4,238,54,1,1.0837971355147529
all,image_combined_svm,456,4,239,1,0,-0.3467807426587377
all,image_combined_svm,456,4,241,29,0,-0.1835936372610042
all,image_combined_svm,456,4,242,76,1,-0.19744517436016534
all,image_combined_svm,456,4,263,76,1,0.8855305070307605
all,image_combined_svm,789,0,003,1,0,-0.9845820136165344
all,image_combined_svm,789,0,013,92,0,-1.2633552947106723
all,image_combined_svm,789,0,017,8,0,-1.1226375382720128
all,image_combined_svm,789,0,018,9,1,-0.0009364951513899655
all,image_combined_svm,789,0,026,86,1,1.1990709188531967
all,image_combined_svm,789,0,035,83,1,-0.6199139113358396
all,image_combined_svm,789,0,040,8,0,-0.6682212246264836
all,image_combined_svm,789,0,043,9,1,-0.09911516627317274
all,image_combined_svm,789,0,047,51,0,0.4502878286097545
all,image_combined_svm,789,0,050,51,0,-0.1766188322046111
all,image_combined_svm,789,0,052,8,0,-0.036011960727771464
all,image_combined_svm,789,0,059,97,1,0.4675544574738045
all,image_combined_svm,789,0,068,22,1,-0.29447617457182285
all,image_combined_svm,789,0,069,1,0,-0.4364145413253926
all,image_combined_svm,789,0,073,13,1,-0.16873572712730325
all,image_combined_svm,789,0,077,86,1,1.3126806552818802
all,image_combined_svm,789,0,080,25,0,0.33072385388508113
all,image_combined_svm,789,0,083,79,0,-0.109746935623188
all,image_combined_svm,789,0,087,51,0,0.7031488835391955
all,image_combined_svm,789,0,091,96,1,-1.1531170243157027
all,image_combined_svm,789,0,092,51,0,0.8478603226488077
all,image_combined_svm,789,0,095,86,1,0.21245221300427497
all,image_combined_svm,789,0,099,97,1,0.994987957911097
all,image_combined_svm,789,0,110,22,1,0.34625280749529636
all,image_combined_svm,789,0,114,92,1,0.22198017206639814
all,image_combined_svm,789,0,122,71,0,-0.7022906153085864
all,image_combined_svm,789,0,128,96,1,0.3703547323732695
all,image_combined_svm,789,0,133,51,0,0.5876489831956275
all,image_combined_svm,789,0,144,63,1,0.6863162991972465
all,image_combined_svm,789,0,153,83,1,-0.8904223387203081
all,image_combined_svm,789,0,155,68,1,0.655742594822377
all,image_combined_svm,789,0,156,5,0,-0.3216869744378903
all,image_combined_svm,789,0,160,51,0,0.802607915973127
all,image_combined_svm,789,0,161,79,1,0.9740105228378153
all,image_combined_svm,789,0,164,53,0,0.274859266995245
all,image_combined_svm,789,0,167,22,1,0.35327780571654926
all,image_combined_svm,789,0,170,53,0,-0.5159231646901434
all,image_combined_svm,789,0,174,1,0,-0.920362983497836
all,image_combined_svm,789,0,177,32,0,1.0627038896567547
all,image_combined_svm,789,0,182,79,1,0.2327557487795247
all,image_combined_svm,789,0,184,68,0,0.6686517677081183
all,image_combined_svm,789,0,185,71,0,-0.8443037620915987
all,image_combined_svm,789,0,186,51,0,0.04862676238058941
all,image_combined_svm,789,0,189,22,1,-0.6557664471882492
all,image_combined_svm,789,0,194,5,0,-0.5741794348995786
all,image_combined_svm,789,0,201,66,1,-1.1033516071508218
all,image_combined_svm,789,0,208,79,1,1.4739835952627882
all,image_combined_svm,789,0,214,92,0,-0.8052535065984658
all,image_combined_svm,789,0,229,51,0,0.49483121707108485
all,image_combined_svm,789,0,239,1,0,-0.48053516580577416
all,image_combined_svm,789,0,254,86,1,0.8644723680760591
all,image_combined_svm,789,0,255,97,0,0.9244742384191778
all,image_combined_svm,789,0,256,10,1,0.37825063488605
all,image_combined_svm,789,0,257,83,1,0.8864850534900457
all,image_combined_svm,789,1,004,45,1,-0.33166876789615346
all,image_combined_svm,789,1,008,28,0,-0.14726544078802992
all,image_combined_svm,789,1,009,2,1,0.7602646939223713
all,image_combined_svm,789,1,012,73,1,1.5956928095004133
all,image_combined_svm,789,1,014,39,1,-0.29976631790730784
all,image_combined_svm,789,1,019,82,0,-0.350441964546277
all,image_combined_svm,789,1,031,38,1,-0.27319209453409216
all,image_combined_svm,789,1,033,46,1,0.9163742382723142
all,image_combined_svm,789,1,042,23,0,-0.00951510846795943
all,image_combined_svm,789,1,044,15,1,0.9427328777464022
all,image_combined_svm,789,1,051,28,0,0.0036184750949678776
all,image_combined_svm,789,1,055,15,1,0.08363659059492581
all,image_combined_svm,789,1,058,50,0,-0.8961972064075981
all,image_combined_svm,789,1,061,24,1,0.19557014260981634
all,image_combined_svm,789,1,071,23,1,1.517253750393611
all,image_combined_svm,789,1,075,38,1,-0.28103357239485727
all,image_combined_svm,789,1,076,4,1,0.03738188654092137
all,image_combined_svm,789,1,082,15,1,0.0685071629294213
all,image_combined_svm,789,1,084,3,1,-0.010077548764005816
all,image_combined_svm,789,1,085,18,0,-0.7851019832212013
all,image_combined_svm,789,1,086,18,0,-0.0041705262617519456
all,image_combined_svm,789,1,088,82,0,-0.022700052398485347
all,image_combined_svm,789,1,093,73,1,1.139423148110416
all,image_combined_svm,789,1,097,2,1,0.6551131801977655
all,image_combined_svm,789,1,098,4,1,0.3099932274442762
all,image_combined_svm,789,1,109,46,1,0.1961546552434085
all,image_combined_svm,789,1,126,82,0,-0.6675343061488508
all,image_combined_svm,789,1,132,38,0,0.023916937270153017
all,image_combined_svm,789,1,136,39,0,1.7872945514284042
all,image_combined_svm,789,1,143,28,0,-0.3969536119978639
all,image_combined_svm,789,1,150,29,0,0.21623282786806977
all,image_combined_svm,789,1,154,45,0,0.13427812967701439
all,image_combined_svm,789,1,162,23,0,0.034425345304520606
all,image_combined_svm,789,1,168,4,1,0.22485848386778132
all,image_combined_svm,789,1,169,39,1,0.3636619775830198
all,image_combined_svm,789,1,172,18,0,-0.8961361554659041
all,image_combined_svm,789,1,180,73,1,-0.18301770272481585
all,image_combined_svm,789,1,192,38,0,-0.29331613741614754
all,image_combined_svm,789,1,199,82,0,-0.5900208838876325
all,image_combined_svm,789,1,202,46,0,-0.7282447508194829
all,image_combined_svm,789,1,207,3,1,0.08220608728985665
all,image_combined_svm,789,1,215,50,0,-0.6475192335240897
all,image_combined_svm,789,1,219,73,1,0.9826814586223452
all,image_combined_svm,789,1,223,38,0,-0.3954740639223167
all,image_combined_svm,789,1,231,11,0,-0.7600354807355197
all,image_combined_svm,789,1,234,39,0,0.7332419729189105
all,image_combined_svm,789,1,237,18,0,0.04035533114250526
all,image_combined_svm,789,1,241,29,0,-0.012632879518406935
all,image_combined_svm,789,1,246,50,0,-0.4347604084628712
all,image_combined_svm,789,1,250,15,1,0.9089249845462394
all,image_combined_svm,789,1,251,38,0,0.294161305651841
all,image_combined_svm,789,1,252,18,0,-0.8810582539232438
all,image_combined_svm,789,1,253,45,1,-0.08905879077239573
all,image_combined_svm,789,1,265,18,0,-1.5168573409993886
all,image_combined_svm,789,1,272,33,1,0.027977291443062137
all,image_combined_svm,789,2,002,78,0,0.43443445009379145
all,image_combined_svm,789,2,006,49,1,0.9248920166017831
all,image_combined_svm,789,2,011,47,1,-0.1888595455209886
all,image_combined_svm,789,2,025,81,1,0.13706490980069092
all,image_combined_svm,789,2,030,57,1,-0.9598773110132583
all,image_combined_svm,789,2,032,19,0,-0.2672361190522805
all,image_combined_svm,789,2,034,91,1,0.22269787805274227
all,image_combined_svm,789,2,036,77,0,-0.8226302146720509
all,image_combined_svm,789,2,039,40,0,-0.07910661376128093
all,image_combined_svm,789,2,045,49,1,-0.22524846645603713
all,image_combined_svm,789,2,053,78,0,1.0236428706587695
all,image_combined_svm,789,2,056,47,1,0.17802000764835874
all,image_combined_svm,789,2,074,81,1,-0.04702398979326791
all,image_combined_svm,789,2,081,40,0,0.02580635193931291
all,image_combined_svm,789,2,096,17,0,-0.5982902934538337
all,image_combined_svm,789,2,101,36,0,-0.18730820077245625
all,image_combined_svm,789,2,102,76,1,0.4742814137932301
all,image_combined_svm,789,2,103,6,0,-0.19066120327044866
all,image_combined_svm,789,2,104,19,0,-0.4404630993787171
all,image_combined_svm,789,2,111,77,0,-0.13677894512784025
all,image_combined_svm,789,2,113,78,0,0.24756364504322476
all,image_combined_svm,789,2,117,7,0,-0.6505294157900848
all,image_combined_svm,789,2,118,91,1,0.5167242230531438
all,image_combined_svm,789,2,119,40,0,-0.49255949315685527
all,image_combined_svm,789,2,123,81,1,0.5024312865998759
all,image_combined_svm,789,2,124,37,1,0.365006531624647
all,image_combined_svm,789,2,131,54,1,0.16284358284442457
all,image_combined_svm,789,2,137,19,0,-0.14957504995283277
all,image_combined_svm,789,2,141,37,1,0.18050910666213188
all,image_combined_svm,789,2,145,36,0,-0.6700487868555229
all,image_combined_svm,789,2,146,78,0,0.38977374921229235
all,image_combined_svm,789,2,148,7,0,-0.613751230300217
all,image_combined_svm,789,2,149,40,0,-0.4024414830402372
all,image_combined_svm,789,2,157,77,0,-0.6657381918751699
all,image_combined_svm,789,2,166,19,0,-0.6193625547261361
all,image_combined_svm,789,2,178,76,1,0.15193485130267248
all,image_combined_svm,789,2,179,37,0,0.30922032610678074
all,image_combined_svm,789,2,181,6,0,-0.4307620274959428
all,image_combined_svm,789,2,187,17,0,-0.345634862939506
all,image_combined_svm,789,2,203,77,1,0.5647103104159666
all,image_combined_svm,789,2,212,12,0,-1.0839252987064603
all,image_combined_svm,789,2,216,36,1,-0.095419536455847
all,image_combined_svm,789,2,217,76,1,0.8971201261405386
all,image_combined_svm,789,2,227,78,0,-0.1378658419934507
all,image_combined_svm,789,2,233,37,1,0.3116799172148207
all,image_combined_svm,789,2,238,54,1,1.2223590859079088
all,image_combined_svm,789,2,242,76,1,-0.22066607559300966
all,image_combined_svm,789,2,248,36,1,0.1331339543495207
all,image_combined_svm,789,2,249,17,1,0.11621352052196987
all,image_combined_svm,789,2,262,14,0,-0.11382063594069908
all,image_combined_svm,789,2,263,76,1,0.9944269469656304
all,image_combined_svm,789,2,264,31,0,0.2911677488730574
all,image_combined_svm,789,2,267,98,1,-0.4122749454155925
all,image_combined_svm,789,2,270,49,0,-0.09874666254816977
all,image_combined_svm,789,2,271,47,1,0.9247461876691652
all,image_combined_svm,789,3,001,87,0,-0.5806669636756967
all,image_combined_svm,789,3,007,90,1,0.23026583764126646
all,image_combined_svm,789,3,015,75,1,-1.2356810406658587
all,image_combined_svm,789,3,016,84,1,-0.05358720155902767
all,image_combined_svm,789,3,020,20,1,0.23763713474705989
all,image_combined_svm,789,3,022,34,1,0.24363438444862717
all,image_combined_svm,789,3,028,55,0,-0.4056757456762351
all,image_combined_svm,789,3,029,35,0,-0.06262092282739383
all,image_combined_svm,789,3,037,90,0,-0.22589880673743656
all,image_combined_svm,789,3,041,26,1,-0.2680760004275691
all,image_combined_svm,789,3,049,87,0,-0.0541667673803901
all,image_combined_svm,789,3,057,69,1,0.9058807005014236
all,image_combined_svm,789,3,062,55,0,-0.5319113604544133
all,image_combined_svm,789,3,063,84,1,0.925121378167197
all,image_combined_svm,789,3,064,88,0,-0.7260820819449173
all,image_combined_svm,789,3,066,90,1,-0.04445714175115305
all,image_combined_svm,789,3,067,34,1,-0.36121697050557017
all,image_combined_svm,789,3,070,75,1,-0.4874044478168314
all,image_combined_svm,789,3,078,93,0,-0.45207000107133
all,image_combined_svm,789,3,089,20,1,0.01813186367957377
all,image_combined_svm,789,3,090,69,0,0.6762246958913264
all,image_combined_svm,789,3,094,93,1,-0.5529652040404631
all,image_combined_svm,789,3,106,48,1,0.18496491730465592
all,image_combined_svm,789,3,107,35,0,-1.0857191227496266
all,image_combined_svm,789,3,108,61,0,-0.5665993902846373
all,image_combined_svm,789,3,112,94,0,-0.7439813819965944
all,image_combined_svm,789,3,120,52,0,-0.6945940579461704
all,image_combined_svm,789,3,127,75,1,0.1749522657133883
all,image_combined_svm,789,3,129,69,1,1.207786918076097
all,image_combined_svm,789,3,130,88,0,-0.7100006722570364
all,image_combined_svm,789,3,134,69,1,0.14358136922943426
all,image_combined_svm,789,3,138,75,1,-0.7806771998187906
all,image_combined_svm,789,3,140,84,1,-0.936913665822416
all,image_combined_svm,789,3,159,52,0,-0.550127799804423
all,image_combined_svm,789,3,163,48,0,0.3333210344443226
all,image_combined_svm,789,3,183,80,1,1.308994287418897
all,image_combined_svm,789,3,191,87,0,-1.688587785823388
all,image_combined_svm,789,3,193,56,1,0.8706535371208377
all,image_combined_svm,789,3,195,94,0,-1.816013507133124
all,image_combined_svm,789,3,197,35,0,-0.35993282085988265
all,image_combined_svm,789,3,198,93,0,-0.24865295457922504
all,image_combined_svm,789,3,200,21,0,-0.4920399984475865
all,image_combined_svm,789,3,205,95,0,0.11998724719866206
all,image_combined_svm,789,3,210,20,1,0.39449922444238483
all,image_combined_svm,789,3,211,87,0,-0.8668770367271744
all,image_combined_svm,789,3,218,56,1,1.2648345095481541
all,image_combined_svm,789,3,220,88,0,-1.3339776526808615
all,image_combined_svm,789,3,222,52,0,-0.7183814952793994
all,image_combined_svm,789,3,230,34,0,0.03255680178125116
all,image_combined_svm,789,3,244,75,1,0.6372591668938151
all,image_combined_svm,789,3,245,80,1,1.6009056204927468
all,image_combined_svm,789,3,247,88,0,-1.2000914237708882
all,image_combined_svm,789,3,259,62,1,-0.5192866839491583
all,image_combined_svm,789,3,266,88,0,-0.6221292908914251
all,image_combined_svm,789,3,268,21,0,0.26899099091966167
all,image_combined_svm,789,4,005,65,0,-0.8563788095658563
all,image_combined_svm,789,4,010,72,0,-0.1506820164355872
all,image_combined_svm,789,4,021,70,0,0.4848767500390603
all,image_combined_svm,789,4,023,44,0,-0.8613813235788872
all,image_combined_svm,789,4,024,89,0,-0.37126319945518765
all,image_combined_svm,789,4,027,85,1,0.43979595134925764
all,image_combined_svm,789,4,038,43,1,-0.43803755939474265
all,image_combined_svm,789,4,046,70,1,0.769150473259263
all,image_combined_svm,789,4,048,67,0,0.1002186169097165
all,image_combined_svm,789,4,054,16,1,0.1322263719238137
all,image_combined_svm,789,4,060,44,0,-0.06175706941254344
all,image_combined_svm,789,4,065,41,1,-0.21538742903438768
all,image_combined_svm,789,4,072,70,1,0.8886387854747436
all,image_combined_svm,789,4,079,43,1,-0.20646869446978383
all,image_combined_svm,789,4,100,72,1,-0.06906934622557667
all,image_combined_svm,789,4,105,16,1,0.3285245338956522
all,image_combined_svm,789,4,115,41,1,0.6998463705292385
all,image_combined_svm,789,4,116,85,0,0.2734192165376069
all,image_combined_svm,789,4,121,74,1,0.46998338837459985
all,image_combined_svm,789,4,125,42,0,-1.207945390219968
all,image_combined_svm,789,4,135,64,1,0.7306217303136543
all,image_combined_svm,789,4,139,89,0,0.18663292976306162
all,image_combined_svm,789,4,142,44,0,-0.2677180840159004
all,image_combined_svm,789,4,147,72,0,-0.14099511364604056
all,image_combined_svm,789,4,151,85,1,0.3414410621415712
all,image_combined_svm,789,4,152,58,1,0.7680570246867318
all,image_combined_svm,789,4,158,74,1,0.5791951715617913
all,image_combined_svm,789,4,165,30,0,-1.5831489949951578
all,image_combined_svm,789,4,171,42,0,-1.1623796623831715
all,image_combined_svm,789,4,173,89,0,-0.3910111209685468
all,image_combined_svm,789,4,175,74,1,0.667281742732987
all,image_combined_svm,789,4,176,41,0,-0.48308499220592005
all,image_combined_svm,789,4,188,85,0,-0.8446391739796997
all,image_combined_svm,789,4,190,44,0,-0.06264133251088773
all,image_combined_svm,789,4,196,67,0,-0.7320687676026317
all,image_combined_svm,789,4,204,27,0,-1.540406773031851
all,image_combined_svm,789,4,206,42,0,-0.471087543088858
all,image_combined_svm,789,4,209,64,0,0.41841736149430425
all,image_combined_svm,789,4,213,44,1,0.8395761006000267
all,image_combined_svm,789,4,221,72,1,-0.20616753141730848
all,image_combined_svm,789,4,224,59,1,0.3437227095781763
all,image_combined_svm,789,4,225,67,0,-0.3645872022833915
all,image_combined_svm,789,4,226,41,1,-0.28215495757846015
all,image_combined_svm,789,4,228,43,1,0.47660097250132816
all,image_combined_svm,789,4,232,74,1,1.20720652062945
all,image_combined_svm,789,4,235,89,0,-0.05494862763241821
all,image_combined_svm,789,4,236,44,0,0.134677646267233
all,image_combined_svm,789,4,240,72,0,0.23061514840155678
all,image_combined_svm,789,4,243,85,1,1.295339261564628
all,image_combined_svm,789,4,258,85,1,0.3470408503887301
all,image_combined_svm,789,4,260,60,0,-1.1569720160025807
all,image_combined_svm,789,4,261,74,1,0.8193987768980139
all,image_combined_svm,789,4,269,44,0,-0.6836352094465993
all,image_combined_svm,2024,0,007,90,1,0.19807084635033395
all,image_combined_svm,2024,0,009,2,1,0.9206425924957423
all,image_combined_svm,2024,0,012,73,1,1.1727298367681969
all,image_combined_svm,2024,0,024,89,0,-0.04748230371955789
all,image_combined_svm,2024,0,034,91,1,0.5211889491747846
all,image_combined_svm,2024,0,036,77,0,-0.9982190035693316
all,image_combined_svm,2024,0,037,90,0,-0.5920630764330758
all,image_combined_svm,2024,0,038,43,1,-0.5651622041476189
all,image_combined_svm,2024,0,041,26,1,-0.22341087476043348
all,image_combined_svm,2024,0,047,51,0,-0.3139217553401461
all,image_combined_svm,2024,0,050,51,0,-0.1678499866690615
all,image_combined_svm,2024,0,058,50,0,-0.7252248411216464
all,image_combined_svm,2024,0,059,97,1,0.36805361749288334
all,image_combined_svm,2024,0,066,90,1,-0.2832946363866132
all,image_combined_svm,2024,0,068,22,1,-0.28519037366576067
all,image_combined_svm,2024,0,079,43,1,-0.7308409609842215
all,image_combined_svm,2024,0,087,51,0,-0.31827831750788105
all,image_combined_svm,2024,0,092,51,0,-0.019247108261231216
all,image_combined_svm,2024,0,093,73,1,1.1004012673062697
all,image_combined_svm,2024,0,097,2,1,0.4979002675918257
all,image_combined_svm,2024,0,099,97,1,0.7951421754263396
all,image_combined_svm,2024,0,101,36,0,-0.05255588516815407
all,image_combined_svm,2024,0,108,61,0,-0.7278166860504366
all,image_combined_svm,2024,0,110,22,1,0.3876576356736817
all,image_combined_svm,2024,0,111,77,0,-0.20116508385352605
all,image_combined_svm,2024,0,112,94,0,-0.5769863793632943
all,image_combined_svm,2024,0,118,91,1,0.43098335409421107
all,image_combined_svm,2024,0,131,54,1,-0.026571768771656568
all,image_combined_svm,2024,0,133,51,0,0.6949449317276185
all,image_combined_svm,2024,0,139,89,0,0.008649500398018262
all,image_combined_svm,2024,0,145,36,0,-0.8014748436566196
all,image_combined_svm,2024,0,152,58,1,0.9756165369363069
all,image_combined_svm,2024,0,157,77,0,-0.4827339933697036
all,image_combined_svm,2024,0,160,51,0,-0.008334353678573048
all,image_combined_svm,2024,0,164,53,0,0.587122928386794
all,image_combined_svm,2024,0,167,22,1,-0.05371343293564146
all,image_combined_svm,2024,0,170,53,0,-0.8321737401351705
all,image_combined_svm,2024,0,173,89,0,-0.622513345376219
all,image_combined_svm,2024,0,180,73,1,-0.3222016235786401
all,image_combined_svm,2024,0,186,51,0,-0.19455431681859675
all,image_combined_svm,2024,0,189,22,1,-0.5064452179117533
all,image_combined_svm,2024,0,195,94,0,-1.8446092268280516
all,image_combined_svm,2024,0,201,66,1,-1.0639286515942066
all,image_combined_svm,2024,0,203,77,1,0.2557576694167403
all,image_combined_svm,2024,0,205,95,0,0.25259889309008066
all,image_combined_svm,2024,0,215,50,0,-0.6720691096785129
all,image_combined_svm,2024,0,216,36,1,-0.10690626859859087
all,image_combined_svm,2024,0,219,73,1,0.5421626837874722
all,image_combined_svm,2024,0,228,43,1,0.10916529485140114
all,image_combined_svm,2024,0,229,51,0,-0.5869739300643438
all,image_combined_svm,2024,0,235,89,0,-0.58583473991271
all,image_combined_svm,2024,0,238,54,1,0.6956181511992838
all,image_combined_svm,2024,0,246,50,0,-0.19606915398036018
all,image_combined_svm,2024,0,248,36,1,0.061399037970554016
all,image_combined_svm,2024,0,255,97,0,0.18367112357289483
all,image_combined_svm,2024,0,260,60,0,-0.8245015396664566
all,image_combined_svm,2024,1,013,92,0,-0.33132166756260595
all,image_combined_svm,2024,1,019,82,0,-0.15822841693382356
all,image_combined_svm,2024,1,020,20,1,0.3615785026927236
all,image_combined_svm,2024,1,025,81,1,-0.10677884739488447
all,image_combined_svm,2024,1,028,55,0,-0.17732246671661597
all,image_combined_svm,2024,1,048,67,0,0.24872511439699038
all,image_combined_svm,2024,1,054,16,1,0.5140324143788627
all,image_combined_svm,2024,1,062,55,0,0.1472494448493685
all,image_combined_svm,2024,1,065,41,1,-0.27030373874383806
all,image_combined_svm,2024,1,074,81,1,-0.3669162507223259
all,image_combined_svm,2024,1,078,93,0,-0.29728294424996565
all,image_combined_svm,2024,1,080,25,0,0.25950687709587505
all,image_combined_svm,2024,1,085,18,0,-0.9692382945115049
all,image_combined_svm,2024,1,086,18,0,-0.13065062651026763
all,image_combined_svm,2024,1,088,82,0,0.05725779857077859
all,image_combined_svm,2024,1,089,20,1,1.1461712279461738
all,image_combined_svm,2024,1,094,93,1,-0.7204345008187941
all,image_combined_svm,2024,1,102,76,1,0.20070897425906162
all,image_combined_svm,2024,1,105,16,1,0.3326343925408277
all,image_combined_svm,2024,1,106,48,1,-0.37580991662876817
all,image_combined_svm,2024,1,114,92,1,-0.014412007829180645
all,image_combined_svm,2024,1,115,41,1,0.5187488385155989
all,image_combined_svm,2024,1,123,81,1,0.5282593553365814
all,image_combined_svm,2024,1,124,37,1,0.5757695562890698
all,image_combined_svm,2024,1,126,82,0,-0.20396816939328036
all,image_combined_svm,2024,1,141,37,1,0.14109307870168988
all,image_combined_svm,2024,1,150,29,0,-0.4450044798683743
all,image_combined_svm,2024,1,155,68,1,0.35207350008450056
all,image_combined_svm,2024,1,163,48,0,0.41163242897408614
all,image_combined_svm,2024,1,165,30,0,-0.8948759229180261
all,image_combined_svm,2024,1,172,18,0,-0.7336862698808458
all,image_combined_svm,2024,1,176,41,0,-0.5835090537977231
all,image_combined_svm,2024,1,177,32,0,0.3819542165146491
all,image_combined_svm,2024,1,178,76,1,0.7154344326414761
all,image_combined_svm,2024,1,179,37,0,0.4747305926204436
all,image_combined_svm,2024,1,184,68,0,0.9399724584555197
all,image_combined_svm,2024,1,196,67,0,-0.27808640506523385
all,image_combined_svm,2024,1,198,93,0,-0.46973531964749615
all,image_combined_svm,2024,1,199,82,0,-0.6250002612060368
all,image_combined_svm,2024,1,210,20,1,0.46518039627904584
all,image_combined_svm,2024,1,214,92,0,-0.7018344270932529
all,image_combined_svm,2024,1,217,76,1,1.2332235150628235
all,image_combined_svm,2024,1,225,67,0,-0.389193442234509
all,image_combined_svm,2024,1,226,41,1,-0.2726042123525413
all,image_combined_svm,2024,1,233,37,1,0.24967475427327532
all,image_combined_svm,2024,1,237,18,0,0.27645155944927247
all,image_combined_svm,2024,1,241,29,0,-0.18739483863760745
all,image_combined_svm,2024,1,242,76,1,0.02867925020362405
all,image_combined_svm,2024,1,252,18,0,-0.9869865086723774
all,image_combined_svm,2024,1,263,76,1,1.5913621695098799
all,image_combined_svm,2024,1,264,31,0,0.32578069449573654
all,image_combined_svm,2024,1,265,18,0,-1.5112061606725857
all,image_combined_svm,2024,1,267,98,1,-0.014706767400930493
all,image_combined_svm,2024,1,272,33,1,0.02142316769027111
all,image_combined_svm,2024,2,002,78,0,0.11349391939631118
all,image_combined_svm,2024,2,003,1,0,-1.0834329103669054
all,image_combined_svm,2024,2,010,72,0,-0.5298638152652598
all,image_combined_svm,2024,2,011,47,1,0.12366556459518682
all,image_combined_svm,2024,2,015,75,1,-0.9771292179884826
all,image_combined_svm,2024,2,016,84,1,0.09577127010923456
all,image_combined_svm,2024,2,018,9,1,0.15372843986445447
all,image_combined_svm,2024,2,021,70,0,0.8059252522867449
all,image_combined_svm,2024,2,029,35,0,0.021345196433191355
all,image_combined_svm,2024,2,031,38,1,-0.4058674699137539
all,image_combined_svm,2024,2,039,40,0,-0.06748601170209564
all,image_combined_svm,2024,2,042,23,0,0.1056649498968984
all,image_combined_svm,2024,2,043,9,1,0.044962587539342846
all,image_combined_svm,2024,2,046,70,1,1.1403320041525167
all,image_combined_svm,2024,2,053,78,0,0.8277622701621662
all,image_combined_svm,2024,2,056,47,1,0.1828954552886651
all,image_combined_svm,2024,2,063,84,1,0.9973096643729754
all,image_combined_svm,2024,2,069,1,0,-0.19504185230553434
all,image_combined_svm,2024,2,070,75,1,0.0906658831460102
all,image_combined_svm,2024,2,071,23,1,1.5769088795730026
all,image_combined_svm,2024,2,072,70,1,0.9692387326239664
all,image_combined_svm,2024,2,073,13,1,0.49573150486120465
all,image_combined_svm,2024,2,075,38,1,-0.2345423256312553
all,image_combined_svm,2024,2,081,40,0,-0.05933277435874737
all,image_combined_svm,2024,2,091,96,1,-0.8665951748036372
all,image_combined_svm,2024,2,100,72,1,0.08883633022503987
all,image_combined_svm,2024,2,107,35,0,-0.9449374617836824
all,image_combined_svm,2024,2,113,78,0,0.4160406370841857
all,image_combined_svm,2024,2,119,40,0,-0.5056925168355723
all,image_combined_svm,2024,2,127,75,1,-0.14870954016397062
all,image_combined_svm,2024,2,128,96,1,0.6520361991517345
all,image_combined_svm,2024,2,132,38,0,-0.3059944473786005
all,image_combined_svm,2024,2,135,64,1,0.7373505343536996
all,image_combined_svm,2024,2,138,75,1,-0.8326500544703331
all,image_combined_svm,2024,2,140,84,1,-0.8493682895763642
all,image_combined_svm,2024,2,144,63,1,0.2317807359346675
all,image_combined_svm,2024,2,146,78,0,0.15924730480569907
all,image_combined_svm,2024,2,147,72,0,-0.2975660448822989
all,image_combined_svm,2024,2,149,40,0,-0.46655242752393355
all,image_combined_svm,2024,2,156,5,0,-0.17929726584969255
all,image_combined_svm,2024,2,162,23,0,-0.36842872725520204
all,image_combined_svm,2024,2,174,1,0,-0.18297455426985268
all,image_combined_svm,2024,2,192,38,0,-0.3739816621405415
all,image_combined_svm,2024,2,194,5,0,-0.4070287774234228
all,image_combined_svm,2024,2,197,35,0,-0.03537638027883391
all,image_combined_svm,2024,2,209,64,0,0.37867181131578975
all,image_combined_svm,2024,2,221,72,1,-0.3568209341623281
all,image_combined_svm,2024,2,223,38,0,-0.3307917777343571
all,image_combined_svm,2024,2,227,78,0,-0.3159006845456964
all,image_combined_svm,2024,2,239,1,0,0.10093738463290669
all,image_combined_svm,2024,2,240,72,0,0.48225021347520747
all,image_combined_svm,2024,2,244,75,1,0.4787473215804968
all,image_combined_svm,2024,2,251,38,0,0.13762259007110547
all,image_combined_svm,2024,2,271,47,1,1.041535297575529
all,image_combined_svm,2024,3,001,87,0,0.10669680368748032
all,image_combined_svm,2024,3,008,28,0,0.1391109268043032
all,image_combined_svm,2024,3,014,39,1,-0.18807263281769482
all,image_combined_svm,2024,3,017,8,0,-1.108981508239633
all,image_combined_svm,2024,3,022,34,1,-0.025453541660324864
all,image_combined_svm,2024,3,027,85,1,0.49646959653590106
all,image_combined_svm,2024,3,030,57,1,-0.9776972709478258
all,image_combined_svm,2024,3,033,46,1,0.7303323923152438
all,image_combined_svm,2024,3,035,83,1,-0.3776946584760301
all,image_combined_svm,2024,3,040,8,0,-0.3836602120353777
all,image_combined_svm,2024,3,049,87,0,0.05956923307845564
all,image_combined_svm,2024,3,051,28,0,0.01972568540385918
all,image_combined_svm,2024,3,052,8,0,-0.45444253362737963
all,image_combined_svm,2024,3,061,24,1,0.010149853465180003
all,image_combined_svm,2024,3,064,88,0,-0.6931436340178279
all,image_combined_svm,2024,3,067,34,1,0.3839767931837156
all,image_combined_svm,2024,3,076,4,1,0.3662843836950703
all,image_combined_svm,2024,3,098,4,1,0.3399454544282887
all,image_combined_svm,2024,3,103,6,0,0.006400851602851784
all,image_combined_svm,2024,3,109,46,1,-0.08437475827934147
all,image_combined_svm,2024,3,116,85,0,0.31766362132122605
all,image_combined_svm,2024,3,121,74,1,-0.03552171951510218
all,image_combined_svm,2024,3,122,71,0,-0.7845061164415561
all,image_combined_svm,2024,3,130,88,0,-0.8950779579367543
all,image_combined_svm,2024,3,136,39,0,1.6553078829609633
all,image_combined_svm,2024,3,143,28,0,-0.034485272296490115
all,image_combined_svm,2024,3,151,85,1,-0.023799170289256145
all,image_combined_svm,2024,3,153,83,1,-0.4673553078580624
all,image_combined_svm,2024,3,158,74,1,0.8767021275067218
all,image_combined_svm,2024,3,168,4,1,0.42632230897568923
all,image_combined_svm,2024,3,169,39,1,0.08392104798818291
all,image_combined_svm,2024,3,175,74,1,0.38190363110956405
all,image_combined_svm,2024,3,181,6,0,-0.5209381480395424
all,image_combined_svm,2024,3,185,71,0,-0.5788069671034624
all,image_combined_svm,2024,3,188,85,0,-1.1969555454048024
all,image_combined_svm,2024,3,191,87,0,-1.18489531227923
all,image_combined_svm,2024,3,193,56,1,0.5205773815311722
all,image_combined_svm,2024,3,202,46,0,-0.349848453294781
all,image_combined_svm,2024,3,211,87,0,-0.738474443665847
all,image_combined_svm,2024,3,212,12,0,-1.065799886313327
all,image_combined_svm,2024,3,218,56,1,1.3239375052039126
all,image_combined_svm,2024,3,220,88,0,-1.8126956512833814
all,image_combined_svm,2024,3,224,59,1,0.55796545069548
all,image_combined_svm,2024,3,230,34,0,0.2579475754225816
all,image_combined_svm,2024,3,231,11,0,-0.7800028300435133
all,image_combined_svm,2024,3,232,74,1,0.8043487759400823
all,image_combined_svm,2024,3,234,39,0,0.5890210701612577
all,image_combined_svm,2024,3,243,85,1,0.9406125807230679
all,image_combined_svm,2024,3,247,88,0,-1.0975686708886179
all,image_combined_svm,2024,3,257,83,1,1.064320573781627
all,image_combined_svm,2024,3,258,85,1,0.12516625538767467
all,image_combined_svm,2024,3,259,62,1,-0.23924887484921176
all,image_combined_svm,2024,3,261,74,1,1.1314214890636554
all,image_combined_svm,2024,3,262,14,0,0.1650771338983109
all,image_combined_svm,2024,3,266,88,0,-0.8848418880606032
all,image_combined_svm,2024,4,004,45,1,-0.48180709536516253
all,image_combined_svm,2024,4,005,65,0,-0.5783078468733319
all,image_combined_svm,2024,4,006,49,1,0.6660806000500169
all,image_combined_svm,2024,4,023,44,0,-0.5710176154861998
all,image_combined_svm,2024,4,026,86,1,1.4474594098113416
all,image_combined_svm,2024,4,032,19,0,-0.3961985787623035
all,image_combined_svm,2024,4,044,15,1,1.0428305952770682
all,image_combined_svm,2024,4,045,49,1,-0.19167881684619825
all,image_combined_svm,2024,4,055,15,1,0.20481296212517425
all,image_combined_svm,2024,4,057,69,1,1.2125620506398214
all,image_combined_svm,2024,4,060,44,0,0.12439829195617341
all,image_combined_svm,2024,4,077,86,1,0.29123172677625014
all,image_combined_svm,2024,4,082,15,1,0.24897206000076483
all,image_combined_svm,2024,4,083,79,0,0.15772128578099762
all,image_combined_svm,2024,4,084,3,1,0.02643937758633399
all,image_combined_svm,2024,4,090,69,0,0.7092924718148151
all,image_combined_svm,2024,4,095,86,1,0.09242387966223592
all,image_combined_svm,2024,4,096,17,0,-0.6147367144632521
all,image_combined_svm,2024,4,104,19,0,-0.6159356790551668
all,image_combined_svm,2024,4,117,7,0,-0.5928110576304902
all,image_combined_svm,2024,4,120,52,0,-0.5643730489331542
all,image_combined_svm,2024,4,125,42,0,-1.1008962304490137
all,image_combined_svm,2024,4,129,69,1,1.6015427434215725
all,image_combined_svm,2024,4,134,69,1,0.1920439318191668
all,image_combined_svm,2024,4,137,19,0,-0.23454239733755294
all,image_combined_svm,2024,4,142,44,0,0.4528555751990911
all,image_combined_svm,2024,4,148,7,0,-0.2660106210690211
all,image_combined_svm,2024,4,154,45,0,0.2629865144568918
all,image_combined_svm,2024,4,159,52,0,-0.06108120280924411
all,image_combined_svm,2024,4,161,79,1,0.2082215767656535
all,image_combined_svm,2024,4,166,19,0,-0.9182237473919631
all,image_combined_svm,2024,4,171,42,0,-1.365722592107294
all,image_combined_svm,2024,4,182,79,1,-0.2764959242348573
all,image_combined_svm,2024,4,183,80,1,1.1613647393967328
all,image_combined_svm,2024,4,187,17,0,-0.7581400464553197
all,image_combined_svm,2024,4,190,44,0,-0.027533901924994476
all,image_combined_svm,2024,4,200,21,0,-0.9650100958030119
all,image_combined_svm,2024,4,204,27,0,-1.056201385512427
all,image_combined_svm,2024,4,206,42,0,-0.3834521208598861
all,image_combined_svm,2024,4,207,3,1,0.2566927660999624
all,image_combined_svm,2024,4,208,79,1,0.9477320917306001
all,image_combined_svm,2024,4,213,44,1,0.9246587490171585
all,image_combined_svm,2024,4,222,52,0,-0.4889778608318764
all,image_combined_svm,2024,4,236,44,0,0.6113102797441136
all,image_combined_svm,2024,4,245,80,1,1.396326497294068
all,image_combined_svm,2024,4,249,17,1,-0.11128105723713921
all,image_combined_svm,2024,4,250,15,1,0.9048367691979954
all,image_combined_svm,2024,4,253,45,1,-0.33838494220694243
all,image_combined_svm,2024,4,254,86,1,0.37787116976980434
all,image_combined_svm,2024,4,256,10,1,0.30117394728507213
all,image_combined_svm,2024,4,268,21,0,0.10426642724801896
all,image_combined_svm,2024,4,269,44,0,-0.38650796953263666
all,image_combined_svm,2024,4,270,49,0,-0.2750080054649533
all,body_static_svm,42,0,001,87,0,-1.2961165850303842
all,body_static_svm,42,0,005,65,0,-1.2936219650018392
all,body_static_svm,42,0,017,8,0,-0.9165013231848081
all,body_static_svm,42,0,022,34,1,0.1353787191067605
all,body_static_svm,42,0,025,81,1,0.31061072768384923
all,body_static_svm,42,0,033,46,1,1.263770254398727
all,body_static_svm,42,0,040,8,0,0.01712177791422151
all,body_static_svm,42,0,044,15,1,1.4377285222346534
all,body_static_svm,42,0,047,51,0,-0.7630647515154363
all,body_static_svm,42,0,049,87,0,-1.2094791889713163
all,body_static_svm,42,0,050,51,0,0.7057349714392751
all,body_static_svm,42,0,052,8,0,0.2862418555207791
all,body_static_svm,42,0,055,15,1,-1.2005126865235913
all,body_static_svm,42,0,057,69,1,1.4115218521123993
all,body_static_svm,42,0,059,97,1,1.3620986189812305
all,body_static_svm,42,0,067,34,1,0.6529272114679879
all,body_static_svm,42,0,068,22,1,0.6720630857743248
all,body_static_svm,42,0,074,81,1,0.5459687022380889
all,body_static_svm,42,0,080,25,0,-0.27599581730912004
all,body_static_svm,42,0,082,15,1,-0.5031110046666394
all,body_static_svm,42,0,087,51,0,-0.8301940252488785
all,body_static_svm,42,0,090,69,0,0.8470958204207767
all,body_static_svm,42,0,092,51,0,-0.7206331868189199
all,body_static_svm,42,0,099,97,1,1.5817141171380806
all,body_static_svm,42,0,106,48,1,-0.16797895043696173
all,body_static_svm,42,0,109,46,1,0.8510383742371012
all,body_static_svm,42,0,110,22,1,1.5512512115679806
all,body_static_svm,42,0,117,7,0,-1.6886581325881205
all,body_static_svm,42,0,123,81,1,1.925621456455098
all,body_static_svm,42,0,129,69,1,0.8661747516719439
all,body_static_svm,42,0,131,54,1,-0.01324760415662582
all,body_static_svm,42,0,133,51,0,0.5416963774564124
all,body_static_svm,42,0,134,69,1,0.6527014903775314
all,body_static_svm,42,0,135,64,1,1.5602769318015197
all,body_static_svm,42,0,148,7,0,-1.6837114141481158
all,body_static_svm,42,0,156,5,0,-0.5211672656370292
all,body_static_svm,42,0,160,51,0,-0.4304396470421873
all,body_static_svm,42,0,163,48,0,0.33021462372792176
all,body_static_svm,42,0,165,30,0,-0.9422884408693979
all,body_static_svm,42,0,167,22,1,1.0964328721314545
all,body_static_svm,42,0,183,80,1,1.6734217380098246
all,body_static_svm,42,0,186,51,0,-1.166462719825283
all,body_static_svm,42,0,189,22,1,0.8744226057370349
all,body_static_svm,42,0,191,87,0,-1.5975599924388388
all,body_static_svm,42,0,194,5,0,-0.5203866390303366
all,body_static_svm,42,0,202,46,0,-0.47355069297532393
all,body_static_svm,42,0,209,64,0,0.30983756437625354
all,body_static_svm,42,0,211,87,0,-1.5611511895148618
all,body_static_svm,42,0,229,51,0,-1.1186344314649534
all,body_static_svm,42,0,230,34,0,-0.9673866097473122
all,body_static_svm,42,0,238,54,1,-0.5135458236200898
all,body_static_svm,42,0,245,80,1,1.9178269057298485
all,body_static_svm,42,0,250,15,1,1.3819901508258663
all,body_static_svm,42,0,255,97,0,0.5747236141108152
all,body_static_svm,42,0,262,14,0,-0.4419340979851729
all,body_static_svm,42,1,007,90,1,0.4258231744999694
all,body_static_svm,42,1,011,47,1,0.49353554904837593
all,body_static_svm,42,1,012,73,1,2.2873854158726328
all,body_static_svm,42,1,019,82,0,-2.226533305584591
all,body_static_svm,42,1,021,70,0,0.5314503856528181
all,body_static_svm,42,1,026,86,1,1.5050223226375954
all,body_static_svm,42,1,028,55,0,-0.8384966469478509
all,body_static_svm,42,1,029,35,0,-0.5634779144339253
all,body_static_svm,42,1,031,38,1,-0.4121283568927602
all,body_static_svm,42,1,036,77,0,-0.07049663955153937
all,body_static_svm,42,1,037,90,0,-0.3690580859343685
all,body_static_svm,42,1,046,70,1,0.7259642305986975
all,body_static_svm,42,1,056,47,1,0.9794980076236637
all,body_static_svm,42,1,061,24,1,1.027234920421397
all,body_static_svm,42,1,062,55,0,-1.6252912097002772
all,body_static_svm,42,1,066,90,1,0.466428092843826
all,body_static_svm,42,1,072,70,1,0.44798836330754677
all,body_static_svm,42,1,073,13,1,1.4289620825185174
all,body_static_svm,42,1,075,38,1,-0.8589012135579566
all,body_static_svm,42,1,077,86,1,1.7449406858364007
all,body_static_svm,42,1,085,18,0,-1.8596946019173255
all,body_static_svm,42,1,086,18,0,-1.7438865488379165
all,body_static_svm,42,1,088,82,0,-0.768267892773834
all,body_static_svm,42,1,093,73,1,2.169378464297821
all,body_static_svm,42,1,095,86,1,1.7052704864883022
all,body_static_svm,42,1,096,17,0,-1.6678550507998533
all,body_static_svm,42,1,107,35,0,-0.8647196774861974
all,body_static_svm,42,1,111,77,0,0.15736126678594894
all,body_static_svm,42,1,124,37,1,0.6945230647239675
all,body_static_svm,42,1,126,82,0,-1.9356870124969932
all,body_static_svm,42,1,132,38,0,-0.22336827585285401
all,body_static_svm,42,1,141,37,1,0.6968001862490076
all,body_static_svm,42,1,157,77,0,-1.0509150475341025
all,body_static_svm,42,1,172,18,0,-1.8071874254478828
all,body_static_svm,42,1,177,32,0,0.023678937459091692
all,body_static_svm,42,1,179,37,0,0.5428272299210963
all,body_static_svm,42,1,180,73,1,1.6143154737902774
all,body_static_svm,42,1,187,17,0,-0.6774355166253521
all,body_static_svm,42,1,192,38,0,-0.7233739600046516
all,body_static_svm,42,1,197,35,0,-0.8795272456005676
all,body_static_svm,42,1,199,82,0,-0.8900039996591982
all,body_static_svm,42,1,201,66,1,-0.7934436712793838
all,body_static_svm,42,1,203,77,1,0.9229496617650061
all,body_static_svm,42,1,219,73,1,1.6202583615328672
all,body_static_svm,42,1,223,38,0,-0.07889649836031634
all,body_static_svm,42,1,233,37,1,1.124172686368388
all,body_static_svm,42,1,237,18,0,-1.4704952601666401
all,body_static_svm,42,1,249,17,1,1.1040836463874313
all,body_static_svm,42,1,251,38,0,0.2254390156898806
all,body_static_svm,42,1,252,18,0,-0.18072628582504094
all,body_static_svm,42,1,254,86,1,1.3027365468513474
all,body_static_svm,42,1,265,18,0,-1.1002092791489586
all,body_static_svm,42,1,271,47,1,0.45224916837941076
all,body_static_svm,42,2,002,78,0,-0.2190436496955881
all,body_static_svm,42,2,009,2,1,0.956126056961463
all,body_static_svm,42,2,010,72,0,-0.6976299040695767
all,body_static_svm,42,2,013,92,0,-0.9101129386215318
all,body_static_svm,42,2,014,39,1,-0.16269183135448723
all,body_static_svm,42,2,016,84,1,1.130791914950342
all,body_static_svm,42,2,020,20,1,0.6396975114427977
all,body_static_svm,42,2,024,89,0,-0.2224090232212937
all,body_static_svm,42,2,032,19,0,-1.4151841536291183
all,body_static_svm,42,2,034,91,1,1.5098973299588239
all,body_static_svm,42,2,048,67,0,-0.25776756655361044
all,body_static_svm,42,2,053,78,0,0.8248850427637534
all,body_static_svm,42,2,063,84,1,2.349400730975567
all,body_static_svm,42,2,083,79,0,-0.7739099895851141
all,body_static_svm,42,2,089,20,1,1.4963158843196516
all,body_static_svm,42,2,097,2,1,0.7175195838663365
all,body_static_svm,42,2,100,72,1,0.16787846181068583
all,body_static_svm,42,2,104,19,0,-0.9571875786415707
all,body_static_svm,42,2,112,94,0,-0.7823874039723647
all,body_static_svm,42,2,113,78,0,0.24289047978253392
all,body_static_svm,42,2,114,92,1,0.9620228710093176
all,body_static_svm,42,2,118,91,1,1.2905239990441215
all,body_static_svm,42,2,121,74,1,0.703277650940502
all,body_static_svm,42,2,136,39,0,1.0775701418908958
all,body_static_svm,42,2,137,19,0,-1.4419799370624125
all,body_static_svm,42,2,139,89,0,-0.030924168686249878
all,body_static_svm,42,2,140,84,1,-0.37158746293858985
all,body_static_svm,42,2,144,63,1,1.0592747697662337
all,body_static_svm,42,2,146,78,0,-0.16138336929641972
all,body_static_svm,42,2,147,72,0,0.8044549574376999
all,body_static_svm,42,2,158,74,1,1.3176515963191935
all,body_static_svm,42,2,161,79,1,0.4517066863869033
all,body_static_svm,42,2,166,19,0,-1.1955838129585104
all,body_static_svm,42,2,169,39,1,0.25774941671305646
all,body_static_svm,42,2,173,89,0,0.0479705918637547
all,body_static_svm,42,2,175,74,1,2.0291595302872727
all,body_static_svm,42,2,182,79,1,0.3882414620599876
all,body_static_svm,42,2,195,94,0,-0.8415540213446654
all,body_static_svm,42,2,196,67,0,-0.7354772297751945
all,body_static_svm,42,2,200,21,0,-0.6052383431358461
all,body_static_svm,42,2,205,95,0,-0.7929507935599349
all,body_static_svm,42,2,208,79,1,0.6398912306927255
all,body_static_svm,42,2,210,20,1,1.1065167371134574
all,body_static_svm,42,2,214,92,0,-1.4145016863055941
all,body_static_svm,42,2,221,72,1,-0.8790386575058576
all,body_static_svm,42,2,224,59,1,0.5624112859606106
all,body_static_svm,42,2,225,67,0,-0.8330286409269353
all,body_static_svm,42,2,227,78,0,-1.3055580511182243
all,body_static_svm,42,2,232,74,1,2.0197526260472847
all,body_static_svm,42,2,234,39,0,0.19575370113877305
all,body_static_svm,42,2,235,89,0,0.6634681651186208
all,body_static_svm,42,2,240,72,0,-0.6357747095418311
all,body_static_svm,42,2,261,74,1,1.6215183684001317
all,body_static_svm,42,2,268,21,0,-0.9350880507526437
all,body_static_svm,42,2,272,33,1,-0.1430466548614328
all,body_static_svm,42,3,006,49,1,1.2367729693425917
all,body_static_svm,42,3,008,28,0,0.21216538238009558
all,body_static_svm,42,3,023,44,0,-1.751766961709425
all,body_static_svm,42,3,027,85,1,-0.07397721235802712
all,body_static_svm,42,3,030,57,1,-1.0773356092489328
all,body_static_svm,42,3,039,40,0,-0.8942482875558819
all,body_static_svm,42,3,041,26,1,0.9223157803969277
all,body_static_svm,42,3,042,23,0,0.3237507899943828
all,body_static_svm,42,3,045,49,1,0.9923020521019802
all,body_static_svm,42,3,051,28,0,-0.07696657388645822
all,body_static_svm,42,3,058,50,0,0.571283513299237
all,body_static_svm,42,3,060,44,0,-0.06737328125089109
all,body_static_svm,42,3,065,41,1,1.4587012161653186
all,body_static_svm,42,3,071,23,1,1.5186584567539718
all,body_static_svm,42,3,076,4,1,0.8912166177400832
all,body_static_svm,42,3,078,93,0,-0.3447818000715369
all,body_static_svm,42,3,081,40,0,-0.5679526764386915
all,body_static_svm,42,3,091,96,1,0.5394686367821119
all,body_static_svm,42,3,094,93,1,0.16116155801921195
all,body_static_svm,42,3,098,4,1,0.9834026320804666
all,body_static_svm,42,3,102,76,1,0.9595523498533222
all,body_static_svm,42,3,115,41,1,0.8607710635797937
all,body_static_svm,42,3,116,85,0,-0.02980785212128398
all,body_static_svm,42,3,119,40,0,-1.343806113668189
all,body_static_svm,42,3,128,96,1,1.8663972375341586
all,body_static_svm,42,3,142,44,0,-0.19607604128114547
all,body_static_svm,42,3,143,28,0,-0.5674100459135569
all,body_static_svm,42,3,149,40,0,0.12981892083664354
all,body_static_svm,42,3,150,29,0,0.5146853280666738
all,body_static_svm,42,3,151,85,1,0.21110071381589957
all,body_static_svm,42,3,152,58,1,0.9388748986033518
all,body_static_svm,42,3,162,23,0,0.13742105990523693
all,body_static_svm,42,3,168,4,1,0.1265766032860986
all,body_static_svm,42,3,176,41,0,-0.5151892161987626
all,body_static_svm,42,3,178,76,1,1.5079953491901392
all,body_static_svm,42,3,188,85,0,-0.8271316070745715
all,body_static_svm,42,3,190,44,0,-0.8410499635660039
all,body_static_svm,42,3,198,93,0,-0.9580276303703213
all,body_static_svm,42,3,213,44,1,0.4769693588500282
all,body_static_svm,42,3,215,50,0,-1.961093703822156
all,body_static_svm,42,3,217,76,1,1.594274868989884
all,body_static_svm,42,3,226,41,1,0.23859271401428783
all,body_static_svm,42,3,236,44,0,-0.1447135992301195
all,body_static_svm,42,3,241,29,0,-0.19284192994174165
all,body_static_svm,42,3,242,76,1,0.13056399008770836
all,body_static_svm,42,3,243,85,1,0.6939401698138931
all,body_static_svm,42,3,246,50,0,-1.023095431226566
all,body_static_svm,42,3,258,85,1,-0.40049849490600703
all,body_static_svm,42,3,260,60,0,-0.7435519085521035
all,body_static_svm,42,3,263,76,1,1.6988028570402078
all,body_static_svm,42,3,264,31,0,0.3933359457398484
all,body_static_svm,42,3,269,44,0,-0.5685307112974414
all,body_static_svm,42,3,270,49,0,0.2978393919843999
all,body_static_svm,42,4,003,1,0,-1.205148492224774
all,body_static_svm,42,4,004,45,1,1.212045938050651
all,body_static_svm,42,4,015,75,1,-0.6526284775511805
all,body_static_svm,42,4,018,9,1,-0.0030640898280444584
all,body_static_svm,42,4,035,83,1,0.1883061436501937
all,body_static_svm,42,4,038,43,1,-0.6991106996569272
all,body_static_svm,42,4,043,9,1,-0.5837954738009541
all,body_static_svm,42,4,054,16,1,0.5447660838306319
all,body_static_svm,42,4,064,88,0,-1.0477790144948207
all,body_static_svm,42,4,069,1,0,-1.0793224552925813
all,body_static_svm,42,4,070,75,1,-0.27415007069489905
all,body_static_svm,42,4,079,43,1,-1.055577868248852
all,body_static_svm,42,4,084,3,1,0.7278439550648788
all,body_static_svm,42,4,101,36,0,-0.878352442825119
all,body_static_svm,42,4,103,6,0,-1.208609549397957
all,body_static_svm,42,4,105,16,1,0.7782591615295664
all,body_static_svm,42,4,108,61,0,-0.6098079373244771
all,body_static_svm,42,4,120,52,0,-0.5052964119340778
all,body_static_svm,42,4,122,71,0,-0.5363592483857496
all,body_static_svm,42,4,125,42,0,-2.09235052435562
all,body_static_svm,42,4,127,75,1,0.29621388603387994
all,body_static_svm,42,4,130,88,0,-1.3072435098085367
all,body_static_svm,42,4,138,75,1,-0.17146819291155063
all,body_static_svm,42,4,145,36,0,-1.1381741956176616
all,body_static_svm,42,4,153,83,1,0.5989482679169853
all,body_static_svm,42,4,154,45,0,-0.08064415119018814
all,body_static_svm,42,4,155,68,1,0.7789946703740647
all,body_static_svm,42,4,159,52,0,-0.40531417259972913
all,body_static_svm,42,4,164,53,0,-0.6318204181201917
all,body_static_svm,42,4,170,53,0,-0.6344578704250678
all,body_static_svm,42,4,171,42,0,-1.795748911934468
all,body_static_svm,42,4,174,1,0,-1.9974836803302405
all,body_static_svm,42,4,181,6,0,-1.8156004758531574
all,body_static_svm,42,4,184,68,0,0.09071269429127832
all,body_static_svm,42,4,185,71,0,-0.7885465886597556
all,body_static_svm,42,4,193,56,1,0.7591836034417712
all,body_static_svm,42,4,204,27,0,-0.8691047255993336
all,body_static_svm,42,4,206,42,0,-1.9002484945441989
all,body_static_svm,42,4,207,3,1,0.6665991355022582
all,body_static_svm,42,4,212,12,0,-0.6779784809179394
all,body_static_svm,42,4,216,36,1,0.31775010776042617
all,body_static_svm,42,4,218,56,1,1.188998522266323
all,body_static_svm,42,4,220,88,0,-1.568635909386387
all,body_static_svm,42,4,222,52,0,-0.42964350585508343
all,body_static_svm,42,4,228,43,1,-0.34158650644601857
all,body_static_svm,42,4,231,11,0,-0.5942282106542214
all,body_static_svm,42,4,239,1,0,-1.1959271714564204
all,body_static_svm,42,4,244,75,1,0.5038773229776237
all,body_static_svm,42,4,247,88,0,-0.7297409986492709
all,body_static_svm,42,4,248,36,1,0.7493874108687677
all,body_static_svm,42,4,253,45,1,0.1254514088490331
all,body_static_svm,42,4,256,10,1,0.7252571976846327
all,body_static_svm,42,4,257,83,1,0.6469500557794987
all,body_static_svm,42,4,259,62,1,0.317281656317477
all,body_static_svm,42,4,266,88,0,-1.45256280685967
all,body_static_svm,42,4,267,98,1,-0.6435168563807614
all,body_static_svm,123,0,012,73,1,2.1708384885014422
all,body_static_svm,123,0,025,81,1,0.26199387419070186
all,body_static_svm,123,0,033,46,1,1.3604692312662765
all,body_static_svm,123,0,039,40,0,-0.860831467176471
all,body_static_svm,123,0,041,26,1,0.9205931573479617
all,body_static_svm,123,0,047,51,0,-0.6742694309326036
all,body_static_svm,123,0,050,51,0,0.7028882686388442
all,body_static_svm,123,0,058,50,0,0.7067253030123962
all,body_static_svm,123,0,059,97,1,1.3880147364565851
all,body_static_svm,123,0,068,22,1,0.5255807993520133
all,body_static_svm,123,0,074,81,1,0.5356935019370146
all,body_static_svm,123,0,081,40,0,-0.36486579574636196
all,body_static_svm,123,0,083,79,0,-0.9666575907369771
all,body_static_svm,123,0,087,51,0,-0.7477485965426223
all,body_static_svm,123,0,092,51,0,-0.6919585823725536
all,body_static_svm,123,0,093,73,1,2.0967723606506503
all,body_static_svm,123,0,096,17,0,-1.5473321657110546
all,body_static_svm,123,0,099,97,1,1.6467897924092494
all,body_static_svm,123,0,101,36,0,-1.2506968828833076
all,body_static_svm,123,0,103,6,0,-1.0302684455711835
all,body_static_svm,123,0,109,46,1,0.8695358999887065
all,body_static_svm,123,0,110,22,1,1.4446862582791349
all,body_static_svm,123,0,112,94,0,-0.6818895728116869
all,body_static_svm,123,0,119,40,0,-1.1924223947586121
all,body_static_svm,123,0,123,81,1,1.8130866967914359
all,body_static_svm,123,0,124,37,1,0.6624392660758237
all,body_static_svm,123,0,133,51,0,0.5622921925828931
all,body_static_svm,123,0,141,37,1,0.43301781989832433
all,body_static_svm,123,0,145,36,0,-1.2110836666875104
all,body_static_svm,123,0,149,40,0,-0.06852151754516028
all,body_static_svm,123,0,160,51,0,-0.4601820150006349
all,body_static_svm,123,0,161,79,1,0.6511669727990513
all,body_static_svm,123,0,167,22,1,1.193085688496383
all,body_static_svm,123,0,177,32,0,0.0348436167239185
all,body_static_svm,123,0,179,37,0,0.2891153448561542
all,body_static_svm,123,0,180,73,1,1.2531662868897202
all,body_static_svm,123,0,181,6,0,-1.727502073345983
all,body_static_svm,123,0,182,79,1,0.14047398954383905
all,body_static_svm,123,0,186,51,0,-1.1173019941422946
all,body_static_svm,123,0,187,17,0,-0.8064764848159752
all,body_static_svm,123,0,189,22,1,1.065337306533718
all,body_static_svm,123,0,195,94,0,-0.7265526202121075
all,body_static_svm,123,0,202,46,0,-0.32881503633020026
all,body_static_svm,123,0,208,79,1,0.5670355679962394
all,body_static_svm,123,0,215,50,0,-1.9034761083271121
all,body_static_svm,123,0,216,36,1,0.6766596878771948
all,body_static_svm,123,0,219,73,1,1.3945204045795485
all,body_static_svm,123,0,229,51,0,-1.049464148436496
all,body_static_svm,123,0,231,11,0,-0.692700475738622
all,body_static_svm,123,0,233,37,1,0.9269731505799365
all,body_static_svm,123,0,246,50,0,-0.9566658850266249
all,body_static_svm,123,0,248,36,1,0.8399920640147117
all,body_static_svm,123,0,249,17,1,1.3901518819637753
all,body_static_svm,123,0,255,97,0,0.5993467414872963
all,body_static_svm,123,1,009,2,1,0.7847425903967007
all,body_static_svm,123,1,016,84,1,0.9716785817578251
all,body_static_svm,123,1,020,20,1,0.6096677738595087
all,body_static_svm,123,1,021,70,0,0.21568994769013683
all,body_static_svm,123,1,022,34,1,-0.3283950675692595
all,body_static_svm,123,1,032,19,0,-1.1771273602526304
all,body_static_svm,123,1,046,70,1,0.5127731406001677
all,body_static_svm,123,1,048,67,0,-0.351667457710543
all,body_static_svm,123,1,061,24,1,1.223936761488329
all,body_static_svm,123,1,063,84,1,2.0920127344300306
all,body_static_svm,123,1,065,41,1,1.596170659758507
all,body_static_svm,123,1,067,34,1,0.3566256358413464
all,body_static_svm,123,1,072,70,1,-0.1155191861373791
all,body_static_svm,123,1,078,93,0,-0.9502842309961015
all,body_static_svm,123,1,085,18,0,-2.010436567842192
all,body_static_svm,123,1,086,18,0,-1.7280421405369166
all,body_static_svm,123,1,089,20,1,1.2138363471194689
all,body_static_svm,123,1,094,93,1,-0.11671897304985895
all,body_static_svm,123,1,097,2,1,0.6418337382796073
all,body_static_svm,123,1,102,76,1,0.9021691975610584
all,body_static_svm,123,1,104,19,0,-0.7656906455931294
all,body_static_svm,123,1,115,41,1,0.8600038935916112
all,body_static_svm,123,1,125,42,0,-1.8243326709172203
all,body_static_svm,123,1,137,19,0,-1.3669841407945278
all,body_static_svm,123,1,140,84,1,-0.5487851767704894
all,body_static_svm,123,1,156,5,0,-0.6668958748107823
all,body_static_svm,123,1,164,53,0,-0.8769734589554792
all,body_static_svm,123,1,165,30,0,-0.8347588533439021
all,body_static_svm,123,1,166,19,0,-1.2442777973554764
all,body_static_svm,123,1,170,53,0,-0.7428236795255703
all,body_static_svm,123,1,171,42,0,-1.6196732731338086
all,body_static_svm,123,1,172,18,0,-1.932766187150151
all,body_static_svm,123,1,176,41,0,-0.791017994762272
all,body_static_svm,123,1,178,76,1,1.6802053175107006
all,body_static_svm,123,1,183,80,1,1.3422813277614454
all,body_static_svm,123,1,194,5,0,-0.4142450749731097
all,body_static_svm,123,1,196,67,0,-0.7243207513017831
all,body_static_svm,123,1,198,93,0,-1.3731245969867538
all,body_static_svm,123,1,206,42,0,-1.6963238489696246
all,body_static_svm,123,1,210,20,1,1.1981439741419284
all,body_static_svm,123,1,212,12,0,-0.7234553062437008
all,body_static_svm,123,1,217,76,1,1.6263876924586256
all,body_static_svm,123,1,224,59,1,0.28619320671901427
all,body_static_svm,123,1,225,67,0,-0.7975997085116
all,body_static_svm,123,1,226,41,1,-0.2885601771367211
all,body_static_svm,123,1,230,34,0,-1.3140171535082092
all,body_static_svm,123,1,237,18,0,-1.396231146839085
all,body_static_svm,123,1,242,76,1,0.06478016351713536
all,body_static_svm,123,1,245,80,1,1.894493685946501
all,body_static_svm,123,1,252,18,0,-0.49993966180581345
all,body_static_svm,123,1,256,10,1,0.7637368771426871
all,body_static_svm,123,1,259,62,1,0.41276362837802233
all,body_static_svm,123,1,260,60,0,-0.7958061516201564
all,body_static_svm,123,1,263,76,1,1.8415486379119965
all,body_static_svm,123,1,265,18,0,-1.219087663220302
all,body_static_svm,123,2,008,28,0,0.11003664194725936
all,body_static_svm,123,2,010,72,0,-0.9252396681252736
all,body_static_svm,123,2,014,39,1,-0.06513811134798365
all,body_static_svm,123,2,023,44,0,-2.057500156134631
all,body_static_svm,123,2,024,89,0,-0.3452288257048386
all,body_static_svm,123,2,034,91,1,1.3173918896923236
all,body_static_svm,123,2,035,83,1,0.3659819099227381
all,body_static_svm,123,2,044,15,1,1.4731778852940343
all,body_static_svm,123,2,051,28,0,0.005376028063852313
all,body_static_svm,123,2,055,15,1,-1.0181469259672218
all,body_static_svm,123,2,060,44,0,-0.4653566640621555
all,body_static_svm,123,2,073,13,1,1.3379014816623878
all,body_static_svm,123,2,076,4,1,0.8779189280299388
all,body_static_svm,123,2,082,15,1,-0.2554732780499405
all,body_static_svm,123,2,098,4,1,0.9318888304671842
all,body_static_svm,123,2,100,72,1,0.08458358883775928
all,body_static_svm,123,2,106,48,1,-0.29545084618156126
all,body_static_svm,123,2,117,7,0,-1.6252158661595641
all,body_static_svm,123,2,118,91,1,1.2022844734237423
all,body_static_svm,123,2,120,52,0,-1.0049499341148742
all,body_static_svm,123,2,131,54,1,-0.04850943669010967
all,body_static_svm,123,2,136,39,0,1.2735843414395742
all,body_static_svm,123,2,139,89,0,-0.08809374467246502
all,body_static_svm,123,2,142,44,0,-0.4914377799280383
all,body_static_svm,123,2,143,28,0,-0.8258225339903069
all,body_static_svm,123,2,147,72,0,1.081928682269511
all,body_static_svm,123,2,148,7,0,-1.4572655227587743
all,body_static_svm,123,2,150,29,0,0.4023316390267945
all,body_static_svm,123,2,152,58,1,1.3510906051747384
all,body_static_svm,123,2,153,83,1,0.768351923056803
all,body_static_svm,123,2,159,52,0,-0.6178674071836963
all,body_static_svm,123,2,163,48,0,0.4294092863828586
all,body_static_svm,123,2,168,4,1,-0.04761663920710425
all,body_static_svm,123,2,169,39,1,0.3792794129567022
all,body_static_svm,123,2,173,89,0,-0.03722806902619334
all,body_static_svm,123,2,190,44,0,-1.3029516942947712
all,body_static_svm,123,2,193,56,1,0.9232003767943049
all,body_static_svm,123,2,200,21,0,-0.5786687834650683
all,body_static_svm,123,2,201,66,1,-1.0739127813228202
all,body_static_svm,123,2,204,27,0,-0.887155766646299
all,body_static_svm,123,2,205,95,0,-0.9304452893108539
all,body_static_svm,123,2,213,44,1,0.7651815875463803
all,body_static_svm,123,2,218,56,1,1.4278570458052604
all,body_static_svm,123,2,221,72,1,-0.874704156369715
all,body_static_svm,123,2,222,52,0,-1.0848688709457752
all,body_static_svm,123,2,234,39,0,0.3330892696487028
all,body_static_svm,123,2,235,89,0,0.5313687415659053
all,body_static_svm,123,2,236,44,0,-0.2893691343133885
all,body_static_svm,123,2,238,54,1,-0.49369922627012663
all,body_static_svm,123,2,240,72,0,-0.6315882149204162
all,body_static_svm,123,2,241,29,0,-0.3502768868274703
all,body_static_svm,123,2,250,15,1,1.4101590962317885
all,body_static_svm,123,2,257,83,1,0.9288899730500599
all,body_static_svm,123,2,268,21,0,-0.896660009295501
all,body_static_svm,123,2,269,44,0,-0.8756143601688458
all,body_static_svm,123,2,272,33,1,0.20881500727856134
all,body_static_svm,123,3,002,78,0,-0.22649789505680124
all,body_static_svm,123,3,003,1,0,-1.1911770501418801
all,body_static_svm,123,3,006,49,1,1.0326155565185986
all,body_static_svm,123,3,007,90,1,0.33601219138635974
all,body_static_svm,123,3,011,47,1,0.12503874123398623
all,body_static_svm,123,3,013,92,0,-1.0317167269492487
all,body_static_svm,123,3,018,9,1,-0.21425014860382527
all,body_static_svm,123,3,019,82,0,-2.2310933362717833
all,body_static_svm,123,3,028,55,0,-0.8550843725532074
all,body_static_svm,123,3,030,57,1,-1.0740623555383035
all,body_static_svm,123,3,031,38,1,-0.5739074153313828
all,body_static_svm,123,3,037,90,0,-0.4809629891175818
all,body_static_svm,123,3,038,43,1,-0.12050997493142004
all,body_static_svm,123,3,043,9,1,-0.6983818604812919
all,body_static_svm,123,3,045,49,1,1.1972593065560546
all,body_static_svm,123,3,053,78,0,0.7965446539621156
all,body_static_svm,123,3,056,47,1,0.6526891132323593
all,body_static_svm,123,3,062,55,0,-1.6445744943251688
all,body_static_svm,123,3,066,90,1,0.4495323540269571
all,body_static_svm,123,3,069,1,0,-1.2122192782765826
all,body_static_svm,123,3,075,38,1,-0.8028895902961916
all,body_static_svm,123,3,079,43,1,-0.6608933176654741
all,body_static_svm,123,3,084,3,1,0.5746301748695318
all,body_static_svm,123,3,088,82,0,-0.7294363978129584
all,body_static_svm,123,3,108,61,0,-0.6626637287114023
all,body_static_svm,123,3,113,78,0,0.305797312049085
all,body_static_svm,123,3,114,92,1,1.0417462894816567
all,body_static_svm,123,3,121,74,1,0.524263257387706
all,body_static_svm,123,3,122,71,0,-0.7263436701945153
all,body_static_svm,123,3,126,82,0,-1.9578341751527018
all,body_static_svm,123,3,132,38,0,-0.3598350651691423
all,body_static_svm,123,3,135,64,1,1.339826677534115
all,body_static_svm,123,3,144,63,1,0.8364740613897806
all,body_static_svm,123,3,146,78,0,-0.11749493590367716
all,body_static_svm,123,3,158,74,1,1.212541397495579
all,body_static_svm,123,3,174,1,0,-1.9925770575249406
all,body_static_svm,123,3,175,74,1,2.0206960828440597
all,body_static_svm,123,3,185,71,0,-0.8312379463880969
all,body_static_svm,123,3,192,38,0,-0.8405163184759311
all,body_static_svm,123,3,199,82,0,-1.03482318912314
all,body_static_svm,123,3,207,3,1,0.3394029459645982
all,body_static_svm,123,3,209,64,0,0.21982209555640853
all,body_static_svm,123,3,214,92,0,-1.2940347959365228
all,body_static_svm,123,3,223,38,0,-0.2557927130826665
all,body_static_svm,123,3,227,78,0,-1.133402213919799
all,body_static_svm,123,3,228,43,1,-0.34033041465757086
all,body_static_svm,123,3,232,74,1,1.5873531036611226
all,body_static_svm,123,3,239,1,0,-1.5933691281121511
all,body_static_svm,123,3,251,38,0,0.43603336322215025
all,body_static_svm,123,3,261,74,1,1.4832005752741693
all,body_static_svm,123,3,262,14,0,-0.38038091754772685
all,body_static_svm,123,3,270,49,0,0.07532533275120346
all,body_static_svm,123,3,271,47,1,0.4333604017493523
all,body_static_svm,123,4,001,87,0,-1.1629233192029145
all,body_static_svm,123,4,004,45,1,1.3130905249750031
all,body_static_svm,123,4,005,65,0,-1.2290500936529272
all,body_static_svm,123,4,015,75,1,-0.5410651180123084
all,body_static_svm,123,4,017,8,0,-0.9758434142932141
all,body_static_svm,123,4,026,86,1,1.473118073831554
all,body_static_svm,123,4,027,85,1,-0.19590619939322276
all,body_static_svm,123,4,029,35,0,-0.7589990608341621
all,body_static_svm,123,4,036,77,0,-0.13401274384058273
all,body_static_svm,123,4,040,8,0,-0.09449532055006013
all,body_static_svm,123,4,042,23,0,0.16301348692611708
all,body_static_svm,123,4,049,87,0,-1.040352717132625
all,body_static_svm,123,4,052,8,0,0.008858771111616509
all,body_static_svm,123,4,054,16,1,0.8401177840702592
all,body_static_svm,123,4,057,69,1,1.446861083570771
all,body_static_svm,123,4,064,88,0,-1.0155897061978105
all,body_static_svm,123,4,070,75,1,-0.019862890094920288
all,body_static_svm,123,4,071,23,1,1.5412002781198058
all,body_static_svm,123,4,077,86,1,1.811999658899473
all,body_static_svm,123,4,080,25,0,0.07553327565234572
all,body_static_svm,123,4,090,69,0,0.9381386285995041
all,body_static_svm,123,4,091,96,1,0.708550946715615
all,body_static_svm,123,4,095,86,1,1.7473350952292306
all,body_static_svm,123,4,105,16,1,1.129843923785477
all,body_static_svm,123,4,107,35,0,-1.1363775835255157
all,body_static_svm,123,4,111,77,0,0.02942479176222093
all,body_static_svm,123,4,116,85,0,-0.21215731584964725
all,body_static_svm,123,4,127,75,1,0.48522811247432984
all,body_static_svm,123,4,128,96,1,1.9408167231280382
all,body_static_svm,123,4,129,69,1,0.8632225937222993
all,body_static_svm,123,4,130,88,0,-1.4177683850471576
all,body_static_svm,123,4,134,69,1,0.7263597676094955
all,body_static_svm,123,4,138,75,1,-0.08824757087094173
all,body_static_svm,123,4,151,85,1,0.05596410782279157
all,body_static_svm,123,4,154,45,0,-0.26716196247340573
all,body_static_svm,123,4,155,68,1,1.0235560334601148
all,body_static_svm,123,4,157,77,0,-1.0510415458771707
all,body_static_svm,123,4,162,23,0,-0.13757416815193996
all,body_static_svm,123,4,184,68,0,0.08832435759253746
all,body_static_svm,123,4,188,85,0,-0.8422051247610124
all,body_static_svm,123,4,191,87,0,-1.5485720683004645
all,body_static_svm,123,4,197,35,0,-0.8868719426961635
all,body_static_svm,123,4,203,77,1,0.7139286443569406
all,body_static_svm,123,4,211,87,0,-1.471526432018432
all,body_static_svm,123,4,220,88,0,-1.6602874585913987
all,body_static_svm,123,4,243,85,1,0.5157935388189681
all,body_static_svm,123,4,244,75,1,0.6250751278291398
all,body_static_svm,123,4,247,88,0,-0.8369262213573652
all,body_static_svm,123,4,253,45,1,0.24266211153599568
all,body_static_svm,123,4,254,86,1,1.322842686364934
all,body_static_svm,123,4,258,85,1,-0.5238962268168833
all,body_static_svm,123,4,264,31,0,0.2151491363842871
all,body_static_svm,123,4,266,88,0,-1.2786573424708507
all,body_static_svm,123,4,267,98,1,-0.4824241188498094
all,body_static_svm,456,0,006,49,1,1.769693305351369
all,body_static_svm,456,0,009,2,1,0.7789518638658646
all,body_static_svm,456,0,014,39,1,-0.1657816179859649
all,body_static_svm,456,0,025,81,1,0.25362541021321233
all,body_static_svm,456,0,026,86,1,1.5651389408463081
all,body_static_svm,456,0,032,19,0,-1.3337669001031323
all,body_static_svm,456,0,034,91,1,1.4840583920218373
all,body_static_svm,456,0,045,49,1,1.4212830054428833
all,body_static_svm,456,0,047,51,0,-0.5553748329411605
all,body_static_svm,456,0,048,67,0,-0.3584012978937343
all,body_static_svm,456,0,050,51,0,0.6499455986447114
all,body_static_svm,456,0,054,16,1,0.9496027122481809
all,body_static_svm,456,0,059,97,1,1.3936908184175396
all,body_static_svm,456,0,068,22,1,0.6422223582914752
all,body_static_svm,456,0,074,81,1,0.5828537908910005
all,body_static_svm,456,0,077,86,1,1.6568869171563039
all,body_static_svm,456,0,078,93,0,-0.8290305763699626
all,body_static_svm,456,0,084,3,1,1.023032468125996
all,body_static_svm,456,0,087,51,0,-0.7497406197909229
all,body_static_svm,456,0,092,51,0,-0.7478520336959467
all,body_static_svm,456,0,094,93,1,-0.16766513064761845
all,body_static_svm,456,0,095,86,1,1.9285119111462108
all,body_static_svm,456,0,097,2,1,0.6096804101439892
all,body_static_svm,456,0,099,97,1,1.6858857519047163
all,body_static_svm,456,0,104,19,0,-0.9999441273358622
all,body_static_svm,456,0,105,16,1,1.2430897809871548
all,body_static_svm,456,0,110,22,1,1.4777835298734523
all,body_static_svm,456,0,117,7,0,-1.7034959363697255
all,body_static_svm,456,0,118,91,1,1.318890409529602
all,body_static_svm,456,0,122,71,0,-0.6992389234929945
all,body_static_svm,456,0,123,81,1,1.9890256336347751
all,body_static_svm,456,0,133,51,0,0.5392976886124954
all,body_static_svm,456,0,136,39,0,1.18815877749877
all,body_static_svm,456,0,137,19,0,-1.6110847378316655
all,body_static_svm,456,0,148,7,0,-1.7431664019265325
all,body_static_svm,456,0,160,51,0,-0.4045976873461466
all,body_static_svm,456,0,166,19,0,-1.3620568702257978
all,body_static_svm,456,0,167,22,1,1.1806699541653927
all,body_static_svm,456,0,169,39,1,0.3262188085667017
all,body_static_svm,456,0,185,71,0,-0.9991980773032421
all,body_static_svm,456,0,186,51,0,-1.04116277480496
all,body_static_svm,456,0,189,22,1,1.0158142177780125
all,body_static_svm,456,0,196,67,0,-0.8247969558327102
all,body_static_svm,456,0,198,93,0,-1.4827730376370223
all,body_static_svm,456,0,200,21,0,-0.4915790887226586
all,body_static_svm,456,0,207,3,1,0.6724147364020037
all,body_static_svm,456,0,225,67,0,-0.9486078017493016
all,body_static_svm,456,0,229,51,0,-0.9217767869247873
all,body_static_svm,456,0,231,11,0,-0.7139662958207054
all,body_static_svm,456,0,234,39,0,0.3019296166841548
all,body_static_svm,456,0,254,86,1,1.3299883245756547
all,body_static_svm,456,0,255,97,0,0.5465742677070491
all,body_static_svm,456,0,267,98,1,-0.7941254076565256
all,body_static_svm,456,0,268,21,0,-1.0766472775953606
all,body_static_svm,456,0,270,49,0,0.17009923654052417
all,body_static_svm,456,1,005,65,0,-1.2899542751678053
all,body_static_svm,456,1,011,47,1,0.3157570586551197
all,body_static_svm,456,1,015,75,1,-0.8084688976392799
all,body_static_svm,456,1,016,84,1,0.9427795070401178
all,body_static_svm,456,1,019,82,0,-2.1085605150182753
all,body_static_svm,456,1,022,34,1,-0.04576467441310232
all,body_static_svm,456,1,031,38,1,-0.3379514907709461
all,body_static_svm,456,1,033,46,1,0.6961024057242434
all,body_static_svm,456,1,056,47,1,0.9879658499556528
all,body_static_svm,456,1,058,50,0,0.22493203184782307
all,body_static_svm,456,1,063,84,1,1.918487631673824
all,body_static_svm,456,1,067,34,1,0.19885456501320725
all,body_static_svm,456,1,070,75,1,-0.12631082953419454
all,body_static_svm,456,1,075,38,1,-0.8775088609132541
all,body_static_svm,456,1,083,79,0,-0.7871327614095993
all,body_static_svm,456,1,085,18,0,-1.8776541279543264
all,body_static_svm,456,1,086,18,0,-1.58528468581658
all,body_static_svm,456,1,088,82,0,-0.795438457135783
all,body_static_svm,456,1,096,17,0,-1.6420251174164333
all,body_static_svm,456,1,109,46,1,0.42373158874533323
all,body_static_svm,456,1,120,52,0,-1.0255729988290332
all,body_static_svm,456,1,126,82,0,-1.801062251004961
all,body_static_svm,456,1,127,75,1,0.14218527962859506
all,body_static_svm,456,1,132,38,0,-0.1632931195471291
all,body_static_svm,456,1,138,75,1,-0.2531328511695029
all,body_static_svm,456,1,140,84,1,-0.41362250357061003
all,body_static_svm,456,1,144,63,1,0.7971143501590231
all,body_static_svm,456,1,152,58,1,1.15182655124707
all,body_static_svm,456,1,159,52,0,-0.6125774930460094
all,body_static_svm,456,1,161,79,1,0.5179765057027882
all,body_static_svm,456,1,165,30,0,-0.7987576792028572
all,body_static_svm,456,1,172,18,0,-1.7837621364175078
all,body_static_svm,456,1,182,79,1,0.25177179846142606
all,body_static_svm,456,1,183,80,1,1.2330655675395163
all,body_static_svm,456,1,187,17,0,-0.8613041444434525
all,body_static_svm,456,1,192,38,0,-0.676418403185695
all,body_static_svm,456,1,199,82,0,-0.7758906995904571
all,body_static_svm,456,1,202,46,0,-1.0267273515871418
all,body_static_svm,456,1,208,79,1,0.59462233467561
all,body_static_svm,456,1,215,50,0,-1.8923502938701837
all,body_static_svm,456,1,222,52,0,-1.007593668985651
all,body_static_svm,456,1,223,38,0,-0.022481883885683306
all,body_static_svm,456,1,230,34,0,-0.9839780810158166
all,body_static_svm,456,1,237,18,0,-1.4186672286718367
all,body_static_svm,456,1,244,75,1,0.5355131697431034
all,body_static_svm,456,1,245,80,1,1.629159177103763
all,body_static_svm,456,1,246,50,0,-0.9296278345476875
all,body_static_svm,456,1,249,17,1,1.2071320994455375
all,body_static_svm,456,1,251,38,0,0.28971714427605993
all,body_static_svm,456,1,252,18,0,-0.3592039568814839
all,body_static_svm,456,1,260,60,0,-0.7538823178787282
all,body_static_svm,456,1,265,18,0,-1.044017192657294
all,body_static_svm,456,1,271,47,1,0.38816876028810277
all,body_static_svm,456,2,001,87,0,-1.314249074098051
all,body_static_svm,456,2,010,72,0,-0.8049313061042233
all,body_static_svm,456,2,017,8,0,-1.0583440648981237
all,body_static_svm,456,2,040,8,0,-0.03941389324459943
all,body_static_svm,456,2,041,26,1,1.054999307385291
all,body_static_svm,456,2,044,15,1,1.3769853570990165
all,body_static_svm,456,2,049,87,0,-1.1680112436441967
all,body_static_svm,456,2,052,8,0,0.032791966979506815
all,body_static_svm,456,2,055,15,1,-1.4440564085342946
all,body_static_svm,456,2,057,69,1,1.4369238396376307
all,body_static_svm,456,2,061,24,1,1.2092743584900698
all,body_static_svm,456,2,064,88,0,-1.017639833153945
all,body_static_svm,456,2,082,15,1,-0.6472668122276634
all,body_static_svm,456,2,090,69,0,0.9295394555551241
all,body_static_svm,456,2,100,72,1,0.09954748368252786
all,body_static_svm,456,2,112,94,0,-0.7111309922639004
all,body_static_svm,456,2,121,74,1,0.6752582854544961
all,body_static_svm,456,2,124,37,1,0.6920307936549976
all,body_static_svm,456,2,125,42,0,-1.985173444056572
all,body_static_svm,456,2,129,69,1,0.8729547141747359
all,body_static_svm,456,2,130,88,0,-1.335489511808416
all,body_static_svm,456,2,134,69,1,0.814112451563478
all,body_static_svm,456,2,135,64,1,1.536317363117984
all,body_static_svm,456,2,141,37,1,0.6068099355221165
all,body_static_svm,456,2,147,72,0,0.6290468310760938
all,body_static_svm,456,2,156,5,0,-0.6059258967441491
all,body_static_svm,456,2,158,74,1,1.1677697056654348
all,body_static_svm,456,2,171,42,0,-1.5275249296253746
all,body_static_svm,456,2,175,74,1,1.847685999275254
all,body_static_svm,456,2,177,32,0,0.016450802251607444
all,body_static_svm,456,2,179,37,0,0.5093694074692761
all,body_static_svm,456,2,191,87,0,-1.595377651483068
all,body_static_svm,456,2,193,56,1,1.008153017399478
all,body_static_svm,456,2,194,5,0,-0.5315347767735603
all,body_static_svm,456,2,195,94,0,-0.7310536683761295
all,body_static_svm,456,2,204,27,0,-0.6837669656243457
all,body_static_svm,456,2,206,42,0,-1.864752459695926
all,body_static_svm,456,2,209,64,0,0.2701295893592951
all,body_static_svm,456,2,211,87,0,-1.5571443990129388
all,body_static_svm,456,2,218,56,1,1.5417095483968426
all,body_static_svm,456,2,220,88,0,-1.708626555702475
all,body_static_svm,456,2,221,72,1,-0.8659103492081832
all,body_static_svm,456,2,232,74,1,1.846690500205849
all,body_static_svm,456,2,233,37,1,0.9893236506306889
all,body_static_svm,456,2,240,72,0,-0.7697576724308267
all,body_static_svm,456,2,247,88,0,-0.6825239765546336
all,body_static_svm,456,2,250,15,1,1.2499959378043206
all,body_static_svm,456,2,256,10,1,0.677513497659577
all,body_static_svm,456,2,259,62,1,0.4911358489926154
all,body_static_svm,456,2,261,74,1,1.4877933639011225
all,body_static_svm,456,2,262,14,0,-0.2836184014656663
all,body_static_svm,456,2,264,31,0,0.4414018542368213
all,body_static_svm,456,2,266,88,0,-1.2203991568118497
all,body_static_svm,456,2,272,33,1,0.007871779422152003
all,body_static_svm,456,3,004,45,1,1.2790278466349032
all,body_static_svm,456,3,008,28,0,0.09377064736536052
all,body_static_svm,456,3,012,73,1,2.2968745173197727
all,body_static_svm,456,3,018,9,1,0.13670535262794295
all,body_static_svm,456,3,023,44,0,-1.885683703907651
all,body_static_svm,456,3,024,89,0,-0.16803689763223523
all,body_static_svm,456,3,027,85,1,-0.20827507533681897
all,body_static_svm,456,3,029,35,0,-0.7642602567418554
all,body_static_svm,456,3,030,57,1,-0.8945673972909914
all,body_static_svm,456,3,035,83,1,0.34568658637332367
all,body_static_svm,456,3,036,77,0,-0.21770144963889407
all,body_static_svm,456,3,042,23,0,0.39047249006656554
all,body_static_svm,456,3,043,9,1,-0.5461168503621339
all,body_static_svm,456,3,051,28,0,0.010415185782505615
all,body_static_svm,456,3,060,44,0,0.17493206421833832
all,body_static_svm,456,3,071,23,1,1.8349951234709123
all,body_static_svm,456,3,076,4,1,0.6619694114224708
all,body_static_svm,456,3,080,25,0,-0.03988308584427973
all,body_static_svm,456,3,093,73,1,2.1567787711595976
all,body_static_svm,456,3,098,4,1,0.900750917675121
all,body_static_svm,456,3,101,36,0,-1.009368714287603
all,body_static_svm,456,3,107,35,0,-1.0743188803470949
all,body_static_svm,456,3,111,77,0,0.0394174256422737
all,body_static_svm,456,3,116,85,0,-0.374103074263396
all,body_static_svm,456,3,139,89,0,0.003698486975217812
all,body_static_svm,456,3,142,44,0,-0.16723470898220474
all,body_static_svm,456,3,143,28,0,-0.8749969072932816
all,body_static_svm,456,3,145,36,0,-1.1580000910615802
all,body_static_svm,456,3,151,85,1,-0.08193601574648533
all,body_static_svm,456,3,153,83,1,0.9139827819303249
all,body_static_svm,456,3,154,45,0,-0.006053828429905412
all,body_static_svm,456,3,155,68,1,1.1395996193880533
all,body_static_svm,456,3,157,77,0,-0.8031963245497491
all,body_static_svm,456,3,162,23,0,-0.05687716135426278
all,body_static_svm,456,3,168,4,1,-0.11891344719487655
all,body_static_svm,456,3,173,89,0,0.12076834737044935
all,body_static_svm,456,3,180,73,1,1.3614952373583014
all,body_static_svm,456,3,184,68,0,0.15580216717529868
all,body_static_svm,456,3,188,85,0,-1.0609419732819796
all,body_static_svm,456,3,190,44,0,-1.067722740101484
all,body_static_svm,456,3,197,35,0,-0.4874720520960657
all,body_static_svm,456,3,201,66,1,-0.8193903969715588
all,body_static_svm,456,3,203,77,1,0.6827296720462155
all,body_static_svm,456,3,212,12,0,-0.1545908499530543
all,body_static_svm,456,3,213,44,1,0.44677303596150736
all,body_static_svm,456,3,216,36,1,0.20679251397858028
all,body_static_svm,456,3,219,73,1,1.649815567916568
all,body_static_svm,456,3,224,59,1,0.6324663227057644
all,body_static_svm,456,3,235,89,0,0.533301719737033
all,body_static_svm,456,3,236,44,0,-0.5896806610412569
all,body_static_svm,456,3,243,85,1,0.35623139934846093
all,body_static_svm,456,3,248,36,1,0.6036144799972282
all,body_static_svm,456,3,253,45,1,0.23787908671661825
all,body_static_svm,456,3,257,83,1,0.9242236482068881
all,body_static_svm,456,3,258,85,1,-0.5859616990655547
all,body_static_svm,456,3,269,44,0,-0.9648423842160221
all,body_static_svm,456,4,002,78,0,-0.344767140807968
all,body_static_svm,456,4,003,1,0,-1.4708654975868938
all,body_static_svm,456,4,007,90,1,0.49207460566602856
all,body_static_svm,456,4,013,92,0,-0.7896855148826208
all,body_static_svm,456,4,020,20,1,0.4388497625082931
all,body_static_svm,456,4,021,70,0,0.33013979226813917
all,body_static_svm,456,4,028,55,0,-0.7381046737219994
all,body_static_svm,456,4,037,90,0,-0.6091529467521984
all,body_static_svm,456,4,038,43,1,-0.24307830760361526
all,body_static_svm,456,4,039,40,0,-1.2777841395293845
all,body_static_svm,456,4,046,70,1,0.37238471898354764
all,body_static_svm,456,4,053,78,0,0.7430609902171946
all,body_static_svm,456,4,062,55,0,-1.3823368764396013
all,body_static_svm,456,4,065,41,1,1.4395348287166696
all,body_static_svm,456,4,066,90,1,0.7092810441895135
all,body_static_svm,456,4,069,1,0,-1.2954473465231517
all,body_static_svm,456,4,072,70,1,-0.03285838841118294
all,body_static_svm,456,4,073,13,1,1.2642962480389683
all,body_static_svm,456,4,079,43,1,-0.9621938410592971
all,body_static_svm,456,4,081,40,0,-0.5901252089332779
all,body_static_svm,456,4,089,20,1,1.255964824371398
all,body_static_svm,456,4,091,96,1,0.4830098096469969
all,body_static_svm,456,4,102,76,1,0.8832988765900088
all,body_static_svm,456,4,103,6,0,-1.12704421620769
all,body_static_svm,456,4,106,48,1,-0.3962047378208184
all,body_static_svm,456,4,108,61,0,-0.6451535578711882
all,body_static_svm,456,4,113,78,0,0.2433538478187236
all,body_static_svm,456,4,114,92,1,0.9341413375081918
all,body_static_svm,456,4,115,41,1,0.8035640904483071
all,body_static_svm,456,4,119,40,0,-1.4491094853357378
all,body_static_svm,456,4,128,96,1,2.1284890232740667
all,body_static_svm,456,4,131,54,1,0.06425846011791786
all,body_static_svm,456,4,146,78,0,-0.18017865325372018
all,body_static_svm,456,4,149,40,0,-0.084818994650175
all,body_static_svm,456,4,150,29,0,0.41304940515933286
all,body_static_svm,456,4,163,48,0,0.2215737286131242
all,body_static_svm,456,4,164,53,0,-0.7911914425022143
all,body_static_svm,456,4,170,53,0,-0.785958102809409
all,body_static_svm,456,4,174,1,0,-2.080225004524355
all,body_static_svm,456,4,176,41,0,-0.7435270412102033
all,body_static_svm,456,4,178,76,1,1.557026952610994
all,body_static_svm,456,4,181,6,0,-1.6540174902370341
all,body_static_svm,456,4,205,95,0,-0.9384404431703085
all,body_static_svm,456,4,210,20,1,1.1371212550089664
all,body_static_svm,456,4,214,92,0,-1.3692294862687842
all,body_static_svm,456,4,217,76,1,1.5491203725954534
all,body_static_svm,456,4,226,41,1,-0.21903654262126926
all,body_static_svm,456,4,227,78,0,-1.4884543967456088
all,body_static_svm,456,4,228,43,1,-0.4499587156915982
all,body_static_svm,456,4,238,54,1,-0.5924366543733095
all,body_static_svm,456,4,239,1,0,-1.7730531092847097
all,body_static_svm,456,4,241,29,0,-0.19972367733470892
all,body_static_svm,456,4,242,76,1,-0.06993934275582259
all,body_static_svm,456,4,263,76,1,1.753316727092313
all,body_static_svm,789,0,003,1,0,-1.2895602616633919
all,body_static_svm,789,0,013,92,0,-0.9025880652329374
all,body_static_svm,789,0,017,8,0,-0.9141557346115363
all,body_static_svm,789,0,018,9,1,0.35314412718473015
all,body_static_svm,789,0,026,86,1,1.4328110018368077
all,body_static_svm,789,0,035,83,1,0.2138724103354755
all,body_static_svm,789,0,040,8,0,0.0921723938958518
all,body_static_svm,789,0,043,9,1,-0.48210183251075195
all,body_static_svm,789,0,047,51,0,-0.6734421109153192
all,body_static_svm,789,0,050,51,0,0.8758083685191287
all,body_static_svm,789,0,052,8,0,0.4795561179869378
all,body_static_svm,789,0,059,97,1,1.3020558872091796
all,body_static_svm,789,0,068,22,1,0.543722300355477
all,body_static_svm,789,0,069,1,0,-1.240190132497461
all,body_static_svm,789,0,073,13,1,1.3788244514097832
all,body_static_svm,789,0,077,86,1,1.569385281610087
all,body_static_svm,789,0,080,25,0,-0.16252791743998296
all,body_static_svm,789,0,083,79,0,-0.7862292479981217
all,body_static_svm,789,0,087,51,0,-0.708142249835964
all,body_static_svm,789,0,091,96,1,0.7191930309176036
all,body_static_svm,789,0,092,51,0,-0.6423873843115719
all,body_static_svm,789,0,095,86,1,1.7671875640832382
all,body_static_svm,789,0,099,97,1,1.5075698018783852
all,body_static_svm,789,0,110,22,1,1.4960782088548867
all,body_static_svm,789,0,114,92,1,0.6367473257289313
all,body_static_svm,789,0,122,71,0,-0.7439731600511532
all,body_static_svm,789,0,128,96,1,2.100551059250482
all,body_static_svm,789,0,133,51,0,0.6434011983457417
all,body_static_svm,789,0,144,63,1,1.1201654488453783
all,body_static_svm,789,0,153,83,1,0.6002328594069084
all,body_static_svm,789,0,155,68,1,1.0509132076818593
all,body_static_svm,789,0,156,5,0,-0.727958829895351
all,body_static_svm,789,0,160,51,0,-0.3021291679116144
all,body_static_svm,789,0,161,79,1,0.8913435146102295
all,body_static_svm,789,0,164,53,0,-0.8549254645684756
all,body_static_svm,789,0,167,22,1,1.198015346241187
all,body_static_svm,789,0,170,53,0,-0.8820145875323089
all,body_static_svm,789,0,174,1,0,-1.9648962398976328
all,body_static_svm,789,0,177,32,0,-0.09626225342230876
all,body_static_svm,789,0,182,79,1,0.3721998435151183
all,body_static_svm,789,0,184,68,0,0.1836944685409601
all,body_static_svm,789,0,185,71,0,-0.8380851774160427
all,body_static_svm,789,0,186,51,0,-1.0722737132182902
all,body_static_svm,789,0,189,22,1,0.9466698659324915
all,body_static_svm,789,0,194,5,0,-0.5362479955292978
all,body_static_svm,789,0,201,66,1,-0.8717265304764055
all,body_static_svm,789,0,208,79,1,0.8336345308751567
all,body_static_svm,789,0,214,92,0,-1.3303493892290208
all,body_static_svm,789,0,229,51,0,-1.0078160197209394
all,body_static_svm,789,0,239,1,0,-1.6889057104852665
all,body_static_svm,789,0,254,86,1,1.317195432359543
all,body_static_svm,789,0,255,97,0,0.5630496761906352
all,body_static_svm,789,0,256,10,1,0.6356973393452496
all,body_static_svm,789,0,257,83,1,0.8413144213911918
all,body_static_svm,789,1,004,45,1,1.4349547044027406
all,body_static_svm,789,1,008,28,0,0.1937436399073828
all,body_static_svm,789,1,009,2,1,0.8114430982793419
all,body_static_svm,789,1,012,73,1,2.3096821363682793
all,body_static_svm,789,1,014,39,1,0.1282525509287415
all,body_static_svm,789,1,019,82,0,-2.1629902728358967
all,body_static_svm,789,1,031,38,1,-0.3969626219942775
all,body_static_svm,789,1,033,46,1,0.9764293116460108
all,body_static_svm,789,1,042,23,0,0.17783493304541664
all,body_static_svm,789,1,044,15,1,1.23797004568364
all,body_static_svm,789,1,051,28,0,-0.08917559606814048
all,body_static_svm,789,1,055,15,1,-1.376673208343996
all,body_static_svm,789,1,058,50,0,0.5961147215878311
all,body_static_svm,789,1,061,24,1,1.1635514037718662
all,body_static_svm,789,1,071,23,1,1.6142051746107262
all,body_static_svm,789,1,075,38,1,-0.7837448214749833
all,body_static_svm,789,1,076,4,1,0.7436975800174761
all,body_static_svm,789,1,082,15,1,-0.4098046734002574
all,body_static_svm,789,1,084,3,1,0.904294698707542
all,body_static_svm,789,1,085,18,0,-1.9286339297571105
all,body_static_svm,789,1,086,18,0,-1.6595216410143858
all,body_static_svm,789,1,088,82,0,-0.8634855529402304
all,body_static_svm,789,1,093,73,1,2.3149609358898884
all,body_static_svm,789,1,097,2,1,1.011925368851699
all,body_static_svm,789,1,098,4,1,0.7980485952739598
all,body_static_svm,789,1,109,46,1,0.5329566632181089
all,body_static_svm,789,1,126,82,0,-1.9879281156150161
all,body_static_svm,789,1,132,38,0,-0.2286086331250501
all,body_static_svm,789,1,136,39,0,1.273901343625621
all,body_static_svm,789,1,143,28,0,-0.6860859046038235
all,body_static_svm,789,1,150,29,0,0.5087222899086793
all,body_static_svm,789,1,154,45,0,-0.5621727127033078
all,body_static_svm,789,1,162,23,0,0.12794847098709428
all,body_static_svm,789,1,168,4,1,-0.19906770345798458
all,body_static_svm,789,1,169,39,1,0.5036909195406629
all,body_static_svm,789,1,172,18,0,-1.918507428044385
all,body_static_svm,789,1,180,73,1,1.5670172961198083
all,body_static_svm,789,1,192,38,0,-0.766279701863748
all,body_static_svm,789,1,199,82,0,-0.7860591045244252
all,body_static_svm,789,1,202,46,0,-0.7232813566141714
all,body_static_svm,789,1,207,3,1,0.7980719792594031
all,body_static_svm,789,1,215,50,0,-2.1571346321945737
all,body_static_svm,789,1,219,73,1,1.7090125954536184
all,body_static_svm,789,1,223,38,0,-0.11828470627113531
all,body_static_svm,789,1,231,11,0,-0.9965762818525202
all,body_static_svm,789,1,234,39,0,0.3878629437049989
all,body_static_svm,789,1,237,18,0,-1.4130468529613023
all,body_static_svm,789,1,241,29,0,-0.37558798110226516
all,body_static_svm,789,1,246,50,0,-1.213293236211503
all,body_static_svm,789,1,250,15,1,1.1490440502329975
all,body_static_svm,789,1,251,38,0,0.28612837282881304
all,body_static_svm,789,1,252,18,0,-0.35477348639192924
all,body_static_svm,789,1,253,45,1,0.22133792938685176
all,body_static_svm,789,1,265,18,0,-1.2825722781514541
all,body_static_svm,789,1,272,33,1,-0.0449567762486915
all,body_static_svm,789,2,002,78,0,0.014501680976950981
all,body_static_svm,789,2,006,49,1,1.3515409459083096
all,body_static_svm,789,2,011,47,1,0.5928089251815445
all,body_static_svm,789,2,025,81,1,0.2778874964691685
all,body_static_svm,789,2,030,57,1,-1.1941476468317278
all,body_static_svm,789,2,032,19,0,-1.2912070839992793
all,body_static_svm,789,2,034,91,1,1.3370170920521478
all,body_static_svm,789,2,036,77,0,0.04236765223852229
all,body_static_svm,789,2,039,40,0,-0.9677580774296786
all,body_static_svm,789,2,045,49,1,1.2027370789391982
all,body_static_svm,789,2,053,78,0,1.0336281587962821
all,body_static_svm,789,2,056,47,1,0.975462949316853
all,body_static_svm,789,2,074,81,1,0.5985707210938727
all,body_static_svm,789,2,081,40,0,-0.3740947344071558
all,body_static_svm,789,2,096,17,0,-1.5460339377102956
all,body_static_svm,789,2,101,36,0,-1.3452969653076319
all,body_static_svm,789,2,102,76,1,0.9539995861225479
all,body_static_svm,789,2,103,6,0,-1.1441753939876005
all,body_static_svm,789,2,104,19,0,-0.8561149444596456
all,body_static_svm,789,2,111,77,0,0.15188415060592764
all,body_static_svm,789,2,113,78,0,0.3355915972252546
all,body_static_svm,789,2,117,7,0,-1.7984026031511116
all,body_static_svm,789,2,118,91,1,1.2201798726049515
all,body_static_svm,789,2,119,40,0,-1.3284548055324432
all,body_static_svm,789,2,123,81,1,1.614343099954597
all,body_static_svm,789,2,124,37,1,0.5763289910523173
all,body_static_svm,789,2,131,54,1,0.0942075717423545
all,body_static_svm,789,2,137,19,0,-1.4821554134028405
all,body_static_svm,789,2,141,37,1,0.6094600390565106
all,body_static_svm,789,2,145,36,0,-1.3558832382369368
all,body_static_svm,789,2,146,78,0,0.010481080609337667
all,body_static_svm,789,2,148,7,0,-1.722968945554523
all,body_static_svm,789,2,149,40,0,-0.0657706651492051
all,body_static_svm,789,2,157,77,0,-1.121019706842919
all,body_static_svm,789,2,166,19,0,-1.187148218031099
all,body_static_svm,789,2,178,76,1,1.5440062987503809
all,body_static_svm,789,2,179,37,0,0.34803208992255513
all,body_static_svm,789,2,181,6,0,-1.821022665838525
all,body_static_svm,789,2,187,17,0,-0.682172918664258
all,body_static_svm,789,2,203,77,1,0.9541026666458143
all,body_static_svm,789,2,212,12,0,-0.649716431087642
all,body_static_svm,789,2,216,36,1,0.7166713945735923
all,body_static_svm,789,2,217,76,1,1.5570639932522903
all,body_static_svm,789,2,227,78,0,-1.1083655158210217
all,body_static_svm,789,2,233,37,1,0.9759262936514699
all,body_static_svm,789,2,238,54,1,-0.5694696552185567
all,body_static_svm,789,2,242,76,1,-0.017088697877075093
all,body_static_svm,789,2,248,36,1,0.780937855088383
all,body_static_svm,789,2,249,17,1,1.2473466891989609
all,body_static_svm,789,2,262,14,0,-0.5638672062056523
all,body_static_svm,789,2,263,76,1,1.7881343661899098
all,body_static_svm,789,2,264,31,0,0.24591053239419897
all,body_static_svm,789,2,267,98,1,-0.6086511965130446
all,body_static_svm,789,2,270,49,0,0.10523758515927689
all,body_static_svm,789,2,271,47,1,0.27465163801253994
all,body_static_svm,789,3,001,87,0,-1.1576887833930707
all,body_static_svm,789,3,007,90,1,0.35429369635516117
all,body_static_svm,789,3,015,75,1,-0.6761926178771779
all,body_static_svm,789,3,016,84,1,0.8324730732770679
all,body_static_svm,789,3,020,20,1,0.6562281436392955
all,body_static_svm,789,3,022,34,1,-0.1045543404662323
all,body_static_svm,789,3,028,55,0,-0.7860321763005403
all,body_static_svm,789,3,029,35,0,-0.8646374337727002
all,body_static_svm,789,3,037,90,0,-0.3991268319600565
all,body_static_svm,789,3,041,26,1,1.0540329344316177
all,body_static_svm,789,3,049,87,0,-1.0065248413045458
all,body_static_svm,789,3,057,69,1,1.4200403212993291
all,body_static_svm,789,3,062,55,0,-1.2232804771373278
all,body_static_svm,789,3,063,84,1,1.8862821274583248
all,body_static_svm,789,3,064,88,0,-0.8851414856453738
all,body_static_svm,789,3,066,90,1,0.5513293809303315
all,body_static_svm,789,3,067,34,1,0.26298757943331236
all,body_static_svm,789,3,070,75,1,-0.16286757510238747
all,body_static_svm,789,3,078,93,0,-0.9007641257938453
all,body_static_svm,789,3,089,20,1,1.3762354367199663
all,body_static_svm,789,3,090,69,0,0.970567264697363
all,body_static_svm,789,3,094,93,1,-0.31547286720336454
all,body_static_svm,789,3,106,48,1,-0.06663986299053126
all,body_static_svm,789,3,107,35,0,-1.2636510653430686
all,body_static_svm,789,3,108,61,0,-0.6918359594665479
all,body_static_svm,789,3,112,94,0,-0.7338471344690422
all,body_static_svm,789,3,120,52,0,-0.7817228046799698
all,body_static_svm,789,3,127,75,1,0.2790622157850208
all,body_static_svm,789,3,129,69,1,0.8459821305036692
all,body_static_svm,789,3,130,88,0,-1.3027571351435996
all,body_static_svm,789,3,134,69,1,0.749018538356364
all,body_static_svm,789,3,138,75,1,-0.24274906958518871
all,body_static_svm,789,3,140,84,1,-0.48503374989375736
all,body_static_svm,789,3,159,52,0,-0.6525873378283902
all,body_static_svm,789,3,163,48,0,0.3140818219015786
all,body_static_svm,789,3,183,80,1,1.2280985660449346
all,body_static_svm,789,3,191,87,0,-1.327359714417299
all,body_static_svm,789,3,193,56,1,0.9682234504312056
all,body_static_svm,789,3,195,94,0,-0.7601583951633877
all,body_static_svm,789,3,197,35,0,-1.0002365510889066
all,body_static_svm,789,3,198,93,0,-1.3203908642927553
all,body_static_svm,789,3,200,21,0,-0.7390226462386331
all,body_static_svm,789,3,205,95,0,-0.639000524722115
all,body_static_svm,789,3,210,20,1,1.1414294053950722
all,body_static_svm,789,3,211,87,0,-1.2490371245454863
all,body_static_svm,789,3,218,56,1,1.5369799479964446
all,body_static_svm,789,3,220,88,0,-1.4983206366394812
all,body_static_svm,789,3,222,52,0,-0.8937816172902258
all,body_static_svm,789,3,230,34,0,-1.182700240431775
all,body_static_svm,789,3,244,75,1,0.527216440802235
all,body_static_svm,789,3,245,80,1,1.8032075656853341
all,body_static_svm,789,3,247,88,0,-0.8443196516318313
all,body_static_svm,789,3,259,62,1,0.41820158195197543
all,body_static_svm,789,3,266,88,0,-1.1933529970958352
all,body_static_svm,789,3,268,21,0,-1.0599447786790255
all,body_static_svm,789,4,005,65,0,-1.8107363355610553
all,body_static_svm,789,4,010,72,0,-1.746382134906131
all,body_static_svm,789,4,021,70,0,-0.18737457934463098
all,body_static_svm,789,4,023,44,0,-1.4559122254885195
all,body_static_svm,789,4,024,89,0,-1.1231892604512357
all,body_static_svm,789,4,027,85,1,-0.5526592586732928
all,body_static_svm,789,4,038,43,1,-1.2006667922778695
all,body_static_svm,789,4,046,70,1,-0.2560948029845666
all,body_static_svm,789,4,048,67,0,-1.4251800863311626
all,body_static_svm,789,4,054,16,1,0.052875994126115045
all,body_static_svm,789,4,060,44,0,-0.32792347276304373
all,body_static_svm,789,4,065,41,1,1.9838779707201408
all,body_static_svm,789,4,072,70,1,-0.810702884206675
all,body_static_svm,789,4,079,43,1,-2.180133349391732
all,body_static_svm,789,4,100,72,1,-0.06314063669061032
all,body_static_svm,789,4,105,16,1,0.2563965713597302
all,body_static_svm,789,4,115,41,1,1.1224851898844541
all,body_static_svm,789,4,116,85,0,-1.6025366244374961
all,body_static_svm,789,4,121,74,1,0.5799597613169682
all,body_static_svm,789,4,125,42,0,-1.7917853731633886
all,body_static_svm,789,4,135,64,1,1.528557215908247
all,body_static_svm,789,4,139,89,0,-0.6960430684252936
all,body_static_svm,789,4,142,44,0,-0.35376016012002426
all,body_static_svm,789,4,147,72,0,0.4250319735426837
all,body_static_svm,789,4,151,85,1,-0.6130954799839892
all,body_static_svm,789,4,152,58,1,1.1761441398184003
all,body_static_svm,789,4,158,74,1,1.2875277908172575
all,body_static_svm,789,4,165,30,0,-0.9635898960765124
all,body_static_svm,789,4,171,42,0,-1.3377600688340139
all,body_static_svm,789,4,173,89,0,-0.7528317582204833
all,body_static_svm,789,4,175,74,1,2.298194317707392
all,body_static_svm,789,4,176,41,0,-0.10477747389249042
all,body_static_svm,789,4,188,85,0,-1.1127480485754018
all,body_static_svm,789,4,190,44,0,-0.4885561996806073
all,body_static_svm,789,4,196,67,0,-0.7299383206848294
all,body_static_svm,789,4,204,27,0,-0.5766123679245589
all,body_static_svm,789,4,206,42,0,-2.293543173730261
all,body_static_svm,789,4,209,64,0,0.274909139972283
all,body_static_svm,789,4,213,44,1,-0.3182265192764219
all,body_static_svm,789,4,221,72,1,-0.8574733849774103
all,body_static_svm,789,4,224,59,1,1.1893123008789224
all,body_static_svm,789,4,225,67,0,-0.9046254951129795
all,body_static_svm,789,4,226,41,1,-0.3866319009615581
all,body_static_svm,789,4,228,43,1,-0.14383707596687667
all,body_static_svm,789,4,232,74,1,1.7137427877521771
all,body_static_svm,789,4,235,89,0,-0.2210729728701707
all,body_static_svm,789,4,236,44,0,-0.09865603639101239
all,body_static_svm,789,4,240,72,0,-0.3403894224217052
all,body_static_svm,789,4,243,85,1,-0.6899704012440553
all,body_static_svm,789,4,258,85,1,-0.8644718155533497
all,body_static_svm,789,4,260,60,0,-0.6800579506321414
all,body_static_svm,789,4,261,74,1,1.6580030435157664
all,body_static_svm,789,4,269,44,0,-0.4922419489455593
all,body_static_svm,2024,0,007,90,1,0.8542144511437395
all,body_static_svm,2024,0,009,2,1,0.7533122483905192
all,body_static_svm,2024,0,012,73,1,2.268416739292545
all,body_static_svm,2024,0,024,89,0,-0.16664451698137658
all,body_static_svm,2024,0,034,91,1,1.5502631262419255
all,body_static_svm,2024,0,036,77,0,-0.5659620091151696
all,body_static_svm,2024,0,037,90,0,-0.19521388404594558
all,body_static_svm,2024,0,038,43,1,-0.2778839570343402
all,body_static_svm,2024,0,041,26,1,1.095956764734512
all,body_static_svm,2024,0,047,51,0,-0.5402252526787864
all,body_static_svm,2024,0,050,51,0,0.6591736598782711
all,body_static_svm,2024,0,058,50,0,0.4307848070119902
all,body_static_svm,2024,0,059,97,1,1.3186355229812226
all,body_static_svm,2024,0,066,90,1,0.6345099962466314
all,body_static_svm,2024,0,068,22,1,0.6200799698918634
all,body_static_svm,2024,0,079,43,1,-0.5392503138223619
all,body_static_svm,2024,0,087,51,0,-0.8567370256647021
all,body_static_svm,2024,0,092,51,0,-0.7493150527158725
all,body_static_svm,2024,0,093,73,1,2.1434672861279194
all,body_static_svm,2024,0,097,2,1,0.5519072459313472
all,body_static_svm,2024,0,099,97,1,1.4691689401826116
all,body_static_svm,2024,0,101,36,0,-0.9313179732230513
all,body_static_svm,2024,0,108,61,0,-0.6229886419644064
all,body_static_svm,2024,0,110,22,1,1.465388469733593
all,body_static_svm,2024,0,111,77,0,-0.28430253845884973
all,body_static_svm,2024,0,112,94,0,-0.6097303090517949
all,body_static_svm,2024,0,118,91,1,1.2603492912163312
all,body_static_svm,2024,0,131,54,1,0.14430072651667736
all,body_static_svm,2024,0,133,51,0,0.5861268652815017
all,body_static_svm,2024,0,139,89,0,-0.02561741510403981
all,body_static_svm,2024,0,145,36,0,-1.2682283250742112
all,body_static_svm,2024,0,152,58,1,1.4778608392270405
all,body_static_svm,2024,0,157,77,0,-1.2075077279867026
all,body_static_svm,2024,0,160,51,0,-0.47044419389988623
all,body_static_svm,2024,0,164,53,0,-0.7954379307966051
all,body_static_svm,2024,0,167,22,1,1.2191478462564211
all,body_static_svm,2024,0,170,53,0,-0.8415573381237893
all,body_static_svm,2024,0,173,89,0,0.060553269304027185
all,body_static_svm,2024,0,180,73,1,1.125216708966605
all,body_static_svm,2024,0,186,51,0,-1.0786880712534965
all,body_static_svm,2024,0,189,22,1,0.9307528428826211
all,body_static_svm,2024,0,195,94,0,-0.8646394606583194
all,body_static_svm,2024,0,201,66,1,-1.1315380833635569
all,body_static_svm,2024,0,203,77,1,0.45627301789104424
all,body_static_svm,2024,0,205,95,0,-0.4364191445104869
all,body_static_svm,2024,0,215,50,0,-1.9408307639136502
all,body_static_svm,2024,0,216,36,1,0.7472517805624428
all,body_static_svm,2024,0,219,73,1,1.329155785605133
all,body_static_svm,2024,0,228,43,1,-0.26296532240441195
all,body_static_svm,2024,0,229,51,0,-1.0425589037936722
all,body_static_svm,2024,0,235,89,0,0.8492057411501888
all,body_static_svm,2024,0,238,54,1,-0.4123636916644615
all,body_static_svm,2024,0,246,50,0,-0.8910439025340245
all,body_static_svm,2024,0,248,36,1,0.6967585323402357
all,body_static_svm,2024,0,255,97,0,0.30450762907777507
all,body_static_svm,2024,0,260,60,0,-0.46069776074163543
all,body_static_svm,2024,1,013,92,0,-0.7940657674804836
all,body_static_svm,2024,1,019,82,0,-2.0426268738044437
all,body_static_svm,2024,1,020,20,1,0.5238982377806962
all,body_static_svm,2024,1,025,81,1,0.4975039961641783
all,body_static_svm,2024,1,028,55,0,-0.8485327121940209
all,body_static_svm,2024,1,048,67,0,-0.422721806119803
all,body_static_svm,2024,1,054,16,1,0.8724095362448163
all,body_static_svm,2024,1,062,55,0,-1.5088846083698795
all,body_static_svm,2024,1,065,41,1,1.5997501361548268
all,body_static_svm,2024,1,074,81,1,0.8130228874834473
all,body_static_svm,2024,1,078,93,0,-0.9147015143695516
all,body_static_svm,2024,1,080,25,0,-0.07799424879246586
all,body_static_svm,2024,1,085,18,0,-1.8445407460031311
all,body_static_svm,2024,1,086,18,0,-1.5187021002003473
all,body_static_svm,2024,1,088,82,0,-0.569128885163352
all,body_static_svm,2024,1,089,20,1,1.2213807686255653
all,body_static_svm,2024,1,094,93,1,-0.08365511859085606
all,body_static_svm,2024,1,102,76,1,0.8857594081998266
all,body_static_svm,2024,1,105,16,1,1.1158063727635543
all,body_static_svm,2024,1,106,48,1,-0.31161526005211193
all,body_static_svm,2024,1,114,92,1,1.0572763913767942
all,body_static_svm,2024,1,115,41,1,0.8442608175013961
all,body_static_svm,2024,1,123,81,1,1.8512454875888036
all,body_static_svm,2024,1,124,37,1,0.7783880731124326
all,body_static_svm,2024,1,126,82,0,-1.7547077774435094
all,body_static_svm,2024,1,141,37,1,0.6260982220148158
all,body_static_svm,2024,1,150,29,0,0.6883384532012788
all,body_static_svm,2024,1,155,68,1,0.8659107915224271
all,body_static_svm,2024,1,163,48,0,0.11928758759778507
all,body_static_svm,2024,1,165,30,0,-0.8240163579592477
all,body_static_svm,2024,1,172,18,0,-1.6929025835216773
all,body_static_svm,2024,1,176,41,0,-0.7510951839873626
all,body_static_svm,2024,1,177,32,0,-0.06886225028985549
all,body_static_svm,2024,1,178,76,1,1.59672162627671
all,body_static_svm,2024,1,179,37,0,0.5089666799798636
all,body_static_svm,2024,1,184,68,0,0.10700965691214148
all,body_static_svm,2024,1,196,67,0,-0.8145916887868162
all,body_static_svm,2024,1,198,93,0,-1.2282939620180164
all,body_static_svm,2024,1,199,82,0,-0.997098584214681
all,body_static_svm,2024,1,210,20,1,1.151421584756982
all,body_static_svm,2024,1,214,92,0,-1.3759982453316555
all,body_static_svm,2024,1,217,76,1,1.505708274874833
all,body_static_svm,2024,1,225,67,0,-0.9194162657830316
all,body_static_svm,2024,1,226,41,1,-0.09774956598411738
all,body_static_svm,2024,1,233,37,1,0.8746277730929699
all,body_static_svm,2024,1,237,18,0,-1.2610027848930012
all,body_static_svm,2024,1,241,29,0,-0.12052820705914408
all,body_static_svm,2024,1,242,76,1,-0.09952299306143017
all,body_static_svm,2024,1,252,18,0,-0.20486609031821768
all,body_static_svm,2024,1,263,76,1,1.7726763018628482
all,body_static_svm,2024,1,264,31,0,0.32748588904167153
all,body_static_svm,2024,1,265,18,0,-1.076982245372564
all,body_static_svm,2024,1,267,98,1,-0.4045971898572537
all,body_static_svm,2024,1,272,33,1,-0.04703692417592986
all,body_static_svm,2024,2,002,78,0,-0.10421845609059377
all,body_static_svm,2024,2,003,1,0,-1.2693527187122275
all,body_static_svm,2024,2,010,72,0,-0.8397817021215696
all,body_static_svm,2024,2,011,47,1,0.4406778764078235
all,body_static_svm,2024,2,015,75,1,-0.4644164429884239
all,body_static_svm,2024,2,016,84,1,0.8666370938749134
all,body_static_svm,2024,2,018,9,1,0.017523801587738086
all,body_static_svm,2024,2,021,70,0,0.44433929755706736
all,body_static_svm,2024,2,029,35,0,-0.6680787793997602
all,body_static_svm,2024,2,031,38,1,-0.3164700658798444
all,body_static_svm,2024,2,039,40,0,-1.1089496990838916
all,body_static_svm,2024,2,042,23,0,0.09609625088242987
all,body_static_svm,2024,2,043,9,1,-0.6270920661099887
all,body_static_svm,2024,2,046,70,1,0.5152365435054294
all,body_static_svm,2024,2,053,78,0,0.8463364358098655
all,body_static_svm,2024,2,056,47,1,0.8576196156320324
all,body_static_svm,2024,2,063,84,1,2.0205893058810966
all,body_static_svm,2024,2,069,1,0,-1.2717596389770098
all,body_static_svm,2024,2,070,75,1,-0.07831105850441633
all,body_static_svm,2024,2,071,23,1,1.424463561095291
all,body_static_svm,2024,2,072,70,1,0.28178215503731446
all,body_static_svm,2024,2,073,13,1,1.4176460297267401
all,body_static_svm,2024,2,075,38,1,-0.6732101749012182
all,body_static_svm,2024,2,081,40,0,-0.5369989563372939
all,body_static_svm,2024,2,091,96,1,0.6833670527699985
all,body_static_svm,2024,2,100,72,1,0.00387634759924943
all,body_static_svm,2024,2,107,35,0,-0.9513159267745245
all,body_static_svm,2024,2,113,78,0,0.20985217545097135
all,body_static_svm,2024,2,119,40,0,-1.4078620684867014
all,body_static_svm,2024,2,127,75,1,0.40520145492721205
all,body_static_svm,2024,2,128,96,1,2.081158076062243
all,body_static_svm,2024,2,132,38,0,-0.17487627600528205
all,body_static_svm,2024,2,135,64,1,1.5572500315598337
all,body_static_svm,2024,2,138,75,1,-0.1815231298642367
all,body_static_svm,2024,2,140,84,1,-0.3221638910610013
all,body_static_svm,2024,2,144,63,1,0.8754012493964696
all,body_static_svm,2024,2,146,78,0,0.014024897554501037
all,body_static_svm,2024,2,147,72,0,0.7620986990797414
all,body_static_svm,2024,2,149,40,0,-0.15051013178769052
all,body_static_svm,2024,2,156,5,0,-0.523534270146208
all,body_static_svm,2024,2,162,23,0,0.04457083429722533
all,body_static_svm,2024,2,174,1,0,-2.142116215138047
all,body_static_svm,2024,2,192,38,0,-0.6599158718446995
all,body_static_svm,2024,2,194,5,0,-0.5305599651730144
all,body_static_svm,2024,2,197,35,0,-1.0754933178338422
all,body_static_svm,2024,2,209,64,0,0.2636069848071795
all,body_static_svm,2024,2,221,72,1,-1.0159421129611776
all,body_static_svm,2024,2,223,38,0,-0.0621616840277866
all,body_static_svm,2024,2,227,78,0,-1.2970666083659999
all,body_static_svm,2024,2,239,1,0,-1.5925208076421073
all,body_static_svm,2024,2,240,72,0,-0.9981887262765217
all,body_static_svm,2024,2,244,75,1,0.5414480974168937
all,body_static_svm,2024,2,251,38,0,0.21118445842255185
all,body_static_svm,2024,2,271,47,1,0.34482119219933116
all,body_static_svm,2024,3,001,87,0,-1.289802040168738
all,body_static_svm,2024,3,008,28,0,0.15380654487431245
all,body_static_svm,2024,3,014,39,1,-0.08487159891148856
all,body_static_svm,2024,3,017,8,0,-0.9097793081133702
all,body_static_svm,2024,3,022,34,1,-0.10049168059898496
all,body_static_svm,2024,3,027,85,1,-0.3224710286575416
all,body_static_svm,2024,3,030,57,1,-0.9842051878736771
all,body_static_svm,2024,3,033,46,1,0.8289214127283872
all,body_static_svm,2024,3,035,83,1,0.26725222817251165
all,body_static_svm,2024,3,040,8,0,-0.22152030763825525
all,body_static_svm,2024,3,049,87,0,-1.108932239848744
all,body_static_svm,2024,3,051,28,0,-0.10335399399776754
all,body_static_svm,2024,3,052,8,0,0.15074707489787964
all,body_static_svm,2024,3,061,24,1,0.9968772299926217
all,body_static_svm,2024,3,064,88,0,-0.9305855394140757
all,body_static_svm,2024,3,067,34,1,0.297514191183177
all,body_static_svm,2024,3,076,4,1,0.8729978437364369
all,body_static_svm,2024,3,098,4,1,1.0104353173429743
all,body_static_svm,2024,3,103,6,0,-1.1933215682456013
all,body_static_svm,2024,3,109,46,1,0.40735094218251494
all,body_static_svm,2024,3,116,85,0,-0.26179406109862086
all,body_static_svm,2024,3,121,74,1,0.9393292363682143
all,body_static_svm,2024,3,122,71,0,-0.7499536103569734
all,body_static_svm,2024,3,130,88,0,-1.4626940087556979
all,body_static_svm,2024,3,136,39,0,1.109295308605461
all,body_static_svm,2024,3,143,28,0,-0.5661103858896592
all,body_static_svm,2024,3,151,85,1,0.05602343764638408
all,body_static_svm,2024,3,153,83,1,0.6769584288924698
all,body_static_svm,2024,3,158,74,1,1.3088567062636076
all,body_static_svm,2024,3,168,4,1,-0.10661865469962857
all,body_static_svm,2024,3,169,39,1,0.30346023765119234
all,body_static_svm,2024,3,175,74,1,1.8892665027598865
all,body_static_svm,2024,3,181,6,0,-1.674423011039654
all,body_static_svm,2024,3,185,71,0,-0.9196014819584338
all,body_static_svm,2024,3,188,85,0,-0.9816890100195415
all,body_static_svm,2024,3,191,87,0,-1.3871339828822955
all,body_static_svm,2024,3,193,56,1,0.8516202858565506
all,body_static_svm,2024,3,202,46,0,-0.6378320553999309
all,body_static_svm,2024,3,211,87,0,-1.299394633788475
all,body_static_svm,2024,3,212,12,0,-0.4958023522882596
all,body_static_svm,2024,3,218,56,1,1.2298575681236616
all,body_static_svm,2024,3,220,88,0,-1.4903656826540466
all,body_static_svm,2024,3,224,59,1,0.6596323405597638
all,body_static_svm,2024,3,230,34,0,-0.950744636554133
all,body_static_svm,2024,3,231,11,0,-0.567689751808905
all,body_static_svm,2024,3,232,74,1,1.7248178070625764
all,body_static_svm,2024,3,234,39,0,0.2639074782540439
all,body_static_svm,2024,3,243,85,1,0.5168990654039295
all,body_static_svm,2024,3,247,88,0,-0.7072916458760485
all,body_static_svm,2024,3,257,83,1,0.6672813412951996
all,body_static_svm,2024,3,258,85,1,-0.5291545265359843
all,body_static_svm,2024,3,259,62,1,0.36449416257343836
all,body_static_svm,2024,3,261,74,1,1.61500508518749
all,body_static_svm,2024,3,262,14,0,-0.3238341728290834
all,body_static_svm,2024,3,266,88,0,-1.29079911321752
all,body_static_svm,2024,4,004,45,1,1.2292508423931081
all,body_static_svm,2024,4,005,65,0,-1.2378347491190147
all,body_static_svm,2024,4,006,49,1,1.3412815016671837
all,body_static_svm,2024,4,023,44,0,-1.7747497128331722
all,body_static_svm,2024,4,026,86,1,1.5284388869869021
all,body_static_svm,2024,4,032,19,0,-1.2834116194650413
all,body_static_svm,2024,4,044,15,1,1.4250368808332001
all,body_static_svm,2024,4,045,49,1,1.1427458450039678
all,body_static_svm,2024,4,055,15,1,-1.294644007345697
all,body_static_svm,2024,4,057,69,1,1.3044329538490989
all,body_static_svm,2024,4,060,44,0,-0.46512271083771584
all,body_static_svm,2024,4,077,86,1,1.5943233586432584
all,body_static_svm,2024,4,082,15,1,-0.4095218354245832
all,body_static_svm,2024,4,083,79,0,-0.8168938099284376
all,body_static_svm,2024,4,084,3,1,0.8243330912194117
all,body_static_svm,2024,4,090,69,0,0.8903677689928958
all,body_static_svm,2024,4,095,86,1,1.7976146392659698
all,body_static_svm,2024,4,096,17,0,-1.4858215698793666
all,body_static_svm,2024,4,104,19,0,-0.8858086829760495
all,body_static_svm,2024,4,117,7,0,-1.5910545929290842
all,body_static_svm,2024,4,120,52,0,-0.8106709019442023
all,body_static_svm,2024,4,125,42,0,-2.0744951140921133
all,body_static_svm,2024,4,129,69,1,0.673394104641313
all,body_static_svm,2024,4,134,69,1,0.714184027264496
all,body_static_svm,2024,4,137,19,0,-1.5568090382871185
all,body_static_svm,2024,4,142,44,0,-0.46274735181746174
all,body_static_svm,2024,4,148,7,0,-1.340056836124706
all,body_static_svm,2024,4,154,45,0,-0.2960485597365369
all,body_static_svm,2024,4,159,52,0,-0.5276692284240423
all,body_static_svm,2024,4,161,79,1,0.40971456792323613
all,body_static_svm,2024,4,166,19,0,-1.4403675779439609
all,body_static_svm,2024,4,171,42,0,-1.6752236029694993
all,body_static_svm,2024,4,182,79,1,0.3595756650858094
all,body_static_svm,2024,4,183,80,1,1.3399169954725227
all,body_static_svm,2024,4,187,17,0,-0.7725166232049948
all,body_static_svm,2024,4,190,44,0,-1.2722312522176438
all,body_static_svm,2024,4,200,21,0,-0.6131919220126745
all,body_static_svm,2024,4,204,27,0,-0.7206463557097076
all,body_static_svm,2024,4,206,42,0,-1.9251984193136624
all,body_static_svm,2024,4,207,3,1,0.6258348371861936
all,body_static_svm,2024,4,208,79,1,0.46011723121926706
all,body_static_svm,2024,4,213,44,1,0.6334005140270821
all,body_static_svm,2024,4,222,52,0,-0.8740848537202381
all,body_static_svm,2024,4,236,44,0,-0.04054022651156633
all,body_static_svm,2024,4,245,80,1,1.9215681561898417
all,body_static_svm,2024,4,249,17,1,1.3619925915083495
all,body_static_svm,2024,4,250,15,1,1.077539236308776
all,body_static_svm,2024,4,253,45,1,0.16728816624405948
all,body_static_svm,2024,4,254,86,1,1.3249971105850622
all,body_static_svm,2024,4,256,10,1,0.7392433918498363
all,body_static_svm,2024,4,268,21,0,-0.9767773305846078
all,body_static_svm,2024,4,269,44,0,-0.625244120605933
all,body_static_svm,2024,4,270,49,0,0.12568253226931023
all,body_dynamic_svm,42,0,001,87,0,0.30244107437413353
all,body_dynamic_svm,42,0,005,65,0,0.6437789117226445
all,body_dynamic_svm,42,0,017,8,0,-0.7108244235629566
all,body_dynamic_svm,42,0,022,34,1,-0.11800054823423112
all,body_dynamic_svm,42,0,025,81,1,0.38045561560930136
all,body_dynamic_svm,42,0,033,46,1,1.1128078192828539
all,body_dynamic_svm,42,0,040,8,0,-0.45080878756886167
all,body_dynamic_svm,42,0,044,15,1,0.9139776911153596
all,body_dynamic_svm,42,0,047,51,0,0.1336288985905873
all,body_dynamic_svm,42,0,049,87,0,0.6661428558138638
all,body_dynamic_svm,42,0,050,51,0,0.1328355877492859
all,body_dynamic_svm,42,0,052,8,0,-0.28024450532136613
all,body_dynamic_svm,42,0,055,15,1,-0.36672217637294185
all,body_dynamic_svm,42,0,057,69,1,0.20664945946393093
all,body_dynamic_svm,42,0,059,97,1,0.6338656483670302
all,body_dynamic_svm,42,0,067,34,1,-0.6247101840251892
all,body_dynamic_svm,42,0,068,22,1,-0.34832683323575425
all,body_dynamic_svm,42,0,074,81,1,-0.5220080044855995
all,body_dynamic_svm,42,0,080,25,0,-0.858132575199854
all,body_dynamic_svm,42,0,082,15,1,0.43296787002900267
all,body_dynamic_svm,42,0,087,51,0,0.6791699681482999
all,body_dynamic_svm,42,0,090,69,0,-0.6725255200840863
all,body_dynamic_svm,42,0,092,51,0,0.7305814027131821
all,body_dynamic_svm,42,0,099,97,1,0.8475354171160612
all,body_dynamic_svm,42,0,106,48,1,-0.8809077280101636
all,body_dynamic_svm,42,0,109,46,1,0.6687168643197021
all,body_dynamic_svm,42,0,110,22,1,-0.6281829164658206
all,body_dynamic_svm,42,0,117,7,0,-0.7860905462546509
all,body_dynamic_svm,42,0,123,81,1,0.6769242453873894
all,body_dynamic_svm,42,0,129,69,1,0.538328141360525
all,body_dynamic_svm,42,0,131,54,1,0.24317967757797992
all,body_dynamic_svm,42,0,133,51,0,0.4321073835708115
all,body_dynamic_svm,42,0,134,69,1,-0.3407079711578959
all,body_dynamic_svm,42,0,135,64,1,0.7335816066844452
all,body_dynamic_svm,42,0,148,7,0,-0.8687330157847346
all,body_dynamic_svm,42,0,156,5,0,-0.38703213790040447
all,body_dynamic_svm,42,0,160,51,0,0.7656488156221357
all,body_dynamic_svm,42,0,163,48,0,0.281421661283845
all,body_dynamic_svm,42,0,165,30,0,-0.7585535028629465
all,body_dynamic_svm,42,0,167,22,1,0.09719791828190044
all,body_dynamic_svm,42,0,183,80,1,0.9164353666431189
all,body_dynamic_svm,42,0,186,51,0,0.15808813101040936
all,body_dynamic_svm,42,0,189,22,1,-0.7698770380942442
all,body_dynamic_svm,42,0,191,87,0,-0.08703632425736718
all,body_dynamic_svm,42,0,194,5,0,-0.4571837822020486
all,body_dynamic_svm,42,0,202,46,0,-0.16813081223216242
all,body_dynamic_svm,42,0,209,64,0,-0.5161342416103745
all,body_dynamic_svm,42,0,211,87,0,0.2713087499176335
all,body_dynamic_svm,42,0,229,51,0,0.30580569771264526
all,body_dynamic_svm,42,0,230,34,0,0.1541189638050609
all,body_dynamic_svm,42,0,238,54,1,-0.10209453133194263
all,body_dynamic_svm,42,0,245,80,1,0.9776016110788313
all,body_dynamic_svm,42,0,250,15,1,0.6000762148773613
all,body_dynamic_svm,42,0,255,97,0,0.7831405549996131
all,body_dynamic_svm,42,0,262,14,0,0.17687459558440516
all,body_dynamic_svm,42,1,007,90,1,0.056459708998551406
all,body_dynamic_svm,42,1,011,47,1,0.05162255949534472
all,body_dynamic_svm,42,1,012,73,1,0.22529564525647167
all,body_dynamic_svm,42,1,019,82,0,-0.47456907852573127
all,body_dynamic_svm,42,1,021,70,0,-0.5855388658036766
all,body_dynamic_svm,42,1,026,86,1,0.5370318620684564
all,body_dynamic_svm,42,1,028,55,0,-0.7916036043203064
all,body_dynamic_svm,42,1,029,35,0,-0.1673155518004345
all,body_dynamic_svm,42,1,031,38,1,-0.5992220468209213
all,body_dynamic_svm,42,1,036,77,0,-0.8967924103156276
all,body_dynamic_svm,42,1,037,90,0,-0.92115256790906
all,body_dynamic_svm,42,1,046,70,1,-0.23046964111644982
all,body_dynamic_svm,42,1,056,47,1,-0.03558763561940309
all,body_dynamic_svm,42,1,061,24,1,0.635654121530455
all,body_dynamic_svm,42,1,062,55,0,-0.703409084522755
all,body_dynamic_svm,42,1,066,90,1,-0.4334944864047189
all,body_dynamic_svm,42,1,072,70,1,-0.4901175753851927
all,body_dynamic_svm,42,1,073,13,1,0.04831379318376822
all,body_dynamic_svm,42,1,075,38,1,-0.795352387279289
all,body_dynamic_svm,42,1,077,86,1,0.8424255804210661
all,body_dynamic_svm,42,1,085,18,0,-0.9094502623748806
all,body_dynamic_svm,42,1,086,18,0,-0.4856993784697026
all,body_dynamic_svm,42,1,088,82,0,-0.7117018741626104
all,body_dynamic_svm,42,1,093,73,1,-0.3124603840262214
all,body_dynamic_svm,42,1,095,86,1,-0.42480418129355807
all,body_dynamic_svm,42,1,096,17,0,-0.46860088114832305
all,body_dynamic_svm,42,1,107,35,0,-0.7989479488667627
all,body_dynamic_svm,42,1,111,77,0,-0.9722471419162053
all,body_dynamic_svm,42,1,124,37,1,0.27317322032890284
all,body_dynamic_svm,42,1,126,82,0,-0.5896770428891857
all,body_dynamic_svm,42,1,132,38,0,-0.6995252686438886
all,body_dynamic_svm,42,1,141,37,1,-0.18370043535599034
all,body_dynamic_svm,42,1,157,77,0,-0.4613386413607947
all,body_dynamic_svm,42,1,172,18,0,-0.8856538305008088
all,body_dynamic_svm,42,1,177,32,0,0.7097927579932952
all,body_dynamic_svm,42,1,179,37,0,-0.09758456735976606
all,body_dynamic_svm,42,1,180,73,1,-0.4525836956587671
all,body_dynamic_svm,42,1,187,17,0,-0.47395131388766204
all,body_dynamic_svm,42,1,192,38,0,-0.790769297822282
all,body_dynamic_svm,42,1,197,35,0,-0.7190099366834874
all,body_dynamic_svm,42,1,199,82,0,-0.4138003879086963
all,body_dynamic_svm,42,1,201,66,1,-0.6681337141056745
all,body_dynamic_svm,42,1,203,77,1,-0.24953729771097066
all,body_dynamic_svm,42,1,219,73,1,0.28629479080542414
all,body_dynamic_svm,42,1,223,38,0,-0.5948526233615267
all,body_dynamic_svm,42,1,233,37,1,0.06388843846721481
all,body_dynamic_svm,42,1,237,18,0,-0.6607957046517359
all,body_dynamic_svm,42,1,249,17,1,-0.14928303494848377
all,body_dynamic_svm,42,1,251,38,0,-0.8109753140249252
all,body_dynamic_svm,42,1,252,18,0,-1.07306615263888
all,body_dynamic_svm,42,1,254,86,1,0.7658811300629731
all,body_dynamic_svm,42,1,265,18,0,-0.9248651101303103
all,body_dynamic_svm,42,1,271,47,1,0.5852668881965664
all,body_dynamic_svm,42,2,002,78,0,-0.7089317647564641
all,body_dynamic_svm,42,2,009,2,1,0.3523542825698164
all,body_dynamic_svm,42,2,010,72,0,-0.2856352945123554
all,body_dynamic_svm,42,2,013,92,0,-0.37994946974080956
all,body_dynamic_svm,42,2,014,39,1,-0.6078240413528465
all,body_dynamic_svm,42,2,016,84,1,-0.22258744236487402
all,body_dynamic_svm,42,2,020,20,1,0.2608630340045198
all,body_dynamic_svm,42,2,024,89,0,-0.7275282335077187
all,body_dynamic_svm,42,2,032,19,0,-0.5855769036887846
all,body_dynamic_svm,42,2,034,91,1,-0.40614654464074074
all,body_dynamic_svm,42,2,048,67,0,-0.2748085759221385
all,body_dynamic_svm,42,2,053,78,0,-0.4041933707537815
all,body_dynamic_svm,42,2,063,84,1,-0.0674718834348712
all,body_dynamic_svm,42,2,083,79,0,-0.1838953217881209
all,body_dynamic_svm,42,2,089,20,1,0.32483071854222345
all,body_dynamic_svm,42,2,097,2,1,-0.03398390191112993
all,body_dynamic_svm,42,2,100,72,1,-0.5699359242366825
all,body_dynamic_svm,42,2,104,19,0,-0.5980052767976066
all,body_dynamic_svm,42,2,112,94,0,-0.752416314581463
all,body_dynamic_svm,42,2,113,78,0,-0.0780000993079914
all,body_dynamic_svm,42,2,114,92,1,0.5554084739294383
all,body_dynamic_svm,42,2,118,91,1,-0.23241732845542465
all,body_dynamic_svm,42,2,121,74,1,0.7289228463676778
all,body_dynamic_svm,42,2,136,39,0,0.7521917070267887
all,body_dynamic_svm,42,2,137,19,0,-0.5450708571099514
all,body_dynamic_svm,42,2,139,89,0,-0.6494050332069679
all,body_dynamic_svm,42,2,140,84,1,-0.3409113790032624
all,body_dynamic_svm,42,2,144,63,1,0.252701762893757
all,body_dynamic_svm,42,2,146,78,0,-0.11864509084509095
all,body_dynamic_svm,42,2,147,72,0,-0.4486296157840567
all,body_dynamic_svm,42,2,158,74,1,0.7065060107426959
all,body_dynamic_svm,42,2,161,79,1,0.6638535732012236
all,body_dynamic_svm,42,2,166,19,0,-0.33376498417180145
all,body_dynamic_svm,42,2,169,39,1,0.6758798876617813
all,body_dynamic_svm,42,2,173,89,0,-0.4536223690306272
all,body_dynamic_svm,42,2,175,74,1,0.7468455102673219
all,body_dynamic_svm,42,2,182,79,1,0.008850018578937524
all,body_dynamic_svm,42,2,195,94,0,-0.8362385813480535
all,body_dynamic_svm,42,2,196,67,0,-0.8591335058466372
all,body_dynamic_svm,42,2,200,21,0,-0.6659562402138476
all,body_dynamic_svm,42,2,205,95,0,-0.9616739648342548
all,body_dynamic_svm,42,2,208,79,1,0.9016038644066195
all,body_dynamic_svm,42,2,210,20,1,0.25299598286119707
all,body_dynamic_svm,42,2,214,92,0,0.18436239299662072
all,body_dynamic_svm,42,2,221,72,1,0.5734353146017362
all,body_dynamic_svm,42,2,224,59,1,0.46961090697901564
all,body_dynamic_svm,42,2,225,67,0,-0.9342688457673384
all,body_dynamic_svm,42,2,227,78,0,-0.445245869519953
all,body_dynamic_svm,42,2,232,74,1,0.9666558442303719
all,body_dynamic_svm,42,2,234,39,0,0.6146008153347965
all,body_dynamic_svm,42,2,235,89,0,0.039699550075393
all,body_dynamic_svm,42,2,240,72,0,0.5462028469820029
all,body_dynamic_svm,42,2,261,74,1,1.083779739454438
all,body_dynamic_svm,42,2,268,21,0,-0.23590759097918046
all,body_dynamic_svm,42,2,272,33,1,0.8170787212023505
all,body_dynamic_svm,42,3,006,49,1,0.8254499268390373
all,body_dynamic_svm,42,3,008,28,0,0.02941329802810444
all,body_dynamic_svm,42,3,023,44,0,0.6957564305676937
all,body_dynamic_svm,42,3,027,85,1,-0.23997238582382832
all,body_dynamic_svm,42,3,030,57,1,-0.824720806891667
all,body_dynamic_svm,42,3,039,40,0,-0.8464996206744007
all,body_dynamic_svm,42,3,041,26,1,-0.7074281665907765
all,body_dynamic_svm,42,3,042,23,0,-0.47523012796031083
all,body_dynamic_svm,42,3,045,49,1,-0.6171383183043004
all,body_dynamic_svm,42,3,051,28,0,-0.4759759564519065
all,body_dynamic_svm,42,3,058,50,0,-0.03943329476618712
all,body_dynamic_svm,42,3,060,44,0,0.5245684965614074
all,body_dynamic_svm,42,3,065,41,1,-0.4884728665585246
all,body_dynamic_svm,42,3,071,23,1,0.7922849476263135
all,body_dynamic_svm,42,3,076,4,1,-0.49398768008377947
all,body_dynamic_svm,42,3,078,93,0,-0.3607430039107759
all,body_dynamic_svm,42,3,081,40,0,-0.8350751956462582
all,body_dynamic_svm,42,3,091,96,1,-0.7213566722358484
all,body_dynamic_svm,42,3,094,93,1,-0.6680317199181297
all,body_dynamic_svm,42,3,098,4,1,0.608698040969284
all,body_dynamic_svm,42,3,102,76,1,0.47634962959017
all,body_dynamic_svm,42,3,115,41,1,-0.4993655600751971
all,body_dynamic_svm,42,3,116,85,0,0.1823392222565804
all,body_dynamic_svm,42,3,119,40,0,-0.6479083487962828
all,body_dynamic_svm,42,3,128,96,1,0.2697752309033593
all,body_dynamic_svm,42,3,142,44,0,-0.2056047667158894
all,body_dynamic_svm,42,3,143,28,0,0.3085940657087405
all,body_dynamic_svm,42,3,149,40,0,0.500001646074205
all,body_dynamic_svm,42,3,150,29,0,-0.20210056101512758
all,body_dynamic_svm,42,3,151,85,1,0.3731211400794531
all,body_dynamic_svm,42,3,152,58,1,0.2657766270276174
all,body_dynamic_svm,42,3,162,23,0,0.10964305544617547
all,body_dynamic_svm,42,3,168,4,1,0.26236699112359807
all,body_dynamic_svm,42,3,176,41,0,0.028797069385739782
all,body_dynamic_svm,42,3,178,76,1,0.4971549468418268
all,body_dynamic_svm,42,3,188,85,0,-0.4467742864784842
all,body_dynamic_svm,42,3,190,44,0,0.4186746928977687
all,body_dynamic_svm,42,3,198,93,0,-0.2715660611990518
all,body_dynamic_svm,42,3,213,44,1,0.6496217944189627
all,body_dynamic_svm,42,3,215,50,0,0.25616378798153716
all,body_dynamic_svm,42,3,217,76,1,0.8285256597267164
all,body_dynamic_svm,42,3,226,41,1,-0.6821299392985295
all,body_dynamic_svm,42,3,236,44,0,1.0391221921242533
all,body_dynamic_svm,42,3,241,29,0,0.04073106345946431
all,body_dynamic_svm,42,3,242,76,1,-0.06922437232186834
all,body_dynamic_svm,42,3,243,85,1,0.5716630281349891
all,body_dynamic_svm,42,3,246,50,0,-0.20037677332464693
all,body_dynamic_svm,42,3,258,85,1,0.3516877968125781
all,body_dynamic_svm,42,3,260,60,0,-0.5138444883332629
all,body_dynamic_svm,42,3,263,76,1,1.0789519857147885
all,body_dynamic_svm,42,3,264,31,0,-0.7125890920178759
all,body_dynamic_svm,42,3,269,44,0,-0.4290272780634746
all,body_dynamic_svm,42,3,270,49,0,-0.522992972754363
all,body_dynamic_svm,42,4,003,1,0,-0.5880167725230595
all,body_dynamic_svm,42,4,004,45,1,-0.06417685442305326
all,body_dynamic_svm,42,4,015,75,1,-0.5410026928114944
all,body_dynamic_svm,42,4,018,9,1,0.19814910340459269
all,body_dynamic_svm,42,4,035,83,1,-0.34162038883253465
all,body_dynamic_svm,42,4,038,43,1,-0.9313241995862309
all,body_dynamic_svm,42,4,043,9,1,0.371298092454736
all,body_dynamic_svm,42,4,054,16,1,-0.7352449971088968
all,body_dynamic_svm,42,4,064,88,0,-0.8877709012243306
all,body_dynamic_svm,42,4,069,1,0,-0.15106982688396692
all,body_dynamic_svm,42,4,070,75,1,-0.47257085366934787
all,body_dynamic_svm,42,4,079,43,1,0.5181861333705501
all,body_dynamic_svm,42,4,084,3,1,0.03221442038785588
all,body_dynamic_svm,42,4,101,36,0,-0.49141882670479764
all,body_dynamic_svm,42,4,103,6,0,-0.408968776593077
all,body_dynamic_svm,42,4,105,16,1,-0.5031283679365681
all,body_dynamic_svm,42,4,108,61,0,-0.886813704126434
all,body_dynamic_svm,42,4,120,52,0,-0.6250584453047787
all,body_dynamic_svm,42,4,122,71,0,-0.8927729941309279
all,body_dynamic_svm,42,4,125,42,0,-0.9618385680842949
all,body_dynamic_svm,42,4,127,75,1,0.6268424501177715
all,body_dynamic_svm,42,4,130,88,0,-0.7031706764077923
all,body_dynamic_svm,42,4,138,75,1,0.08905536788648521
all,body_dynamic_svm,42,4,145,36,0,-0.67431086284401
all,body_dynamic_svm,42,4,153,83,1,-0.45304685358101854
all,body_dynamic_svm,42,4,154,45,0,-0.14070489655253676
all,body_dynamic_svm,42,4,155,68,1,0.14039640393683905
all,body_dynamic_svm,42,4,159,52,0,-0.717354244958072
all,body_dynamic_svm,42,4,164,53,0,-0.8096686891808126
all,body_dynamic_svm,42,4,170,53,0,-0.6259576847987908
all,body_dynamic_svm,42,4,171,42,0,-0.9310808665361425
all,body_dynamic_svm,42,4,174,1,0,-0.6783247422267258
all,body_dynamic_svm,42,4,181,6,0,-0.8975263237011297
all,body_dynamic_svm,42,4,184,68,0,0.3104558342368071
all,body_dynamic_svm,42,4,185,71,0,-0.8342416913043142
all,body_dynamic_svm,42,4,193,56,1,0.10319051014097891
all,body_dynamic_svm,42,4,204,27,0,-0.8462590164863046
all,body_dynamic_svm,42,4,206,42,0,-0.1307213875910579
all,body_dynamic_svm,42,4,207,3,1,0.6967086639551597
all,body_dynamic_svm,42,4,212,12,0,0.21578824573122468
all,body_dynamic_svm,42,4,216,36,1,-0.33671895981860345
all,body_dynamic_svm,42,4,218,56,1,0.5513302458016581
all,body_dynamic_svm,42,4,220,88,0,-1.0421566041640613
all,body_dynamic_svm,42,4,222,52,0,-0.6764813788363904
all,body_dynamic_svm,42,4,228,43,1,0.8708937272474694
all,body_dynamic_svm,42,4,231,11,0,-0.23533870019226144
all,body_dynamic_svm,42,4,239,1,0,-0.16776270370859075
all,body_dynamic_svm,42,4,244,75,1,0.8606779078660857
all,body_dynamic_svm,42,4,247,88,0,-0.7762587891483947
all,body_dynamic_svm,42,4,248,36,1,0.13689382950988205
all,body_dynamic_svm,42,4,253,45,1,-0.5271826847615033
all,body_dynamic_svm,42,4,256,10,1,0.4006157748109186
all,body_dynamic_svm,42,4,257,83,1,0.26871028583276113
all,body_dynamic_svm,42,4,259,62,1,0.17721097977123146
all,body_dynamic_svm,42,4,266,88,0,-0.7988673905984294
all,body_dynamic_svm,42,4,267,98,1,-0.6907091764799802
all,body_dynamic_svm,123,0,012,73,1,0.4793256156101354
all,body_dynamic_svm,123,0,025,81,1,0.3032311551825577
all,body_dynamic_svm,123,0,033,46,1,1.137811519935776
all,body_dynamic_svm,123,0,039,40,0,-0.8193848290751361
all,body_dynamic_svm,123,0,041,26,1,-0.6220614167758733
all,body_dynamic_svm,123,0,047,51,0,0.15157651022790763
all,body_dynamic_svm,123,0,050,51,0,0.027999209708253314
all,body_dynamic_svm,123,0,058,50,0,-0.09391967325163408
all,body_dynamic_svm,123,0,059,97,1,0.600404841339737
all,body_dynamic_svm,123,0,068,22,1,-0.37808994895892983
all,body_dynamic_svm,123,0,074,81,1,-0.5450399258994729
all,body_dynamic_svm,123,0,081,40,0,-0.8289245799753275
all,body_dynamic_svm,123,0,083,79,0,-0.14186464552786615
all,body_dynamic_svm,123,0,087,51,0,0.7127520694074069
all,body_dynamic_svm,123,0,092,51,0,0.7585498530066831
all,body_dynamic_svm,123,0,093,73,1,-0.13820901103901362
all,body_dynamic_svm,123,0,096,17,0,-0.23932759875206952
all,body_dynamic_svm,123,0,099,97,1,0.8221801211892495
all,body_dynamic_svm,123,0,101,36,0,-0.5062913115506207
all,body_dynamic_svm,123,0,103,6,0,-0.44177839400532365
all,body_dynamic_svm,123,0,109,46,1,0.6526174092355382
all,body_dynamic_svm,123,0,110,22,1,-0.6241634063075544
all,body_dynamic_svm,123,0,112,94,0,-0.6589326462864502
all,body_dynamic_svm,123,0,119,40,0,-0.6371750240947892
all,body_dynamic_svm,123,0,123,81,1,0.6555795891123714
all,body_dynamic_svm,123,0,124,37,1,0.5546638398305452
all,body_dynamic_svm,123,0,133,51,0,0.4411481265517899
all,body_dynamic_svm,123,0,141,37,1,-0.09730811677852436
all,body_dynamic_svm,123,0,145,36,0,-0.6096139434691668
all,body_dynamic_svm,123,0,149,40,0,0.500644215910481
all,body_dynamic_svm,123,0,160,51,0,0.7297170391965414
all,body_dynamic_svm,123,0,161,79,1,0.7078963488705191
all,body_dynamic_svm,123,0,167,22,1,0.13187458496421323
all,body_dynamic_svm,123,0,177,32,0,0.9976234326121657
all,body_dynamic_svm,123,0,179,37,0,0.21858610298300885
all,body_dynamic_svm,123,0,180,73,1,-0.30911396852203443
all,body_dynamic_svm,123,0,181,6,0,-0.6361796170538252
all,body_dynamic_svm,123,0,182,79,1,-0.08246429387800047
all,body_dynamic_svm,123,0,186,51,0,0.19423848994361337
all,body_dynamic_svm,123,0,187,17,0,-0.3730401838961726
all,body_dynamic_svm,123,0,189,22,1,-0.7766614692785914
all,body_dynamic_svm,123,0,195,94,0,-0.9033904674832497
all,body_dynamic_svm,123,0,202,46,0,-0.21162741211696023
all,body_dynamic_svm,123,0,208,79,1,0.9675899843995522
all,body_dynamic_svm,123,0,215,50,0,0.33868209011515615
all,body_dynamic_svm,123,0,216,36,1,-0.1742837520917615
all,body_dynamic_svm,123,0,219,73,1,0.4884422611061334
all,body_dynamic_svm,123,0,229,51,0,0.369390823666347
all,body_dynamic_svm,123,0,231,11,0,-0.13080742383729405
all,body_dynamic_svm,123,0,233,37,1,0.3069733627059851
all,body_dynamic_svm,123,0,246,50,0,-0.12667469709720502
all,body_dynamic_svm,123,0,248,36,1,0.36882149375345874
all,body_dynamic_svm,123,0,249,17,1,-0.050307598179150426
all,body_dynamic_svm,123,0,255,97,0,0.781906305731335
all,body_dynamic_svm,123,1,009,2,1,0.4749896361883947
all,body_dynamic_svm,123,1,016,84,1,0.10746145156088295
all,body_dynamic_svm,123,1,020,20,1,0.4490794348244493
all,body_dynamic_svm,123,1,021,70,0,-0.04948632869973747
all,body_dynamic_svm,123,1,022,34,1,0.14286850967281461
all,body_dynamic_svm,123,1,032,19,0,0.32729880361210495
all,body_dynamic_svm,123,1,046,70,1,-0.0813717454033988
all,body_dynamic_svm,123,1,048,67,0,-0.3758613757003418
all,body_dynamic_svm,123,1,061,24,1,1.4813598134785635
all,body_dynamic_svm,123,1,063,84,1,-0.06928943157570888
all,body_dynamic_svm,123,1,065,41,1,-0.09717806463545363
all,body_dynamic_svm,123,1,067,34,1,-0.62314001072275
all,body_dynamic_svm,123,1,072,70,1,-0.19210282029042813
all,body_dynamic_svm,123,1,078,93,0,-0.39769449854236455
all,body_dynamic_svm,123,1,085,18,0,-0.2958188567199485
all,body_dynamic_svm,123,1,086,18,0,-0.08415560532680588
all,body_dynamic_svm,123,1,089,20,1,-0.20245389119327722
all,body_dynamic_svm,123,1,094,93,1,-0.3442598128699157
all,body_dynamic_svm,123,1,097,2,1,0.23354202043260908
all,body_dynamic_svm,123,1,102,76,1,0.5189736820649004
all,body_dynamic_svm,123,1,104,19,0,-0.5711299121667012
all,body_dynamic_svm,123,1,115,41,1,-0.4943922009720986
all,body_dynamic_svm,123,1,125,42,0,-0.2669677674116951
all,body_dynamic_svm,123,1,137,19,0,-0.23706126172361108
all,body_dynamic_svm,123,1,140,84,1,-0.3481269711877411
all,body_dynamic_svm,123,1,156,5,0,-0.2756718268574885
all,body_dynamic_svm,123,1,164,53,0,-0.7164120905052088
all,body_dynamic_svm,123,1,165,30,0,-0.4912683567526832
all,body_dynamic_svm,123,1,166,19,0,-0.2080903822923627
all,body_dynamic_svm,123,1,170,53,0,-0.7925926653117281
all,body_dynamic_svm,123,1,171,42,0,-1.181563424880176
all,body_dynamic_svm,123,1,172,18,0,-0.41514861336325426
all,body_dynamic_svm,123,1,176,41,0,-0.4609331400046915
all,body_dynamic_svm,123,1,178,76,1,0.10188413596367131
all,body_dynamic_svm,123,1,183,80,1,0.7954986789490996
all,body_dynamic_svm,123,1,194,5,0,-0.035274857072902135
all,body_dynamic_svm,123,1,196,67,0,-0.4381902407945765
all,body_dynamic_svm,123,1,198,93,0,-0.1924513322176472
all,body_dynamic_svm,123,1,206,42,0,-0.3590822863497887
all,body_dynamic_svm,123,1,210,20,1,-0.3381464495131825
all,body_dynamic_svm,123,1,212,12,0,-0.41175334369300326
all,body_dynamic_svm,123,1,217,76,1,1.1830610329128075
all,body_dynamic_svm,123,1,224,59,1,0.1717003795812615
all,body_dynamic_svm,123,1,225,67,0,-0.516967529576867
all,body_dynamic_svm,123,1,226,41,1,-0.2445008073054762
all,body_dynamic_svm,123,1,230,34,0,0.19665789078334983
all,body_dynamic_svm,123,1,237,18,0,0.585166577313948
all,body_dynamic_svm,123,1,242,76,1,0.03300491213192701
all,body_dynamic_svm,123,1,245,80,1,0.9665225094972135
all,body_dynamic_svm,123,1,252,18,0,-0.3650773569788877
all,body_dynamic_svm,123,1,256,10,1,0.07862158679030624
all,body_dynamic_svm,123,1,259,62,1,0.39074208726844467
all,body_dynamic_svm,123,1,260,60,0,-0.19508620344480992
all,body_dynamic_svm,123,1,263,76,1,0.8221230654254
all,body_dynamic_svm,123,1,265,18,0,0.21256152933723166
all,body_dynamic_svm,123,2,008,28,0,0.3924991898275701
all,body_dynamic_svm,123,2,010,72,0,-0.6678723020879546
all,body_dynamic_svm,123,2,014,39,1,-0.7209372981836211
all,body_dynamic_svm,123,2,023,44,0,0.7760900599910314
all,body_dynamic_svm,123,2,024,89,0,-0.8423636994060388
all,body_dynamic_svm,123,2,034,91,1,0.07103666100767253
all,body_dynamic_svm,123,2,035,83,1,-0.2430357452564298
all,body_dynamic_svm,123,2,044,15,1,1.2351056889261245
all,body_dynamic_svm,123,2,051,28,0,-0.20517335906104295
all,body_dynamic_svm,123,2,055,15,1,-0.7221671219444454
all,body_dynamic_svm,123,2,060,44,0,0.5203647967559257
all,body_dynamic_svm,123,2,073,13,1,0.4996945054901622
all,body_dynamic_svm,123,2,076,4,1,-0.02253749887494036
all,body_dynamic_svm,123,2,082,15,1,0.29923535834521103
all,body_dynamic_svm,123,2,098,4,1,0.635456735848229
all,body_dynamic_svm,123,2,100,72,1,-0.8831013614078635
all,body_dynamic_svm,123,2,106,48,1,-1.272703813660598
all,body_dynamic_svm,123,2,117,7,0,-0.8694092277510219
all,body_dynamic_svm,123,2,118,91,1,-0.16533466124487822
all,body_dynamic_svm,123,2,120,52,0,-0.5587168680718301
all,body_dynamic_svm,123,2,131,54,1,0.5321460644911173
all,body_dynamic_svm,123,2,136,39,0,1.6948988110077703
all,body_dynamic_svm,123,2,139,89,0,-0.7989719068215515
all,body_dynamic_svm,123,2,142,44,0,0.09135602040285556
all,body_dynamic_svm,123,2,143,28,0,-0.042003079502940355
all,body_dynamic_svm,123,2,147,72,0,-0.3733512902059254
all,body_dynamic_svm,123,2,148,7,0,-0.9693396248948645
all,body_dynamic_svm,123,2,150,29,0,0.6022309767179261
all,body_dynamic_svm,123,2,152,58,1,0.1789175207831541
all,body_dynamic_svm,123,2,153,83,1,-0.3649934995913531
all,body_dynamic_svm,123,2,159,52,0,-0.813701033725647
all,body_dynamic_svm,123,2,163,48,0,0.42497594406508227
all,body_dynamic_svm,123,2,168,4,1,0.535199107893473
all,body_dynamic_svm,123,2,169,39,1,0.6344329362207966
all,body_dynamic_svm,123,2,173,89,0,-0.9395930525063927
all,body_dynamic_svm,123,2,190,44,0,0.32449797215773607
all,body_dynamic_svm,123,2,193,56,1,0.3851641650608358
all,body_dynamic_svm,123,2,200,21,0,-1.1067756007769713
all,body_dynamic_svm,123,2,201,66,1,-0.8523095219012204
all,body_dynamic_svm,123,2,204,27,0,-1.0168222564214129
all,body_dynamic_svm,123,2,205,95,0,-0.9967157389947454
all,body_dynamic_svm,123,2,213,44,1,0.8760404207477162
all,body_dynamic_svm,123,2,218,56,1,1.027953861963788
all,body_dynamic_svm,123,2,221,72,1,0.7537100152677265
all,body_dynamic_svm,123,2,222,52,0,-1.2132004050078984
all,body_dynamic_svm,123,2,234,39,0,1.3961627718164495
all,body_dynamic_svm,123,2,235,89,0,-0.3526990458038011
all,body_dynamic_svm,123,2,236,44,0,1.5737318784251397
all,body_dynamic_svm,123,2,238,54,1,0.22759626441334097
all,body_dynamic_svm,123,2,240,72,0,1.208877216060886
all,body_dynamic_svm,123,2,241,29,0,-0.16093433552909375
all,body_dynamic_svm,123,2,250,15,1,0.5401265803547217
all,body_dynamic_svm,123,2,257,83,1,0.48680093042756584
all,body_dynamic_svm,123,2,268,21,0,-0.49218728522850713
all,body_dynamic_svm,123,2,269,44,0,0.1177811742264856
all,body_dynamic_svm,123,2,272,33,1,1.10814858709736
all,body_dynamic_svm,123,3,002,78,0,-0.6994480871410464
all,body_dynamic_svm,123,3,003,1,0,-0.36090502829417603
all,body_dynamic_svm,123,3,006,49,1,0.7403518822562986
all,body_dynamic_svm,123,3,007,90,1,0.3127812588428013
all,body_dynamic_svm,123,3,011,47,1,0.28341414079621174
all,body_dynamic_svm,123,3,013,92,0,-0.2615224818554148
all,body_dynamic_svm,123,3,018,9,1,0.18725549683947018
all,body_dynamic_svm,123,3,019,82,0,-0.45963687590517954
all,body_dynamic_svm,123,3,028,55,0,-0.645308995377526
all,body_dynamic_svm,123,3,030,57,1,-0.8202582422861413
all,body_dynamic_svm,123,3,031,38,1,-0.5235566965886967
all,body_dynamic_svm,123,3,037,90,0,-0.6674825461506284
all,body_dynamic_svm,123,3,038,43,1,-0.7403101595359848
all,body_dynamic_svm,123,3,043,9,1,0.30282671421659046
all,body_dynamic_svm,123,3,045,49,1,-0.5657653962785774
all,body_dynamic_svm,123,3,053,78,0,-0.36445880976472556
all,body_dynamic_svm,123,3,056,47,1,0.1543176740382114
all,body_dynamic_svm,123,3,062,55,0,-0.44593985440943495
all,body_dynamic_svm,123,3,066,90,1,-0.25943179932027216
all,body_dynamic_svm,123,3,069,1,0,0.011351722957823496
all,body_dynamic_svm,123,3,075,38,1,-0.7525573491146003
all,body_dynamic_svm,123,3,079,43,1,0.6098096500685547
all,body_dynamic_svm,123,3,084,3,1,0.20660623759622632
all,body_dynamic_svm,123,3,088,82,0,-0.5191210582297713
all,body_dynamic_svm,123,3,108,61,0,-0.7859068220170145
all,body_dynamic_svm,123,3,113,78,0,0.08089626657242438
all,body_dynamic_svm,123,3,114,92,1,0.5256264405384654
all,body_dynamic_svm,123,3,121,74,1,0.6133482078305326
all,body_dynamic_svm,123,3,122,71,0,-0.817799586271289
all,body_dynamic_svm,123,3,126,82,0,-0.4787545399817388
all,body_dynamic_svm,123,3,132,38,0,-0.6668858478745259
all,body_dynamic_svm,123,3,135,64,1,0.5873796433140606
all,body_dynamic_svm,123,3,144,63,1,0.31950452505608795
all,body_dynamic_svm,123,3,146,78,0,-0.019671022666153393
all,body_dynamic_svm,123,3,158,74,1,0.7354212093987512
all,body_dynamic_svm,123,3,174,1,0,-0.44596304409981014
all,body_dynamic_svm,123,3,175,74,1,0.7245984956459225
all,body_dynamic_svm,123,3,185,71,0,-0.7814830605371605
all,body_dynamic_svm,123,3,192,38,0,-0.7682015008089411
all,body_dynamic_svm,123,3,199,82,0,-0.38564921725589335
all,body_dynamic_svm,123,3,207,3,1,0.5736928836319355
all,body_dynamic_svm,123,3,209,64,0,-0.4252797189110218
all,body_dynamic_svm,123,3,214,92,0,0.3052248110035919
all,body_dynamic_svm,123,3,223,38,0,-0.4659233372406346
all,body_dynamic_svm,123,3,227,78,0,-0.23270025283178192
all,body_dynamic_svm,123,3,228,43,1,0.8808035646103206
all,body_dynamic_svm,123,3,232,74,1,0.8608877935423912
all,body_dynamic_svm,123,3,239,1,0,0.09007771322336161
all,body_dynamic_svm,123,3,251,38,0,-0.6212465235829909
all,body_dynamic_svm,123,3,261,74,1,1.0427774710593027
all,body_dynamic_svm,123,3,262,14,0,-0.016483770807358744
all,body_dynamic_svm,123,3,270,49,0,-0.45751759945270587
all,body_dynamic_svm,123,3,271,47,1,0.6547178591181947
all,body_dynamic_svm,123,4,001,87,0,0.03887612373503457
all,body_dynamic_svm,123,4,004,45,1,-0.03977303169105745
all,body_dynamic_svm,123,4,005,65,0,0.42011452298429514
all,body_dynamic_svm,123,4,015,75,1,-0.5900484408305249
all,body_dynamic_svm,123,4,017,8,0,-0.8269624196488622
all,body_dynamic_svm,123,4,026,86,1,0.5970164366617545
all,body_dynamic_svm,123,4,027,85,1,-0.24923146037375438
all,body_dynamic_svm,123,4,029,35,0,-0.0468129215041318
all,body_dynamic_svm,123,4,036,77,0,-0.9605621185882964
all,body_dynamic_svm,123,4,040,8,0,-0.6145569786184168
all,body_dynamic_svm,123,4,042,23,0,-0.5657076798790801
all,body_dynamic_svm,123,4,049,87,0,0.4416653830860769
all,body_dynamic_svm,123,4,052,8,0,-0.3939253106596581
all,body_dynamic_svm,123,4,054,16,1,-0.7555076356664672
all,body_dynamic_svm,123,4,057,69,1,-0.027059945800887608
all,body_dynamic_svm,123,4,064,88,0,-0.919344991671697
all,body_dynamic_svm,123,4,070,75,1,-0.4516569963024943
all,body_dynamic_svm,123,4,071,23,1,0.5457720373851247
all,body_dynamic_svm,123,4,077,86,1,0.8835035999604794
all,body_dynamic_svm,123,4,080,25,0,-0.867735763109668
all,body_dynamic_svm,123,4,090,69,0,-0.7181462986153349
all,body_dynamic_svm,123,4,091,96,1,-0.7208903728502839
all,body_dynamic_svm,123,4,095,86,1,-0.31768151088300645
all,body_dynamic_svm,123,4,105,16,1,-0.45414990703789254
all,body_dynamic_svm,123,4,107,35,0,-0.828824505251173
all,body_dynamic_svm,123,4,111,77,0,-0.9892437764846587
all,body_dynamic_svm,123,4,116,85,0,0.0340240749327792
all,body_dynamic_svm,123,4,127,75,1,0.5716283373500348
all,body_dynamic_svm,123,4,128,96,1,0.3073142818111437
all,body_dynamic_svm,123,4,129,69,1,0.35241916910399457
all,body_dynamic_svm,123,4,130,88,0,-0.7697252580516714
all,body_dynamic_svm,123,4,134,69,1,-0.4812306581321234
all,body_dynamic_svm,123,4,138,75,1,0.11603765422329243
all,body_dynamic_svm,123,4,151,85,1,0.21757781666621517
all,body_dynamic_svm,123,4,154,45,0,-0.24192528755041007
all,body_dynamic_svm,123,4,155,68,1,0.1422730302341047
all,body_dynamic_svm,123,4,157,77,0,-0.5114752273303151
all,body_dynamic_svm,123,4,162,23,0,-0.10792741999500127
all,body_dynamic_svm,123,4,184,68,0,0.2550004606836532
all,body_dynamic_svm,123,4,188,85,0,-0.6329460231123092
all,body_dynamic_svm,123,4,191,87,0,-0.2663191194263197
all,body_dynamic_svm,123,4,197,35,0,-0.7425229987623099
all,body_dynamic_svm,123,4,203,77,1,-0.1225408146276129
all,body_dynamic_svm,123,4,211,87,0,0.003870307078663815
all,body_dynamic_svm,123,4,220,88,0,-1.066764539295136
all,body_dynamic_svm,123,4,243,85,1,0.37452165711552216
all,body_dynamic_svm,123,4,244,75,1,0.9164963005760369
all,body_dynamic_svm,123,4,247,88,0,-0.8066170643693452
all,body_dynamic_svm,123,4,253,45,1,-0.527982146900904
all,body_dynamic_svm,123,4,254,86,1,0.799767818716272
all,body_dynamic_svm,123,4,258,85,1,0.17347877748207047
all,body_dynamic_svm,123,4,264,31,0,-0.8585251097174775
all,body_dynamic_svm,123,4,266,88,0,-0.8473765349264839
all,body_dynamic_svm,123,4,267,98,1,-0.6194123962299684
all,body_dynamic_svm,456,0,006,49,1,0.8431774820209619
all,body_dynamic_svm,456,0,009,2,1,0.2952274893176093
all,body_dynamic_svm,456,0,014,39,1,-0.7210478972763619
all,body_dynamic_svm,456,0,025,81,1,0.327030630397423
all,body_dynamic_svm,456,0,026,86,1,0.7368994545834278
all,body_dynamic_svm,456,0,032,19,0,-0.6507548416748832
all,body_dynamic_svm,456,0,034,91,1,-0.3662772557920302
all,body_dynamic_svm,456,0,045,49,1,-0.5622243176308002
all,body_dynamic_svm,456,0,047,51,0,0.11347882498161682
all,body_dynamic_svm,456,0,048,67,0,-0.22619062191047012
all,body_dynamic_svm,456,0,050,51,0,-0.07030617455761973
all,body_dynamic_svm,456,0,054,16,1,-0.7775301768062446
all,body_dynamic_svm,456,0,059,97,1,0.5795172751866726
all,body_dynamic_svm,456,0,068,22,1,-0.32603568772139535
all,body_dynamic_svm,456,0,074,81,1,-0.5374046285205871
all,body_dynamic_svm,456,0,077,86,1,1.0090390656478077
all,body_dynamic_svm,456,0,078,93,0,-0.3673215788184166
all,body_dynamic_svm,456,0,084,3,1,0.303879118959758
all,body_dynamic_svm,456,0,087,51,0,0.6942861229209902
all,body_dynamic_svm,456,0,092,51,0,0.7186278393256955
all,body_dynamic_svm,456,0,094,93,1,-0.7003301141746611
all,body_dynamic_svm,456,0,095,86,1,-0.291646455461388
all,body_dynamic_svm,456,0,097,2,1,0.02367160302283694
all,body_dynamic_svm,456,0,099,97,1,0.7862808971634276
all,body_dynamic_svm,456,0,104,19,0,-0.7701649410427859
all,body_dynamic_svm,456,0,105,16,1,-0.3899496408191263
all,body_dynamic_svm,456,0,110,22,1,-0.6581941518169825
all,body_dynamic_svm,456,0,117,7,0,-0.8150436598563693
all,body_dynamic_svm,456,0,118,91,1,-0.18779272377415343
all,body_dynamic_svm,456,0,122,71,0,-0.9185704264654074
all,body_dynamic_svm,456,0,123,81,1,0.6294496486728447
all,body_dynamic_svm,456,0,133,51,0,0.3446525997450121
all,body_dynamic_svm,456,0,136,39,0,0.8876695372619545
all,body_dynamic_svm,456,0,137,19,0,-0.6842228514185771
all,body_dynamic_svm,456,0,148,7,0,-0.8691019248420315
all,body_dynamic_svm,456,0,160,51,0,0.7122287786168042
all,body_dynamic_svm,456,0,166,19,0,-0.31192185326858324
all,body_dynamic_svm,456,0,167,22,1,0.026722247480916672
all,body_dynamic_svm,456,0,169,39,1,0.8687523305315832
all,body_dynamic_svm,456,0,185,71,0,-0.8608294430363214
all,body_dynamic_svm,456,0,186,51,0,0.14089093394532276
all,body_dynamic_svm,456,0,189,22,1,-0.8192805740854334
all,body_dynamic_svm,456,0,196,67,0,-0.8811783371090772
all,body_dynamic_svm,456,0,198,93,0,-0.3636082908310422
all,body_dynamic_svm,456,0,200,21,0,-0.6797824929767359
all,body_dynamic_svm,456,0,207,3,1,0.7356302923192726
all,body_dynamic_svm,456,0,225,67,0,-0.8915675671145515
all,body_dynamic_svm,456,0,229,51,0,0.3511287232860974
all,body_dynamic_svm,456,0,231,11,0,-0.10521021464655539
all,body_dynamic_svm,456,0,234,39,0,0.727741681587829
all,body_dynamic_svm,456,0,254,86,1,0.8434672830407299
all,body_dynamic_svm,456,0,255,97,0,0.7267563233909176
all,body_dynamic_svm,456,0,267,98,1,-0.5361509767109742
all,body_dynamic_svm,456,0,268,21,0,-0.1741135852443475
all,body_dynamic_svm,456,0,270,49,0,-0.636566890208206
all,body_dynamic_svm,456,1,005,65,0,0.4392521441072296
all,body_dynamic_svm,456,1,011,47,1,0.15441460554221637
all,body_dynamic_svm,456,1,015,75,1,-0.5857649032268347
all,body_dynamic_svm,456,1,016,84,1,-0.19575081225569144
all,body_dynamic_svm,456,1,019,82,0,-0.43487754300780895
all,body_dynamic_svm,456,1,022,34,1,-0.22604949103959113
all,body_dynamic_svm,456,1,031,38,1,-0.546317881758184
all,body_dynamic_svm,456,1,033,46,1,0.9773766544182587
all,body_dynamic_svm,456,1,056,47,1,0.07897026206256746
all,body_dynamic_svm,456,1,058,50,0,-0.2280283719851284
all,body_dynamic_svm,456,1,063,84,1,-0.2744939633184354
all,body_dynamic_svm,456,1,067,34,1,-0.6614996156358042
all,body_dynamic_svm,456,1,070,75,1,-0.43964280429700087
all,body_dynamic_svm,456,1,075,38,1,-0.7474910890527726
all,body_dynamic_svm,456,1,083,79,0,-0.32320824277878957
all,body_dynamic_svm,456,1,085,18,0,-0.8843456480312564
all,body_dynamic_svm,456,1,086,18,0,-0.4527566823407135
all,body_dynamic_svm,456,1,088,82,0,-0.6203610211471102
all,body_dynamic_svm,456,1,096,17,0,-0.4027701314533618
all,body_dynamic_svm,456,1,109,46,1,0.6814736080558377
all,body_dynamic_svm,456,1,120,52,0,-0.5988054317694662
all,body_dynamic_svm,456,1,126,82,0,-0.5243791680819344
all,body_dynamic_svm,456,1,127,75,1,0.5969872712344324
all,body_dynamic_svm,456,1,132,38,0,-0.6670773878935857
all,body_dynamic_svm,456,1,138,75,1,0.1887063811583533
all,body_dynamic_svm,456,1,140,84,1,-0.36537859439323006
all,body_dynamic_svm,456,1,144,63,1,0.188354306047893
all,body_dynamic_svm,456,1,152,58,1,0.2999825689533559
all,body_dynamic_svm,456,1,159,52,0,-0.701887545383495
all,body_dynamic_svm,456,1,161,79,1,0.5170425612151677
all,body_dynamic_svm,456,1,165,30,0,-0.7086548108112964
all,body_dynamic_svm,456,1,172,18,0,-0.8743284185704399
all,body_dynamic_svm,456,1,182,79,1,-0.12873238092806247
all,body_dynamic_svm,456,1,183,80,1,0.7986257645390209
all,body_dynamic_svm,456,1,187,17,0,-0.4109907124089033
all,body_dynamic_svm,456,1,192,38,0,-0.7620390375151974
all,body_dynamic_svm,456,1,199,82,0,-0.3680537835298705
all,body_dynamic_svm,456,1,202,46,0,-0.33215722841530776
all,body_dynamic_svm,456,1,208,79,1,0.8534033786413324
all,body_dynamic_svm,456,1,215,50,0,0.07491939544764115
all,body_dynamic_svm,456,1,222,52,0,-0.7516447801807734
all,body_dynamic_svm,456,1,223,38,0,-0.5152765186160501
all,body_dynamic_svm,456,1,230,34,0,0.013772447596656912
all,body_dynamic_svm,456,1,237,18,0,-0.5316427072370387
all,body_dynamic_svm,456,1,244,75,1,0.9284701414744148
all,body_dynamic_svm,456,1,245,80,1,0.8089812767829505
all,body_dynamic_svm,456,1,246,50,0,-0.24904707263214212
all,body_dynamic_svm,456,1,249,17,1,-0.08921671033651096
all,body_dynamic_svm,456,1,251,38,0,-0.7398937979251692
all,body_dynamic_svm,456,1,252,18,0,-1.0445188485229981
all,body_dynamic_svm,456,1,260,60,0,-0.5760720838892944
all,body_dynamic_svm,456,1,265,18,0,-0.865411263939303
all,body_dynamic_svm,456,1,271,47,1,0.6370442480294787
all,body_dynamic_svm,456,2,001,87,0,0.14068411164115996
all,body_dynamic_svm,456,2,010,72,0,-0.35886048154539196
all,body_dynamic_svm,456,2,017,8,0,-0.6837590118014909
all,body_dynamic_svm,456,2,040,8,0,-0.5018322857911975
all,body_dynamic_svm,456,2,041,26,1,-0.6180602897787904
all,body_dynamic_svm,456,2,044,15,1,0.7379476149184416
all,body_dynamic_svm,456,2,049,87,0,0.4828253303006477
all,body_dynamic_svm,456,2,052,8,0,-0.22541371990023007
all,body_dynamic_svm,456,2,055,15,1,-0.39666869014390427
all,body_dynamic_svm,456,2,057,69,1,0.08230906321065917
all,body_dynamic_svm,456,2,061,24,1,0.7541031930762441
all,body_dynamic_svm,456,2,064,88,0,-0.8191494120155469
all,body_dynamic_svm,456,2,082,15,1,0.31252248974170244
all,body_dynamic_svm,456,2,090,69,0,-0.5842249333946861
all,body_dynamic_svm,456,2,100,72,1,-0.5939147263785398
all,body_dynamic_svm,456,2,112,94,0,-0.6375420460785295
all,body_dynamic_svm,456,2,121,74,1,0.6694205549650099
all,body_dynamic_svm,456,2,124,37,1,0.46977725498705797
all,body_dynamic_svm,456,2,125,42,0,-0.8341178472785487
all,body_dynamic_svm,456,2,129,69,1,0.3991239341790341
all,body_dynamic_svm,456,2,130,88,0,-0.6637758921017309
all,body_dynamic_svm,456,2,134,69,1,-0.36100872816249496
all,body_dynamic_svm,456,2,135,64,1,0.6827791051159091
all,body_dynamic_svm,456,2,141,37,1,-0.11039026986628181
all,body_dynamic_svm,456,2,147,72,0,-0.4447243428480846
all,body_dynamic_svm,456,2,156,5,0,-0.44011513582218753
all,body_dynamic_svm,456,2,158,74,1,0.7019310118497069
all,body_dynamic_svm,456,2,171,42,0,-0.8904543384430501
all,body_dynamic_svm,456,2,175,74,1,0.7875196898792713
all,body_dynamic_svm,456,2,177,32,0,0.8350284670559354
all,body_dynamic_svm,456,2,179,37,0,0.19890457854511517
all,body_dynamic_svm,456,2,191,87,0,-0.14715420709849567
all,body_dynamic_svm,456,2,193,56,1,0.18620429488552676
all,body_dynamic_svm,456,2,194,5,0,-0.46957364718143346
all,body_dynamic_svm,456,2,195,94,0,-0.8342491316730494
all,body_dynamic_svm,456,2,204,27,0,-0.8413054624188434
all,body_dynamic_svm,456,2,206,42,0,0.03254174800016996
all,body_dynamic_svm,456,2,209,64,0,-0.5273439357638812
all,body_dynamic_svm,456,2,211,87,0,0.12390211284656655
all,body_dynamic_svm,456,2,218,56,1,0.6982926506051952
all,body_dynamic_svm,456,2,220,88,0,-1.0148350897159975
all,body_dynamic_svm,456,2,221,72,1,0.598750604447075
all,body_dynamic_svm,456,2,232,74,1,0.9381149976206875
all,body_dynamic_svm,456,2,233,37,1,0.2672743450589545
all,body_dynamic_svm,456,2,240,72,0,0.5506943182062178
all,body_dynamic_svm,456,2,247,88,0,-0.7209533497965108
all,body_dynamic_svm,456,2,250,15,1,0.44309083559588186
all,body_dynamic_svm,456,2,256,10,1,0.4337206296227964
all,body_dynamic_svm,456,2,259,62,1,0.2979439137199454
all,body_dynamic_svm,456,2,261,74,1,1.0290074027000107
all,body_dynamic_svm,456,2,262,14,0,0.06506215962141548
all,body_dynamic_svm,456,2,264,31,0,-0.7454320539054002
all,body_dynamic_svm,456,2,266,88,0,-0.8167587746260843
all,body_dynamic_svm,456,2,272,33,1,0.8230886408214728
all,body_dynamic_svm,456,3,004,45,1,-0.04270676789295147
all,body_dynamic_svm,456,3,008,28,0,-0.23819682130718264
all,body_dynamic_svm,456,3,012,73,1,0.25871983975234275
all,body_dynamic_svm,456,3,018,9,1,0.18794740829638673
all,body_dynamic_svm,456,3,023,44,0,0.38883045966106805
all,body_dynamic_svm,456,3,024,89,0,-0.851270910369737
all,body_dynamic_svm,456,3,027,85,1,-0.25816851414392644
all,body_dynamic_svm,456,3,029,35,0,-0.15596864576623098
all,body_dynamic_svm,456,3,030,57,1,-1.063410076372123
all,body_dynamic_svm,456,3,035,83,1,-0.31591199462676367
all,body_dynamic_svm,456,3,036,77,0,-0.9206383409547299
all,body_dynamic_svm,456,3,042,23,0,-0.5799621848765424
all,body_dynamic_svm,456,3,043,9,1,0.40415429461089253
all,body_dynamic_svm,456,3,051,28,0,-0.4038518445026586
all,body_dynamic_svm,456,3,060,44,0,0.6224870566995875
all,body_dynamic_svm,456,3,071,23,1,0.5175944445098668
all,body_dynamic_svm,456,3,076,4,1,-0.40783417708988273
all,body_dynamic_svm,456,3,080,25,0,-0.90929219434376
all,body_dynamic_svm,456,3,093,73,1,-0.2495910991665553
all,body_dynamic_svm,456,3,098,4,1,0.310126846425045
all,body_dynamic_svm,456,3,101,36,0,-0.46538045509829756
all,body_dynamic_svm,456,3,107,35,0,-0.7683681810230194
all,body_dynamic_svm,456,3,111,77,0,-0.9735977887873988
all,body_dynamic_svm,456,3,116,85,0,-0.03232692618359484
all,body_dynamic_svm,456,3,139,89,0,-0.6945391623019326
all,body_dynamic_svm,456,3,142,44,0,-0.2917547917288212
all,body_dynamic_svm,456,3,143,28,0,0.22076261066652653
all,body_dynamic_svm,456,3,145,36,0,-0.6509535493581102
all,body_dynamic_svm,456,3,151,85,1,0.2132278586961272
all,body_dynamic_svm,456,3,153,83,1,-0.5932252073831901
all,body_dynamic_svm,456,3,154,45,0,-0.284280437770591
all,body_dynamic_svm,456,3,155,68,1,0.06442913869940181
all,body_dynamic_svm,456,3,157,77,0,-0.4546862052111324
all,body_dynamic_svm,456,3,162,23,0,-0.15514012907738595
all,body_dynamic_svm,456,3,168,4,1,-0.03618873531197603
all,body_dynamic_svm,456,3,173,89,0,-0.6031214287194241
all,body_dynamic_svm,456,3,180,73,1,-0.4239114259052653
all,body_dynamic_svm,456,3,184,68,0,0.22321717414735626
all,body_dynamic_svm,456,3,188,85,0,-0.7092563837234322
all,body_dynamic_svm,456,3,190,44,0,0.1310291821834269
all,body_dynamic_svm,456,3,197,35,0,-0.7185066507116358
all,body_dynamic_svm,456,3,201,66,1,-0.7147934554188675
all,body_dynamic_svm,456,3,203,77,1,-0.17693484592410652
all,body_dynamic_svm,456,3,212,12,0,0.18738907931879928
all,body_dynamic_svm,456,3,213,44,1,0.6078662702017807
all,body_dynamic_svm,456,3,216,36,1,-0.3757684652234404
all,body_dynamic_svm,456,3,219,73,1,0.28964635459392146
all,body_dynamic_svm,456,3,224,59,1,0.4672613797921679
all,body_dynamic_svm,456,3,235,89,0,-0.15104208878605652
all,body_dynamic_svm,456,3,236,44,0,0.9026763406154121
all,body_dynamic_svm,456,3,243,85,1,0.3680271096299386
all,body_dynamic_svm,456,3,248,36,1,0.125726843397658
all,body_dynamic_svm,456,3,253,45,1,-0.5999471738298529
all,body_dynamic_svm,456,3,257,83,1,0.3065803656011416
all,body_dynamic_svm,456,3,258,85,1,0.06532822059296145
all,body_dynamic_svm,456,3,269,44,0,-0.4859526580805666
all,body_dynamic_svm,456,4,002,78,0,-0.7158367442928203
all,body_dynamic_svm,456,4,003,1,0,-0.20452233664052072
all,body_dynamic_svm,456,4,007,90,1,0.05363724273693998
all,body_dynamic_svm,456,4,013,92,0,-0.4696293214388544
all,body_dynamic_svm,456,4,020,20,1,0.7191928115409019
all,body_dynamic_svm,456,4,021,70,0,-0.16173765358208125
all,body_dynamic_svm,456,4,028,55,0,-0.9105552047700101
all,body_dynamic_svm,456,4,037,90,0,-1.232465352802543
all,body_dynamic_svm,456,4,038,43,1,-1.0303637698977
all,body_dynamic_svm,456,4,039,40,0,-1.0995963802536637
all,body_dynamic_svm,456,4,046,70,1,-0.12964720872572166
all,body_dynamic_svm,456,4,053,78,0,0.20751601783948442
all,body_dynamic_svm,456,4,062,55,0,-0.27642938187603266
all,body_dynamic_svm,456,4,065,41,1,-0.14672364088713158
all,body_dynamic_svm,456,4,066,90,1,-0.030085850543457526
all,body_dynamic_svm,456,4,069,1,0,0.0736690745495498
all,body_dynamic_svm,456,4,072,70,1,-0.47743156435402406
all,body_dynamic_svm,456,4,073,13,1,0.3839267149240698
all,body_dynamic_svm,456,4,079,43,1,0.5111247950102852
all,body_dynamic_svm,456,4,081,40,0,-0.6335175506818853
all,body_dynamic_svm,456,4,089,20,1,0.46883413012343744
all,body_dynamic_svm,456,4,091,96,1,-0.8520045544748511
all,body_dynamic_svm,456,4,102,76,1,0.8405671735230076
all,body_dynamic_svm,456,4,103,6,0,-0.2965173433619803
all,body_dynamic_svm,456,4,106,48,1,-1.008302090395737
all,body_dynamic_svm,456,4,108,61,0,-0.8293451584201122
all,body_dynamic_svm,456,4,113,78,0,0.30445328241067127
all,body_dynamic_svm,456,4,114,92,1,0.6958417294897351
all,body_dynamic_svm,456,4,115,41,1,-0.44593771515387426
all,body_dynamic_svm,456,4,119,40,0,-0.6071757784705041
all,body_dynamic_svm,456,4,128,96,1,0.6946602049031747
all,body_dynamic_svm,456,4,131,54,1,0.7388442711867703
all,body_dynamic_svm,456,4,146,78,0,0.06284850704071326
all,body_dynamic_svm,456,4,149,40,0,0.563301530034654
all,body_dynamic_svm,456,4,150,29,0,0.5212475827853881
all,body_dynamic_svm,456,4,163,48,0,0.2842834565141603
all,body_dynamic_svm,456,4,164,53,0,-0.7766612142252965
all,body_dynamic_svm,456,4,170,53,0,-1.0017222689545506
all,body_dynamic_svm,456,4,174,1,0,-0.6792639988272599
all,body_dynamic_svm,456,4,176,41,0,-0.4943547836387592
all,body_dynamic_svm,456,4,178,76,1,0.5874251359644245
all,body_dynamic_svm,456,4,181,6,0,-0.9364113767641984
all,body_dynamic_svm,456,4,205,95,0,-1.084461236193905
all,body_dynamic_svm,456,4,210,20,1,0.31886572639732425
all,body_dynamic_svm,456,4,214,92,0,0.32180812564946604
all,body_dynamic_svm,456,4,217,76,1,1.18009620000888
all,body_dynamic_svm,456,4,226,41,1,-0.6791704928718547
all,body_dynamic_svm,456,4,227,78,0,-0.13736010217123656
all,body_dynamic_svm,456,4,228,43,1,1.2592723574243734
all,body_dynamic_svm,456,4,238,54,1,0.03987296012382063
all,body_dynamic_svm,456,4,239,1,0,0.27796550686081056
all,body_dynamic_svm,456,4,241,29,0,0.07670547246684639
all,body_dynamic_svm,456,4,242,76,1,0.05553199028755773
all,body_dynamic_svm,456,4,263,76,1,1.180558088503025
all,body_dynamic_svm,789,0,003,1,0,-0.49526839090955754
all,body_dynamic_svm,789,0,013,92,0,-0.2915530056275521
all,body_dynamic_svm,789,0,017,8,0,-0.7008328387607762
all,body_dynamic_svm,789,0,018,9,1,0.3397515121852615
all,body_dynamic_svm,789,0,026,86,1,0.7349383170249346
all,body_dynamic_svm,789,0,035,83,1,-0.1425371955307042
all,body_dynamic_svm,789,0,040,8,0,-0.44684446966366553
all,body_dynamic_svm,789,0,043,9,1,0.3771526856118664
all,body_dynamic_svm,789,0,047,51,0,0.13505666337761596
all,body_dynamic_svm,789,0,050,51,0,-0.036907053701124626
all,body_dynamic_svm,789,0,052,8,0,-0.25109525055483
all,body_dynamic_svm,789,0,059,97,1,0.5750131167324521
all,body_dynamic_svm,789,0,068,22,1,-0.3212599161397232
all,body_dynamic_svm,789,0,069,1,0,0.025492708212758675
all,body_dynamic_svm,789,0,073,13,1,0.15731445798265703
all,body_dynamic_svm,789,0,077,86,1,1.0160548655498227
all,body_dynamic_svm,789,0,080,25,0,-0.7583901768276033
all,body_dynamic_svm,789,0,083,79,0,-0.06176381370776657
all,body_dynamic_svm,789,0,087,51,0,0.7011922617957203
all,body_dynamic_svm,789,0,091,96,1,-0.7221575382504981
all,body_dynamic_svm,789,0,092,51,0,0.7696864555173806
all,body_dynamic_svm,789,0,095,86,1,-0.20309058522107948
all,body_dynamic_svm,789,0,099,97,1,0.8198913206673488
all,body_dynamic_svm,789,0,110,22,1,-0.5938273592345602
all,body_dynamic_svm,789,0,114,92,1,0.6453666301228655
all,body_dynamic_svm,789,0,122,71,0,-0.8734049310606116
all,body_dynamic_svm,789,0,128,96,1,0.32574909716881867
all,body_dynamic_svm,789,0,133,51,0,0.3702274347125674
all,body_dynamic_svm,789,0,144,63,1,0.462592295491321
all,body_dynamic_svm,789,0,153,83,1,-0.3246506980832773
all,body_dynamic_svm,789,0,155,68,1,0.35709122746467475
all,body_dynamic_svm,789,0,156,5,0,-0.4792969045732732
all,body_dynamic_svm,789,0,160,51,0,0.7290901968592218
all,body_dynamic_svm,789,0,161,79,1,0.790486061915489
all,body_dynamic_svm,789,0,164,53,0,-0.90755030113823
all,body_dynamic_svm,789,0,167,22,1,0.08512189500986983
all,body_dynamic_svm,789,0,170,53,0,-0.5977057107291077
all,body_dynamic_svm,789,0,174,1,0,-0.517280450043943
all,body_dynamic_svm,789,0,177,32,0,0.9394971760246853
all,body_dynamic_svm,789,0,182,79,1,0.0696151925175858
all,body_dynamic_svm,789,0,184,68,0,0.5452236499721932
all,body_dynamic_svm,789,0,185,71,0,-0.8451467610904735
all,body_dynamic_svm,789,0,186,51,0,0.16180913241893718
all,body_dynamic_svm,789,0,189,22,1,-0.8128330053165214
all,body_dynamic_svm,789,0,194,5,0,-0.5214534698216872
all,body_dynamic_svm,789,0,201,66,1,-0.4365206327930193
all,body_dynamic_svm,789,0,208,79,1,0.9868936977871845
all,body_dynamic_svm,789,0,214,92,0,0.34362833964305844
all,body_dynamic_svm,789,0,229,51,0,0.36617027278636943
all,body_dynamic_svm,789,0,239,1,0,0.02825149745051747
all,body_dynamic_svm,789,0,254,86,1,0.8739096322690334
all,body_dynamic_svm,789,0,255,97,0,0.7026538783862841
all,body_dynamic_svm,789,0,256,10,1,0.4588256995335775
all,body_dynamic_svm,789,0,257,83,1,0.47987253663620993
all,body_dynamic_svm,789,1,004,45,1,0.09275786619200213
all,body_dynamic_svm,789,1,008,28,0,0.1609412006549573
all,body_dynamic_svm,789,1,009,2,1,0.5190045818020936
all,body_dynamic_svm,789,1,012,73,1,0.8916796689615663
all,body_dynamic_svm,789,1,014,39,1,-0.8283098865128892
all,body_dynamic_svm,789,1,019,82,0,-0.17598269462092736
all,body_dynamic_svm,789,1,031,38,1,-0.3150156760709285
all,body_dynamic_svm,789,1,033,46,1,1.2422968640355092
all,body_dynamic_svm,789,1,042,23,0,0.020863943486305464
all,body_dynamic_svm,789,1,044,15,1,1.030924085050738
all,body_dynamic_svm,789,1,051,28,0,-0.15674756692883723
all,body_dynamic_svm,789,1,055,15,1,-0.8644888156865361
all,body_dynamic_svm,789,1,058,50,0,-0.1388847726787004
all,body_dynamic_svm,789,1,061,24,1,1.5813974517075253
all,body_dynamic_svm,789,1,071,23,1,1.4409991102370696
all,body_dynamic_svm,789,1,075,38,1,-0.7324829902464502
all,body_dynamic_svm,789,1,076,4,1,-0.0949564565719577
all,body_dynamic_svm,789,1,082,15,1,0.3797721488647091
all,body_dynamic_svm,789,1,084,3,1,0.2729066916011207
all,body_dynamic_svm,789,1,085,18,0,-0.8267450061766912
all,body_dynamic_svm,789,1,086,18,0,-0.21729884091007992
all,body_dynamic_svm,789,1,088,82,0,-0.1886912435359118
all,body_dynamic_svm,789,1,093,73,1,-0.0879554729228418
all,body_dynamic_svm,789,1,097,2,1,0.2575623482001267
all,body_dynamic_svm,789,1,098,4,1,0.755632737478004
all,body_dynamic_svm,789,1,109,46,1,0.8287438044270331
all,body_dynamic_svm,789,1,126,82,0,-0.5845844413159491
all,body_dynamic_svm,789,1,132,38,0,-0.4007318492303964
all,body_dynamic_svm,789,1,136,39,0,1.337512859396723
all,body_dynamic_svm,789,1,143,28,0,0.038859736577352894
all,body_dynamic_svm,789,1,150,29,0,0.6289018035952116
all,body_dynamic_svm,789,1,154,45,0,-0.5078883354960165
all,body_dynamic_svm,789,1,162,23,0,-0.04138570641676456
all,body_dynamic_svm,789,1,168,4,1,0.2921615503714452
all,body_dynamic_svm,789,1,169,39,1,0.6051640375972082
all,body_dynamic_svm,789,1,172,18,0,-0.7855371754764804
all,body_dynamic_svm,789,1,180,73,1,-0.23582804520840775
all,body_dynamic_svm,789,1,192,38,0,-0.6742967391033083
all,body_dynamic_svm,789,1,199,82,0,-0.15477060903685946
all,body_dynamic_svm,789,1,202,46,0,-0.4417678566625477
all,body_dynamic_svm,789,1,207,3,1,0.842648964116967
all,body_dynamic_svm,789,1,215,50,0,-0.35883835528266217
all,body_dynamic_svm,789,1,219,73,1,1.0468738493664285
all,body_dynamic_svm,789,1,223,38,0,-0.10296594985639024
all,body_dynamic_svm,789,1,231,11,0,-0.032487554621679154
all,body_dynamic_svm,789,1,234,39,0,1.0374464765556681
all,body_dynamic_svm,789,1,237,18,0,-0.16293470862164106
all,body_dynamic_svm,789,1,241,29,0,0.0305205790729291
all,body_dynamic_svm,789,1,246,50,0,-0.6279353069345961
all,body_dynamic_svm,789,1,250,15,1,0.395640973428542
all,body_dynamic_svm,789,1,251,38,0,-0.6041607314800449
all,body_dynamic_svm,789,1,252,18,0,-1.223580496356166
all,body_dynamic_svm,789,1,253,45,1,-0.5840708580321367
all,body_dynamic_svm,789,1,265,18,0,-0.8321674821176754
all,body_dynamic_svm,789,1,272,33,1,0.7362427320054701
all,body_dynamic_svm,789,2,002,78,0,-0.6477207936664002
all,body_dynamic_svm,789,2,006,49,1,0.6903783060002648
all,body_dynamic_svm,789,2,011,47,1,0.19409284309202796
all,body_dynamic_svm,789,2,025,81,1,0.17285480957874416
all,body_dynamic_svm,789,2,030,57,1,-0.9593710691518078
all,body_dynamic_svm,789,2,032,19,0,-0.5909490715742464
all,body_dynamic_svm,789,2,034,91,1,-0.46189516246829937
all,body_dynamic_svm,789,2,036,77,0,-0.8270123443746127
all,body_dynamic_svm,789,2,039,40,0,-0.7692723804530165
all,body_dynamic_svm,789,2,045,49,1,-0.5161319013701875
all,body_dynamic_svm,789,2,053,78,0,-0.3657652971613366
all,body_dynamic_svm,789,2,056,47,1,0.06931607777976984
all,body_dynamic_svm,789,2,074,81,1,-0.5446716619253404
all,body_dynamic_svm,789,2,081,40,0,-0.6720157026986546
all,body_dynamic_svm,789,2,096,17,0,-0.4231395057528894
all,body_dynamic_svm,789,2,101,36,0,-0.41041346881961754
all,body_dynamic_svm,789,2,102,76,1,0.5248858616757655
all,body_dynamic_svm,789,2,103,6,0,-0.3499264730625175
all,body_dynamic_svm,789,2,104,19,0,-0.5347620896516563
all,body_dynamic_svm,789,2,111,77,0,-0.9035051001872754
all,body_dynamic_svm,789,2,113,78,0,-0.14268825697694446
all,body_dynamic_svm,789,2,117,7,0,-0.7386831075231226
all,body_dynamic_svm,789,2,118,91,1,-0.26342368994228305
all,body_dynamic_svm,789,2,119,40,0,-0.6416879520259826
all,body_dynamic_svm,789,2,123,81,1,0.6759020777055273
all,body_dynamic_svm,789,2,124,37,1,0.3597137742756937
all,body_dynamic_svm,789,2,131,54,1,0.08132261432694443
all,body_dynamic_svm,789,2,137,19,0,-0.4573607990911891
all,body_dynamic_svm,789,2,141,37,1,-0.14141581873002562
all,body_dynamic_svm,789,2,145,36,0,-0.5655655073925135
all,body_dynamic_svm,789,2,146,78,0,-0.16622233183162372
all,body_dynamic_svm,789,2,148,7,0,-0.8376854097331725
all,body_dynamic_svm,789,2,149,40,0,0.37718524108063395
all,body_dynamic_svm,789,2,157,77,0,-0.3846387893697867
all,body_dynamic_svm,789,2,166,19,0,-0.3389758394729071
all,body_dynamic_svm,789,2,178,76,1,0.3574897546390285
all,body_dynamic_svm,789,2,179,37,0,0.06767996655982034
all,body_dynamic_svm,789,2,181,6,0,-0.6819204136993577
all,body_dynamic_svm,789,2,187,17,0,-0.4343538617915371
all,body_dynamic_svm,789,2,203,77,1,-0.15799679833138938
all,body_dynamic_svm,789,2,212,12,0,0.15907357193399924
all,body_dynamic_svm,789,2,216,36,1,-0.289845097743999
all,body_dynamic_svm,789,2,217,76,1,0.7766663327453471
all,body_dynamic_svm,789,2,227,78,0,-0.47848286655358047
all,body_dynamic_svm,789,2,233,37,1,0.2384156171596607
all,body_dynamic_svm,789,2,238,54,1,-0.2511042348850361
all,body_dynamic_svm,789,2,242,76,1,0.022991246299900736
all,body_dynamic_svm,789,2,248,36,1,0.14781326861563548
all,body_dynamic_svm,789,2,249,17,1,-0.020340466297613713
all,body_dynamic_svm,789,2,262,14,0,-0.09879320832286437
all,body_dynamic_svm,789,2,263,76,1,1.033921689804496
all,body_dynamic_svm,789,2,264,31,0,-0.7779548121076655
all,body_dynamic_svm,789,2,267,98,1,-0.6400168878913455
all,body_dynamic_svm,789,2,270,49,0,-0.6471579801532302
all,body_dynamic_svm,789,2,271,47,1,0.6881137603511545
all,body_dynamic_svm,789,3,001,87,0,0.011851003376826263
all,body_dynamic_svm,789,3,007,90,1,0.06244841065720319
all,body_dynamic_svm,789,3,015,75,1,-0.6261089559303252
all,body_dynamic_svm,789,3,016,84,1,-0.2884681253117873
all,body_dynamic_svm,789,3,020,20,1,-0.010247496145951274
all,body_dynamic_svm,789,3,022,34,1,-0.31927142099027217
all,body_dynamic_svm,789,3,028,55,0,-0.7494021122875941
all,body_dynamic_svm,789,3,029,35,0,-0.14011654344381191
all,body_dynamic_svm,789,3,037,90,0,-0.848408466727306
all,body_dynamic_svm,789,3,041,26,1,-0.6511155274442374
all,body_dynamic_svm,789,3,049,87,0,0.41678086500539396
all,body_dynamic_svm,789,3,057,69,1,-0.07468402490615678
all,body_dynamic_svm,789,3,062,55,0,-0.5290137391840452
all,body_dynamic_svm,789,3,063,84,1,-0.27740587795504434
all,body_dynamic_svm,789,3,064,88,0,-0.9252152468683175
all,body_dynamic_svm,789,3,066,90,1,-0.3891178013693489
all,body_dynamic_svm,789,3,067,34,1,-0.6556897220250797
all,body_dynamic_svm,789,3,070,75,1,-0.49964231797856656
all,body_dynamic_svm,789,3,078,93,0,-0.4268601241798415
all,body_dynamic_svm,789,3,089,20,1,0.06958633973854406
all,body_dynamic_svm,789,3,090,69,0,-0.7578365409670078
all,body_dynamic_svm,789,3,094,93,1,-0.6443985723394804
all,body_dynamic_svm,789,3,106,48,1,-0.8538810605407825
all,body_dynamic_svm,789,3,107,35,0,-0.8111347229604451
all,body_dynamic_svm,789,3,108,61,0,-0.9230620891809935
all,body_dynamic_svm,789,3,112,94,0,-0.7523451042821161
all,body_dynamic_svm,789,3,120,52,0,-0.6358616362540748
all,body_dynamic_svm,789,3,127,75,1,0.5902144443356232
all,body_dynamic_svm,789,3,129,69,1,0.24458417792939519
all,body_dynamic_svm,789,3,130,88,0,-0.7420661085601923
all,body_dynamic_svm,789,3,134,69,1,-0.5860210721678746
all,body_dynamic_svm,789,3,138,75,1,0.10239275448648283
all,body_dynamic_svm,789,3,140,84,1,-0.47735814883505034
all,body_dynamic_svm,789,3,159,52,0,-0.7405040093665134
all,body_dynamic_svm,789,3,163,48,0,0.11436217147859778
all,body_dynamic_svm,789,3,183,80,1,0.7923518057981047
all,body_dynamic_svm,789,3,191,87,0,-0.2715902115639759
all,body_dynamic_svm,789,3,193,56,1,0.07551783318300653
all,body_dynamic_svm,789,3,195,94,0,-0.8094040892459227
all,body_dynamic_svm,789,3,197,35,0,-0.7305817268229646
all,body_dynamic_svm,789,3,198,93,0,-0.5055855093725067
all,body_dynamic_svm,789,3,200,21,0,-0.7679877048984406
all,body_dynamic_svm,789,3,205,95,0,-0.9558816396003984
all,body_dynamic_svm,789,3,210,20,1,0.1828215358939292
all,body_dynamic_svm,789,3,211,87,0,-0.011438824876927378
all,body_dynamic_svm,789,3,218,56,1,0.6847315187709384
all,body_dynamic_svm,789,3,220,88,0,-1.022751390936832
all,body_dynamic_svm,789,3,222,52,0,-0.7879787582367407
all,body_dynamic_svm,789,3,230,34,0,0.048055712697879116
all,body_dynamic_svm,789,3,244,75,1,0.9490847405116174
all,body_dynamic_svm,789,3,245,80,1,0.7833615244128078
all,body_dynamic_svm,789,3,247,88,0,-0.8407139667436082
all,body_dynamic_svm,789,3,259,62,1,0.16208826409428428
all,body_dynamic_svm,789,3,266,88,0,-0.8000840072305739
all,body_dynamic_svm,789,3,268,21,0,-0.40757104195977545
all,body_dynamic_svm,789,4,005,65,0,0.6296574014721006
all,body_dynamic_svm,789,4,010,72,0,-0.1649818281153609
all,body_dynamic_svm,789,4,021,70,0,-0.29277013555063275
all,body_dynamic_svm,789,4,023,44,0,0.6248863938217353
all,body_dynamic_svm,789,4,024,89,0,-0.8027310047493893
all,body_dynamic_svm,789,4,027,85,1,-0.22366778814498758
all,body_dynamic_svm,789,4,038,43,1,-0.7528853293182856
all,body_dynamic_svm,789,4,046,70,1,0.09173465705991851
all,body_dynamic_svm,789,4,048,67,0,-0.17579584864354322
all,body_dynamic_svm,789,4,054,16,1,-0.7393783315375169
all,body_dynamic_svm,789,4,060,44,0,0.5796342639615626
all,body_dynamic_svm,789,4,065,41,1,-0.5234704094854391
all,body_dynamic_svm,789,4,072,70,1,-0.2328219000980049
all,body_dynamic_svm,789,4,079,43,1,0.6771184340030567
all,body_dynamic_svm,789,4,100,72,1,-0.5404933469623443
all,body_dynamic_svm,789,4,105,16,1,-0.336502705882369
all,body_dynamic_svm,789,4,115,41,1,-0.4676029554920349
all,body_dynamic_svm,789,4,116,85,0,0.178583942983509
all,body_dynamic_svm,789,4,121,74,1,0.776934681951108
all,body_dynamic_svm,789,4,125,42,0,-0.9140809411016464
all,body_dynamic_svm,789,4,135,64,1,0.7453217337109872
all,body_dynamic_svm,789,4,139,89,0,-0.5672925363971293
all,body_dynamic_svm,789,4,142,44,0,-0.23313489422766837
all,body_dynamic_svm,789,4,147,72,0,-0.4450123669297159
all,body_dynamic_svm,789,4,151,85,1,0.333795972417405
all,body_dynamic_svm,789,4,152,58,1,0.3219152747482722
all,body_dynamic_svm,789,4,158,74,1,0.8185309477556022
all,body_dynamic_svm,789,4,165,30,0,-0.7935085899541086
all,body_dynamic_svm,789,4,171,42,0,-0.974649671079867
all,body_dynamic_svm,789,4,173,89,0,-0.44667412692095343
all,body_dynamic_svm,789,4,175,74,1,0.8736890919899538
all,body_dynamic_svm,789,4,176,41,0,0.0135034843437144
all,body_dynamic_svm,789,4,188,85,0,-0.46466093156754124
all,body_dynamic_svm,789,4,190,44,0,0.35964469913664465
all,body_dynamic_svm,789,4,196,67,0,-0.8326601485098575
all,body_dynamic_svm,789,4,204,27,0,-0.8191571154851549
all,body_dynamic_svm,789,4,206,42,0,0.056851064039065036
all,body_dynamic_svm,789,4,209,64,0,-0.4776016874576856
all,body_dynamic_svm,789,4,213,44,1,0.6661533499626844
all,body_dynamic_svm,789,4,221,72,1,0.6494192409824053
all,body_dynamic_svm,789,4,224,59,1,0.5383123755989194
all,body_dynamic_svm,789,4,225,67,0,-0.8882570397438639
all,body_dynamic_svm,789,4,226,41,1,-0.7126328313511285
all,body_dynamic_svm,789,4,228,43,1,0.9818032856357051
all,body_dynamic_svm,789,4,232,74,1,1.0355206323561543
all,body_dynamic_svm,789,4,235,89,0,0.116534683602312
all,body_dynamic_svm,789,4,236,44,0,0.9957282922013326
all,body_dynamic_svm,789,4,240,72,0,0.5824740399747655
all,body_dynamic_svm,789,4,243,85,1,0.5702499463531105
all,body_dynamic_svm,789,4,258,85,1,0.3606596257719481
all,body_dynamic_svm,789,4,260,60,0,-0.5099019996080455
all,body_dynamic_svm,789,4,261,74,1,1.1879987786700776
all,body_dynamic_svm,789,4,269,44,0,-0.4413480763195739
all,body_dynamic_svm,2024,0,007,90,1,0.29597516317303607
all,body_dynamic_svm,2024,0,009,2,1,0.3370500442427894
all,body_dynamic_svm,2024,0,012,73,1,0.38990122322724974
all,body_dynamic_svm,2024,0,024,89,0,-0.8746417523951107
all,body_dynamic_svm,2024,0,034,91,1,-0.440235026256929
all,body_dynamic_svm,2024,0,036,77,0,-0.943938867834194
all,body_dynamic_svm,2024,0,037,90,0,-0.7851173885107992
all,body_dynamic_svm,2024,0,038,43,1,-0.8455309165527805
all,body_dynamic_svm,2024,0,041,26,1,-0.6441122092767428
all,body_dynamic_svm,2024,0,047,51,0,-0.028138175320748526
all,body_dynamic_svm,2024,0,050,51,0,-0.08540939501113809
all,body_dynamic_svm,2024,0,058,50,0,-0.18882485309430883
all,body_dynamic_svm,2024,0,059,97,1,0.46663348328041
all,body_dynamic_svm,2024,0,066,90,1,-0.33497660297833587
all,body_dynamic_svm,2024,0,068,22,1,-0.46730283967803465
all,body_dynamic_svm,2024,0,079,43,1,0.6533424703275614
all,body_dynamic_svm,2024,0,087,51,0,0.5622008724964308
all,body_dynamic_svm,2024,0,092,51,0,0.6110914933742158
all,body_dynamic_svm,2024,0,093,73,1,-0.20507691349149118
all,body_dynamic_svm,2024,0,097,2,1,-0.10386358304474758
all,body_dynamic_svm,2024,0,099,97,1,0.7273057434807522
all,body_dynamic_svm,2024,0,101,36,0,-0.5154272870677827
all,body_dynamic_svm,2024,0,108,61,0,-0.9334533511596897
all,body_dynamic_svm,2024,0,110,22,1,-0.7485106540756401
all,body_dynamic_svm,2024,0,111,77,0,-1.015967003674652
all,body_dynamic_svm,2024,0,112,94,0,-0.7877397759756555
all,body_dynamic_svm,2024,0,118,91,1,-0.25834906007675157
all,body_dynamic_svm,2024,0,131,54,1,0.08845190935488112
all,body_dynamic_svm,2024,0,133,51,0,0.27929815171343386
all,body_dynamic_svm,2024,0,139,89,0,-0.6553659333868875
all,body_dynamic_svm,2024,0,145,36,0,-0.6699682565622191
all,body_dynamic_svm,2024,0,152,58,1,0.3978935986476405
all,body_dynamic_svm,2024,0,157,77,0,-0.4830735756012139
all,body_dynamic_svm,2024,0,160,51,0,0.6043142794828527
all,body_dynamic_svm,2024,0,164,53,0,-0.9136205272926096
all,body_dynamic_svm,2024,0,167,22,1,-0.09088659354899081
all,body_dynamic_svm,2024,0,170,53,0,-0.6828352705957579
all,body_dynamic_svm,2024,0,173,89,0,-0.4860241980762159
all,body_dynamic_svm,2024,0,180,73,1,-0.3839705817719153
all,body_dynamic_svm,2024,0,186,51,0,0.009577296279739522
all,body_dynamic_svm,2024,0,189,22,1,-0.8114656448427702
all,body_dynamic_svm,2024,0,195,94,0,-0.8604687157585786
all,body_dynamic_svm,2024,0,201,66,1,-0.6110037826977495
all,body_dynamic_svm,2024,0,203,77,1,-0.05280445354022967
all,body_dynamic_svm,2024,0,205,95,0,-0.9849875435781515
all,body_dynamic_svm,2024,0,215,50,0,0.1211557025384703
all,body_dynamic_svm,2024,0,216,36,1,-0.2863296006154
all,body_dynamic_svm,2024,0,219,73,1,0.39611307317888556
all,body_dynamic_svm,2024,0,228,43,1,0.9420392226209122
all,body_dynamic_svm,2024,0,229,51,0,0.1754731963492876
all,body_dynamic_svm,2024,0,235,89,0,0.004911806331597823
all,body_dynamic_svm,2024,0,238,54,1,-0.2317809599792493
all,body_dynamic_svm,2024,0,246,50,0,-0.2544453243510419
all,body_dynamic_svm,2024,0,248,36,1,0.2819343027993978
all,body_dynamic_svm,2024,0,255,97,0,0.6447424134959112
all,body_dynamic_svm,2024,0,260,60,0,-0.6306190244801552
all,body_dynamic_svm,2024,1,013,92,0,-0.3263674487391196
all,body_dynamic_svm,2024,1,019,82,0,-0.4921754536588071
all,body_dynamic_svm,2024,1,020,20,1,0.30116063166787194
all,body_dynamic_svm,2024,1,025,81,1,0.25676112723720673
all,body_dynamic_svm,2024,1,028,55,0,-0.6496059338328123
all,body_dynamic_svm,2024,1,048,67,0,-0.22143216845791888
all,body_dynamic_svm,2024,1,054,16,1,-0.7903349765067361
all,body_dynamic_svm,2024,1,062,55,0,-0.5220682389075495
all,body_dynamic_svm,2024,1,065,41,1,-0.617165924556965
all,body_dynamic_svm,2024,1,074,81,1,-0.5799338117398197
all,body_dynamic_svm,2024,1,078,93,0,-0.41364027726007857
all,body_dynamic_svm,2024,1,080,25,0,-0.7405487259717636
all,body_dynamic_svm,2024,1,085,18,0,-0.9199105932966858
all,body_dynamic_svm,2024,1,086,18,0,-0.501593344938273
all,body_dynamic_svm,2024,1,088,82,0,-0.5531920052850622
all,body_dynamic_svm,2024,1,089,20,1,0.38895601904526206
all,body_dynamic_svm,2024,1,094,93,1,-0.725607675116706
all,body_dynamic_svm,2024,1,102,76,1,0.47175873264648854
all,body_dynamic_svm,2024,1,105,16,1,-0.37560757787850435
all,body_dynamic_svm,2024,1,106,48,1,-0.8337053245073609
all,body_dynamic_svm,2024,1,114,92,1,0.6296981156876853
all,body_dynamic_svm,2024,1,115,41,1,-0.5351477882850552
all,body_dynamic_svm,2024,1,123,81,1,0.6267811307345255
all,body_dynamic_svm,2024,1,124,37,1,0.49424758232648086
all,body_dynamic_svm,2024,1,126,82,0,-0.4764538508456601
all,body_dynamic_svm,2024,1,141,37,1,-0.12291796797408505
all,body_dynamic_svm,2024,1,150,29,0,-0.36979095037640874
all,body_dynamic_svm,2024,1,155,68,1,0.3541663490824328
all,body_dynamic_svm,2024,1,163,48,0,0.3034807730975206
all,body_dynamic_svm,2024,1,165,30,0,-0.7588879727722098
all,body_dynamic_svm,2024,1,172,18,0,-0.8927985657738009
all,body_dynamic_svm,2024,1,176,41,0,-0.05402893304877304
all,body_dynamic_svm,2024,1,177,32,0,0.8848036583813765
all,body_dynamic_svm,2024,1,178,76,1,0.47695955941175877
all,body_dynamic_svm,2024,1,179,37,0,0.15626750239057924
all,body_dynamic_svm,2024,1,184,68,0,0.4314203724914158
all,body_dynamic_svm,2024,1,196,67,0,-0.798415756529298
all,body_dynamic_svm,2024,1,198,93,0,-0.3866333030555485
all,body_dynamic_svm,2024,1,199,82,0,-0.42205960202493303
all,body_dynamic_svm,2024,1,210,20,1,0.39772441371618034
all,body_dynamic_svm,2024,1,214,92,0,0.28890673315221943
all,body_dynamic_svm,2024,1,217,76,1,0.8601382392626216
all,body_dynamic_svm,2024,1,225,67,0,-0.8465499696890353
all,body_dynamic_svm,2024,1,226,41,1,-0.7625059038180642
all,body_dynamic_svm,2024,1,233,37,1,0.3373477256387926
all,body_dynamic_svm,2024,1,237,18,0,-0.418583054443051
all,body_dynamic_svm,2024,1,241,29,0,-0.02845297634921007
all,body_dynamic_svm,2024,1,242,76,1,-0.07356043512905636
all,body_dynamic_svm,2024,1,252,18,0,-1.063714960440739
all,body_dynamic_svm,2024,1,263,76,1,1.0570368386278426
all,body_dynamic_svm,2024,1,264,31,0,-0.7976642261358469
all,body_dynamic_svm,2024,1,265,18,0,-0.858746511913741
all,body_dynamic_svm,2024,1,267,98,1,-0.48140399871378525
all,body_dynamic_svm,2024,1,272,33,1,0.865509769557784
all,body_dynamic_svm,2024,2,002,78,0,-0.48026295718625256
all,body_dynamic_svm,2024,2,003,1,0,0.08415980471805537
all,body_dynamic_svm,2024,2,010,72,0,-0.07103640354710317
all,body_dynamic_svm,2024,2,011,47,1,0.8462496492651547
all,body_dynamic_svm,2024,2,015,75,1,-0.5763053841345542
all,body_dynamic_svm,2024,2,016,84,1,-0.07621850822483131
all,body_dynamic_svm,2024,2,018,9,1,0.43737728679686705
all,body_dynamic_svm,2024,2,021,70,0,0.43871227713515226
all,body_dynamic_svm,2024,2,029,35,0,0.24113350657656354
all,body_dynamic_svm,2024,2,031,38,1,-0.4208303344966011
all,body_dynamic_svm,2024,2,039,40,0,-0.9958597472400196
all,body_dynamic_svm,2024,2,042,23,0,0.21718522702291695
all,body_dynamic_svm,2024,2,043,9,1,0.842299384353204
all,body_dynamic_svm,2024,2,046,70,1,0.33868366008169337
all,body_dynamic_svm,2024,2,053,78,0,0.24283955195520654
all,body_dynamic_svm,2024,2,056,47,1,0.20736419298639183
all,body_dynamic_svm,2024,2,063,84,1,0.10957853486755886
all,body_dynamic_svm,2024,2,069,1,0,-0.16571863352647462
all,body_dynamic_svm,2024,2,070,75,1,-0.32411232014381064
all,body_dynamic_svm,2024,2,071,23,1,1.6923764786119901
all,body_dynamic_svm,2024,2,072,70,1,0.051243654748280604
all,body_dynamic_svm,2024,2,073,13,1,0.5216371709802704
all,body_dynamic_svm,2024,2,075,38,1,-0.9225476326630911
all,body_dynamic_svm,2024,2,081,40,0,-0.236395262917864
all,body_dynamic_svm,2024,2,091,96,1,-0.6265912839053268
all,body_dynamic_svm,2024,2,100,72,1,-0.5188607037068818
all,body_dynamic_svm,2024,2,107,35,0,-0.23508761928773647
all,body_dynamic_svm,2024,2,113,78,0,0.6378694957675727
all,body_dynamic_svm,2024,2,119,40,0,-0.49274565720771435
all,body_dynamic_svm,2024,2,127,75,1,0.949625843467013
all,body_dynamic_svm,2024,2,128,96,1,0.7309378583174672
all,body_dynamic_svm,2024,2,132,38,0,-0.522795095023931
all,body_dynamic_svm,2024,2,135,64,1,0.8446866908703101
all,body_dynamic_svm,2024,2,138,75,1,0.24619981776783537
all,body_dynamic_svm,2024,2,140,84,1,-0.5492586296356747
all,body_dynamic_svm,2024,2,144,63,1,0.3001288299035072
all,body_dynamic_svm,2024,2,146,78,0,0.35672726945882705
all,body_dynamic_svm,2024,2,147,72,0,-0.3660519850267727
all,body_dynamic_svm,2024,2,149,40,0,0.5982377277809546
all,body_dynamic_svm,2024,2,156,5,0,-0.5834240233085226
all,body_dynamic_svm,2024,2,162,23,0,-0.09294461894138205
all,body_dynamic_svm,2024,2,174,1,0,-0.6701905721596167
all,body_dynamic_svm,2024,2,192,38,0,-0.7486607852801034
all,body_dynamic_svm,2024,2,194,5,0,-0.35647412683921
all,body_dynamic_svm,2024,2,197,35,0,-0.46156908736397406
all,body_dynamic_svm,2024,2,209,64,0,-0.04786236265846039
all,body_dynamic_svm,2024,2,221,72,1,0.558835383089872
all,body_dynamic_svm,2024,2,223,38,0,-0.17743104225834494
all,body_dynamic_svm,2024,2,227,78,0,0.090893085566534
all,body_dynamic_svm,2024,2,239,1,0,0.4564723242313081
all,body_dynamic_svm,2024,2,240,72,0,0.995528339915296
all,body_dynamic_svm,2024,2,244,75,1,1.3605542960032213
all,body_dynamic_svm,2024,2,251,38,0,-0.5777398971144532
all,body_dynamic_svm,2024,2,271,47,1,1.0315776602684776
all,body_dynamic_svm,2024,3,001,87,0,0.10864506786644168
all,body_dynamic_svm,2024,3,008,28,0,-0.09067315575049778
all,body_dynamic_svm,2024,3,014,39,1,-0.6760919565633696
all,body_dynamic_svm,2024,3,017,8,0,-0.7076024242457362
all,body_dynamic_svm,2024,3,022,34,1,-0.23871365619522117
all,body_dynamic_svm,2024,3,027,85,1,-0.19714099020702838
all,body_dynamic_svm,2024,3,030,57,1,-0.9412912483234745
all,body_dynamic_svm,2024,3,033,46,1,1.06646645684613
all,body_dynamic_svm,2024,3,035,83,1,-0.17949329808703657
all,body_dynamic_svm,2024,3,040,8,0,-0.5200838623707638
all,body_dynamic_svm,2024,3,049,87,0,0.49220467140120394
all,body_dynamic_svm,2024,3,051,28,0,-0.3862986082304487
all,body_dynamic_svm,2024,3,052,8,0,-0.29716349824429644
all,body_dynamic_svm,2024,3,061,24,1,0.8142741328656081
all,body_dynamic_svm,2024,3,064,88,0,-0.8491239345670611
all,body_dynamic_svm,2024,3,067,34,1,-0.5316809605884546
all,body_dynamic_svm,2024,3,076,4,1,-0.3969121018673875
all,body_dynamic_svm,2024,3,098,4,1,0.46422700371793946
all,body_dynamic_svm,2024,3,103,6,0,-0.3993880985470602
all,body_dynamic_svm,2024,3,109,46,1,0.6706391757474207
all,body_dynamic_svm,2024,3,116,85,0,0.1098843012206056
all,body_dynamic_svm,2024,3,121,74,1,0.7333850994409804
all,body_dynamic_svm,2024,3,122,71,0,-0.8783583421270873
all,body_dynamic_svm,2024,3,130,88,0,-0.6891773566413122
all,body_dynamic_svm,2024,3,136,39,0,0.7944165042093189
all,body_dynamic_svm,2024,3,143,28,0,0.32791313921493004
all,body_dynamic_svm,2024,3,151,85,1,0.3177040997332886
all,body_dynamic_svm,2024,3,153,83,1,-0.455023434594854
all,body_dynamic_svm,2024,3,158,74,1,0.7409367110539723
all,body_dynamic_svm,2024,3,168,4,1,0.147069218141482
all,body_dynamic_svm,2024,3,169,39,1,0.7222790974029337
all,body_dynamic_svm,2024,3,175,74,1,0.81855702857285
all,body_dynamic_svm,2024,3,181,6,0,-0.6917546116604192
all,body_dynamic_svm,2024,3,185,71,0,-0.8090891916417656
all,body_dynamic_svm,2024,3,188,85,0,-0.5708107514066989
all,body_dynamic_svm,2024,3,191,87,0,-0.1794495822717213
all,body_dynamic_svm,2024,3,193,56,1,0.2190796597171426
all,body_dynamic_svm,2024,3,202,46,0,-0.26033386944324755
all,body_dynamic_svm,2024,3,211,87,0,0.10724281438387517
all,body_dynamic_svm,2024,3,212,12,0,0.19646119917175686
all,body_dynamic_svm,2024,3,218,56,1,0.6961096518823383
all,body_dynamic_svm,2024,3,220,88,0,-1.0465169009765
all,body_dynamic_svm,2024,3,224,59,1,0.5353207970500389
all,body_dynamic_svm,2024,3,230,34,0,0.060519888749907824
all,body_dynamic_svm,2024,3,231,11,0,-0.1637513435518343
all,body_dynamic_svm,2024,3,232,74,1,0.980970976324382
all,body_dynamic_svm,2024,3,234,39,0,0.597167918354975
all,body_dynamic_svm,2024,3,243,85,1,0.43944075077322664
all,body_dynamic_svm,2024,3,247,88,0,-0.783882398991209
all,body_dynamic_svm,2024,3,257,83,1,0.45956545599808674
all,body_dynamic_svm,2024,3,258,85,1,0.1755440507298971
all,body_dynamic_svm,2024,3,259,62,1,0.28307254374313484
all,body_dynamic_svm,2024,3,261,74,1,1.1225826746459986
all,body_dynamic_svm,2024,3,262,14,0,0.07154521817038662
all,body_dynamic_svm,2024,3,266,88,0,-0.8396022593255292
all,body_dynamic_svm,2024,4,004,45,1,0.06274402737153378
all,body_dynamic_svm,2024,4,005,65,0,0.4842304508984134
all,body_dynamic_svm,2024,4,006,49,1,0.6720130318537711
all,body_dynamic_svm,2024,4,023,44,0,0.4568903132918483
all,body_dynamic_svm,2024,4,026,86,1,0.5837244068426057
all,body_dynamic_svm,2024,4,032,19,0,-0.6197070967924652
all,body_dynamic_svm,2024,4,044,15,1,0.6909402470648354
all,body_dynamic_svm,2024,4,045,49,1,-0.5549334914085536
all,body_dynamic_svm,2024,4,055,15,1,-0.43504115888888206
all,body_dynamic_svm,2024,4,057,69,1,0.1155322569003297
all,body_dynamic_svm,2024,4,060,44,0,0.546567874223657
all,body_dynamic_svm,2024,4,077,86,1,0.8080312938454219
all,body_dynamic_svm,2024,4,082,15,1,0.31007864576629435
all,body_dynamic_svm,2024,4,083,79,0,-0.19670873402025638
all,body_dynamic_svm,2024,4,084,3,1,0.11257690270682741
all,body_dynamic_svm,2024,4,090,69,0,-0.5892531263717539
all,body_dynamic_svm,2024,4,095,86,1,-0.20281875145543754
all,body_dynamic_svm,2024,4,096,17,0,-0.34848195029864004
all,body_dynamic_svm,2024,4,104,19,0,-0.599736708723698
all,body_dynamic_svm,2024,4,117,7,0,-0.7636536554409765
all,body_dynamic_svm,2024,4,120,52,0,-0.6242218555149877
all,body_dynamic_svm,2024,4,125,42,0,-0.8718423174882262
all,body_dynamic_svm,2024,4,129,69,1,0.39491943238264576
all,body_dynamic_svm,2024,4,134,69,1,-0.3683941989403639
all,body_dynamic_svm,2024,4,137,19,0,-0.5313487338425958
all,body_dynamic_svm,2024,4,142,44,0,-0.1775028714274286
all,body_dynamic_svm,2024,4,148,7,0,-0.8223890979289323
all,body_dynamic_svm,2024,4,154,45,0,-0.18287423811504094
all,body_dynamic_svm,2024,4,159,52,0,-0.6689050092910418
all,body_dynamic_svm,2024,4,161,79,1,0.5583444359101895
all,body_dynamic_svm,2024,4,166,19,0,-0.3697184198116208
all,body_dynamic_svm,2024,4,171,42,0,-0.869416194722308
all,body_dynamic_svm,2024,4,182,79,1,0.00642022074560622
all,body_dynamic_svm,2024,4,183,80,1,0.7640970456041607
all,body_dynamic_svm,2024,4,187,17,0,-0.4104592479277934
all,body_dynamic_svm,2024,4,190,44,0,0.23519172424940454
all,body_dynamic_svm,2024,4,200,21,0,-0.7005353771024012
all,body_dynamic_svm,2024,4,204,27,0,-0.8874875490613257
all,body_dynamic_svm,2024,4,206,42,0,-0.01096319619199665
all,body_dynamic_svm,2024,4,207,3,1,0.6825552487897308
all,body_dynamic_svm,2024,4,208,79,1,0.859871585316609
all,body_dynamic_svm,2024,4,213,44,1,0.5448681181979564
all,body_dynamic_svm,2024,4,222,52,0,-0.7041834867871044
all,body_dynamic_svm,2024,4,236,44,0,0.8585899465756386
all,body_dynamic_svm,2024,4,245,80,1,0.7561115706386738
all,body_dynamic_svm,2024,4,249,17,1,-0.025384481022992733
all,body_dynamic_svm,2024,4,250,15,1,0.43380332900303903
all,body_dynamic_svm,2024,4,253,45,1,-0.41115140220211155
all,body_dynamic_svm,2024,4,254,86,1,0.8353398471467921
all,body_dynamic_svm,2024,4,256,10,1,0.4240626019444386
all,body_dynamic_svm,2024,4,268,21,0,-0.29789200366291646
all,body_dynamic_svm,2024,4,269,44,0,-0.37139681032546606
all,body_dynamic_svm,2024,4,270,49,0,-0.6309190529040855
all,body_combined_lr,42,0,001,87,0,-0.6781076934645474
all,body_combined_lr,42,0,005,65,0,-0.8313891845293326
all,body_combined_lr,42,0,017,8,0,-0.6474533677169059
all,body_combined_lr,42,0,022,34,1,0.6740814635981156
all,body_combined_lr,42,0,025,81,1,0.7576555076869922
all,body_combined_lr,42,0,033,46,1,2.880478655275752
all,body_combined_lr,42,0,040,8,0,0.054178385899256526
all,body_combined_lr,42,0,044,15,1,3.300999678787358
all,body_combined_lr,42,0,047,51,0,-1.0739091175951476
all,body_combined_lr,42,0,049,87,0,-0.5965392581035598
all,body_combined_lr,42,0,050,51,0,1.3192396779999884
all,body_combined_lr,42,0,052,8,0,0.3116780969293046
all,body_combined_lr,42,0,055,15,1,-1.2241302370168168
all,body_combined_lr,42,0,057,69,1,1.751185272873088
all,body_combined_lr,42,0,059,97,1,2.7531084840766464
all,body_combined_lr,42,0,067,34,1,0.11751168411713855
all,body_combined_lr,42,0,068,22,1,1.7364384231804368
all,body_combined_lr,42,0,074,81,1,0.08064676757016828
all,body_combined_lr,42,0,080,25,0,-0.8767318597616491
all,body_combined_lr,42,0,082,15,1,0.00952912062404257
all,body_combined_lr,42,0,087,51,0,-0.0866518949533413
all,body_combined_lr,42,0,090,69,0,0.6042555040049202
all,body_combined_lr,42,0,092,51,0,0.3061721857388218
all,body_combined_lr,42,0,099,97,1,2.1422231367139632
all,body_combined_lr,42,0,106,48,1,-1.7740626237918478
all,body_combined_lr,42,0,109,46,1,3.0293572384643115
all,body_combined_lr,42,0,110,22,1,1.100887519702794
all,body_combined_lr,42,0,117,7,0,-3.7769808008728285
all,body_combined_lr,42,0,123,81,1,3.8219360326106617
all,body_combined_lr,42,0,129,69,1,1.0661209794193616
all,body_combined_lr,42,0,131,54,1,0.01249539109156117
all,body_combined_lr,42,0,133,51,0,0.6602362296544068
all,body_combined_lr,42,0,134,69,1,0.5274399127919122
all,body_combined_lr,42,0,135,64,1,3.755543717973734
all,body_combined_lr,42,0,148,7,0,-4.146361258975873
all,body_combined_lr,42,0,156,5,0,-0.7733884358152463
all,body_combined_lr,42,0,160,51,0,0.47545203724681473
all,body_combined_lr,42,0,163,48,0,0.7084036700989945
all,body_combined_lr,42,0,165,30,0,-4.463299983967486
all,body_combined_lr,42,0,167,22,1,0.47987624660311134
all,body_combined_lr,42,0,183,80,1,3.388223905670353
all,body_combined_lr,42,0,186,51,0,-0.8431368852042718
all,body_combined_lr,42,0,189,22,1,-0.4386778141524621
all,body_combined_lr,42,0,191,87,0,-2.3007281934924837
all,body_combined_lr,42,0,194,5,0,-1.8252169957792155
all,body_combined_lr,42,0,202,46,0,-0.22015089397012605
all,body_combined_lr,42,0,209,64,0,0.39408314354194385
all,body_combined_lr,42,0,211,87,0,-1.9487855334612785
all,body_combined_lr,42,0,229,51,0,-0.7426116176869819
all,body_combined_lr,42,0,230,34,0,0.3240708738201748
all,body_combined_lr,42,0,238,54,1,-0.41210271208169924
all,body_combined_lr,42,0,245,80,1,2.7960356534110007
all,body_combined_lr,42,0,250,15,1,1.7804077793088262
all,body_combined_lr,42,0,255,97,0,1.4570240515920863
all,body_combined_lr,42,0,262,14,0,0.18708781590997442
all,body_combined_lr,42,1,007,90,1,0.31300721363210005
all,body_combined_lr,42,1,011,47,1,0.7313380762575984
all,body_combined_lr,42,1,012,73,1,4.05645232966628
all,body_combined_lr,42,1,019,82,0,-4.156240944012644
all,body_combined_lr,42,1,021,70,0,0.20809622503865835
all,body_combined_lr,42,1,026,86,1,2.5111403468434927
all,body_combined_lr,42,1,028,55,0,-4.1273639494197205
all,body_combined_lr,42,1,029,35,0,-0.4251393791892485
all,body_combined_lr,42,1,031,38,1,-1.5659931718628897
all,body_combined_lr,42,1,036,77,0,-0.673595471827361
all,body_combined_lr,42,1,037,90,0,-1.0549011592178699
all,body_combined_lr,42,1,046,70,1,0.5955436089609842
all,body_combined_lr,42,1,056,47,1,0.962433105859121
all,body_combined_lr,42,1,061,24,1,2.021008151609844
all,body_combined_lr,42,1,062,55,0,-2.618611126278939
all,body_combined_lr,42,1,066,90,1,-0.12821915596924616
all,body_combined_lr,42,1,072,70,1,0.0797254588427033
all,body_combined_lr,42,1,073,13,1,1.5627648793669908
all,body_combined_lr,42,1,075,38,1,-2.393986931078442
all,body_combined_lr,42,1,077,86,1,2.297500366513521
all,body_combined_lr,42,1,085,18,0,-2.0979726533388137
all,body_combined_lr,42,1,086,18,0,-3.3364605818054165
all,body_combined_lr,42,1,088,82,0,-1.4253001016590128
all,body_combined_lr,42,1,093,73,1,3.3677070401248406
all,body_combined_lr,42,1,095,86,1,1.8936893835624633
all,body_combined_lr,42,1,096,17,0,-2.16623081972707
all,body_combined_lr,42,1,107,35,0,-0.7564265625067145
all,body_combined_lr,42,1,111,77,0,-0.495557346790081
all,body_combined_lr,42,1,124,37,1,0.5106336909235653
all,body_combined_lr,42,1,126,82,0,-2.706810484055209
all,body_combined_lr,42,1,132,38,0,-1.9643785843877504
all,body_combined_lr,42,1,141,37,1,2.72768492978598
all,body_combined_lr,42,1,157,77,0,-3.3173188597349994
all,body_combined_lr,42,1,172,18,0,-2.8985382762187277
all,body_combined_lr,42,1,177,32,0,0.8554747114164263
all,body_combined_lr,42,1,179,37,0,0.6416188113975327
all,body_combined_lr,42,1,180,73,1,2.1207711311343935
all,body_combined_lr,42,1,187,17,0,-0.6975887940779587
all,body_combined_lr,42,1,192,38,0,-2.7425251148389864
all,body_combined_lr,42,1,197,35,0,-1.666599279338658
all,body_combined_lr,42,1,199,82,0,-6.07678869670467
all,body_combined_lr,42,1,201,66,1,-1.1828298229445158
all,body_combined_lr,42,1,203,77,1,0.8479822607161198
all,body_combined_lr,42,1,219,73,1,2.549834761857518
all,body_combined_lr,42,1,223,38,0,-1.8299941810655787
all,body_combined_lr,42,1,233,37,1,1.253590238994085
all,body_combined_lr,42,1,237,18,0,-2.3174008158472343
all,body_combined_lr,42,1,249,17,1,1.8372170073817842
all,body_combined_lr,42,1,251,38,0,-0.5348692538731625
all,body_combined_lr,42,1,252,18,0,-1.2242442843063357
all,body_combined_lr,42,1,254,86,1,2.374636414829534
all,body_combined_lr,42,1,265,18,0,-1.973407166718726
all,body_combined_lr,42,1,271,47,1,0.8486358638370963
all,body_combined_lr,42,2,002,78,0,-0.1423858728881288
all,body_combined_lr,42,2,009,2,1,6.172887501279797
all,body_combined_lr,42,2,010,72,0,-0.6647085807593601
all,body_combined_lr,42,2,013,92,0,-0.8534269557069402
all,body_combined_lr,42,2,014,39,1,-0.6763060483273258
all,body_combined_lr,42,2,016,84,1,0.88627589687283
all,body_combined_lr,42,2,020,20,1,0.8585746023970176
all,body_combined_lr,42,2,024,89,0,0.10061761641483408
all,body_combined_lr,42,2,032,19,0,-1.6702630304068167
all,body_combined_lr,42,2,034,91,1,1.2795451440935126
all,body_combined_lr,42,2,048,67,0,-0.39942836420353645
all,body_combined_lr,42,2,053,78,0,1.0597525295019883
all,body_combined_lr,42,2,063,84,1,2.877159746602496
all,body_combined_lr,42,2,083,79,0,-0.3968708044966206
all,body_combined_lr,42,2,089,20,1,2.0091263338038083
all,body_combined_lr,42,2,097,2,1,0.7494525498149296
all,body_combined_lr,42,2,100,72,1,-0.5077936542012138
all,body_combined_lr,42,2,104,19,0,-0.8954914366713383
all,body_combined_lr,42,2,112,94,0,-2.3315599170157277
all,body_combined_lr,42,2,113,78,0,0.417876530655117
all,body_combined_lr,42,2,114,92,1,1.5290441642198676
all,body_combined_lr,42,2,118,91,1,1.3151728272283287
all,body_combined_lr,42,2,121,74,1,1.732734234409726
all,body_combined_lr,42,2,136,39,0,1.786532142815637
all,body_combined_lr,42,2,137,19,0,-1.3393446498376875
all,body_combined_lr,42,2,139,89,0,-0.327831828726164
all,body_combined_lr,42,2,140,84,1,-0.7428383104909498
all,body_combined_lr,42,2,144,63,1,1.179348178318755
all,body_combined_lr,42,2,146,78,0,0.43876944210319646
all,body_combined_lr,42,2,147,72,0,0.11263222047045418
all,body_combined_lr,42,2,158,74,1,2.072148765778841
all,body_combined_lr,42,2,161,79,1,0.32281253009833444
all,body_combined_lr,42,2,166,19,0,-0.8413122318761151
all,body_combined_lr,42,2,169,39,1,0.34391123034562066
all,body_combined_lr,42,2,173,89,0,-0.09769982430144782
all,body_combined_lr,42,2,175,74,1,2.3949788997343924
all,body_combined_lr,42,2,182,79,1,1.0836781461715022
all,body_combined_lr,42,2,195,94,0,-3.2004921655066667
all,body_combined_lr,42,2,196,67,0,-3.7460630736691884
all,body_combined_lr,42,2,200,21,0,-1.0603177259416503
all,body_combined_lr,42,2,205,95,0,-1.9668541137351927
all,body_combined_lr,42,2,208,79,1,1.3907783531288471
all,body_combined_lr,42,2,210,20,1,0.7606444118191679
all,body_combined_lr,42,2,214,92,0,-0.6670370060820504
all,body_combined_lr,42,2,221,72,1,-0.596477154866291
all,body_combined_lr,42,2,224,59,1,0.9801171562226891
all,body_combined_lr,42,2,225,67,0,-3.655741747490641
all,body_combined_lr,42,2,227,78,0,-0.9984658841110082
all,body_combined_lr,42,2,232,74,1,3.238430683405376
all,body_combined_lr,42,2,234,39,0,0.7327094576210048
all,body_combined_lr,42,2,235,89,0,1.0345815121349577
all,body_combined_lr,42,2,240,72,0,-0.020457761063438204
all,body_combined_lr,42,2,261,74,1,2.4687948666711397
all,body_combined_lr,42,2,268,21,0,-0.6681285070874328
all,body_combined_lr,42,2,272,33,1,0.5312768532233143
all,body_combined_lr,42,3,006,49,1,1.6497079480027945
all,body_combined_lr,42,3,008,28,0,0.4476959904504242
all,body_combined_lr,42,3,023,44,0,-0.5091142118654111
all,body_combined_lr,42,3,027,85,1,-0.07951516794203672
all,body_combined_lr,42,3,030,57,1,-2.4302582554103527
all,body_combined_lr,42,3,039,40,0,-2.1688783307795565
all,body_combined_lr,42,3,041,26,1,-1.5082783053069646
all,body_combined_lr,42,3,042,23,0,0.7127769142726774
all,body_combined_lr,42,3,045,49,1,-0.8728032115509601
all,body_combined_lr,42,3,051,28,0,-5.538543067391729
all,body_combined_lr,42,3,058,50,0,0.4173939582174184
all,body_combined_lr,42,3,060,44,0,0.5785623869121485
all,body_combined_lr,42,3,065,41,1,1.159498814491606
all,body_combined_lr,42,3,071,23,1,3.7627314439757438
all,body_combined_lr,42,3,076,4,1,0.749407053476791
all,body_combined_lr,42,3,078,93,0,-0.8382164123210666
all,body_combined_lr,42,3,081,40,0,-1.3416965721193315
all,body_combined_lr,42,3,091,96,1,-0.9018614312995302
all,body_combined_lr,42,3,094,93,1,-0.8730317777007225
all,body_combined_lr,42,3,098,4,1,1.2770852258498169
all,body_combined_lr,42,3,102,76,1,6.340614646627134
all,body_combined_lr,42,3,115,41,1,-0.014310409079724765
all,body_combined_lr,42,3,116,85,0,0.48202297044198894
all,body_combined_lr,42,3,119,40,0,-1.9993249268298714
all,body_combined_lr,42,3,128,96,1,2.968681321133994
all,body_combined_lr,42,3,142,44,0,-0.07021153159925611
all,body_combined_lr,42,3,143,28,0,-0.28997719257234467
all,body_combined_lr,42,3,149,40,0,1.0702099609839273
all,body_combined_lr,42,3,150,29,0,1.028631788643851
all,body_combined_lr,42,3,151,85,1,1.2426566327215554
all,body_combined_lr,42,3,152,58,1,1.0501945454786774
all,body_combined_lr,42,3,162,23,0,1.0912663783253058
all,body_combined_lr,42,3,168,4,1,0.3748665211704737
all,body_combined_lr,42,3,176,41,0,-0.5368644803358941
all,body_combined_lr,42,3,178,76,1,3.7844993254960344
all,body_combined_lr,42,3,188,85,0,-0.7689213997679089
all,body_combined_lr,42,3,190,44,0,-0.15742293127555906
all,body_combined_lr,42,3,198,93,0,-1.1981822810835205
all,body_combined_lr,42,3,213,44,1,1.6370840128259094
all,body_combined_lr,42,3,215,50,0,-2.251335773268148
all,body_combined_lr,42,3,217,76,1,3.578686300878614
all,body_combined_lr,42,3,226,41,1,-0.5117819997302103
all,body_combined_lr,42,3,236,44,0,1.2836451118549077
all,body_combined_lr,42,3,241,29,0,-0.1890930157772508
all,body_combined_lr,42,3,242,76,1,4.863960790413307
all,body_combined_lr,42,3,243,85,1,1.7288696789197115
all,body_combined_lr,42,3,246,50,0,-1.2490572136863516
all,body_combined_lr,42,3,258,85,1,0.1737334075670123
all,body_combined_lr,42,3,260,60,0,-1.9556208819662881
all,body_combined_lr,42,3,263,76,1,3.0685058121448385
all,body_combined_lr,42,3,264,31,0,-0.4898325886810524
all,body_combined_lr,42,3,269,44,0,-0.4573752206577524
all,body_combined_lr,42,3,270,49,0,-0.3772287837085128
all,body_combined_lr,42,4,003,1,0,-1.0173780376450936
all,body_combined_lr,42,4,004,45,1,1.0434862633535142
all,body_combined_lr,42,4,015,75,1,-1.2032899225180467
all,body_combined_lr,42,4,018,9,1,0.6358941214799886
all,body_combined_lr,42,4,035,83,1,-0.36857280103745915
all,body_combined_lr,42,4,038,43,1,-1.6276431895304855
all,body_combined_lr,42,4,043,9,1,0.27958704839714255
all,body_combined_lr,42,4,054,16,1,0.2869809585306487
all,body_combined_lr,42,4,064,88,0,-2.137601504935107
all,body_combined_lr,42,4,069,1,0,-1.3105991789629448
all,body_combined_lr,42,4,070,75,1,-0.41304009027254646
all,body_combined_lr,42,4,079,43,1,-0.1339507892791715
all,body_combined_lr,42,4,084,3,1,0.90603926421205
all,body_combined_lr,42,4,101,36,0,-1.2580071484012079
all,body_combined_lr,42,4,103,6,0,-3.111990188477587
all,body_combined_lr,42,4,105,16,1,1.0023648062588943
all,body_combined_lr,42,4,108,61,0,-1.8016154401228293
all,body_combined_lr,42,4,120,52,0,-3.5782874649600727
all,body_combined_lr,42,4,122,71,0,-2.0520245494101315
all,body_combined_lr,42,4,125,42,0,-2.874400617645943
all,body_combined_lr,42,4,127,75,1,0.8938793410474188
all,body_combined_lr,42,4,130,88,0,-2.3169647968361744
all,body_combined_lr,42,4,138,75,1,0.045565261586014025
all,body_combined_lr,42,4,145,36,0,-1.2620683975441764
all,body_combined_lr,42,4,153,83,1,0.5207425290302586
all,body_combined_lr,42,4,154,45,0,0.13433626576765212
all,body_combined_lr,42,4,155,68,1,1.3019893803258626
all,body_combined_lr,42,4,159,52,0,-2.8726973973209255
all,body_combined_lr,42,4,164,53,0,-2.050768451186915
all,body_combined_lr,42,4,170,53,0,-2.512256755097212
all,body_combined_lr,42,4,171,42,0,-2.336047588690825
all,body_combined_lr,42,4,174,1,0,-2.9858703868881284
all,body_combined_lr,42,4,181,6,0,-3.03290847100301
all,body_combined_lr,42,4,184,68,0,0.12970326212337527
all,body_combined_lr,42,4,185,71,0,-1.57932962044127
all,body_combined_lr,42,4,193,56,1,0.4372932066564207
all,body_combined_lr,42,4,204,27,0,-1.9210886965949214
all,body_combined_lr,42,4,206,42,0,-2.0087450471636887
all,body_combined_lr,42,4,207,3,1,1.2751440912008856
all,body_combined_lr,42,4,212,12,0,-0.7010231435140799
all,body_combined_lr,42,4,216,36,1,-0.2659207141207288
all,body_combined_lr,42,4,218,56,1,1.8338429196715071
all,body_combined_lr,42,4,220,88,0,-3.098747806905955
all,body_combined_lr,42,4,222,52,0,-2.856442785644114
all,body_combined_lr,42,4,228,43,1,0.5857715300489766
all,body_combined_lr,42,4,231,11,0,-0.9379126989750256
all,body_combined_lr,42,4,239,1,0,-1.5584614184321564
all,body_combined_lr,42,4,244,75,1,1.5558094891184533
all,body_combined_lr,42,4,247,88,0,-1.3376666144761455
all,body_combined_lr,42,4,248,36,1,0.6040130577998906
all,body_combined_lr,42,4,253,45,1,-0.4613438985401365
all,body_combined_lr,42,4,256,10,1,1.548218225973955
all,body_combined_lr,42,4,257,83,1,0.9823728085991165
all,body_combined_lr,42,4,259,62,1,0.6690231538506598
all,body_combined_lr,42,4,266,88,0,-3.0036212970972933
all,body_combined_lr,42,4,267,98,1,-1.3579950019164717
all,body_combined_lr,123,0,012,73,1,3.737742700427328
all,body_combined_lr,123,0,025,81,1,0.7146198692601327
all,body_combined_lr,123,0,033,46,1,3.1127861048569665
all,body_combined_lr,123,0,039,40,0,-1.652115963134464
all,body_combined_lr,123,0,041,26,1,-1.233581161815173
all,body_combined_lr,123,0,047,51,0,-0.8751130469345485
all,body_combined_lr,123,0,050,51,0,1.1558591892268009
all,body_combined_lr,123,0,058,50,0,0.6371305695720499
all,body_combined_lr,123,0,059,97,1,2.5790659842244366
all,body_combined_lr,123,0,068,22,1,1.5203194041284678
all,body_combined_lr,123,0,074,81,1,-0.07726625830040294
all,body_combined_lr,123,0,081,40,0,-0.9996708700774799
all,body_combined_lr,123,0,083,79,0,-0.5182453966973448
all,body_combined_lr,123,0,087,51,0,0.20005908838387987
all,body_combined_lr,123,0,092,51,0,0.5885370089344608
all,body_combined_lr,123,0,093,73,1,2.695221716165582
all,body_combined_lr,123,0,096,17,0,-1.380074782508142
all,body_combined_lr,123,0,099,97,1,2.0867281467197527
all,body_combined_lr,123,0,101,36,0,-2.2130365752949
all,body_combined_lr,123,0,103,6,0,-3.9621338761557086
all,body_combined_lr,123,0,109,46,1,3.034397515088029
all,body_combined_lr,123,0,110,22,1,0.8451374357645876
all,body_combined_lr,123,0,112,94,0,-2.298572719412232
all,body_combined_lr,123,0,119,40,0,-1.319012544665739
all,body_combined_lr,123,0,123,81,1,3.400500885829838
all,body_combined_lr,123,0,124,37,1,1.033087218576831
all,body_combined_lr,123,0,133,51,0,0.7955947383393882
all,body_combined_lr,123,0,141,37,1,3.248315811018899
all,body_combined_lr,123,0,145,36,0,-1.6503486458838286
all,body_combined_lr,123,0,149,40,0,0.6813119571390918
all,body_combined_lr,123,0,160,51,0,0.6887118753751706
all,body_combined_lr,123,0,161,79,1,0.8425226182970069
all,body_combined_lr,123,0,167,22,1,0.39762294210629906
all,body_combined_lr,123,0,177,32,0,1.319713873538779
all,body_combined_lr,123,0,179,37,0,0.34724335543129986
all,body_combined_lr,123,0,180,73,1,1.709581695035251
all,body_combined_lr,123,0,181,6,0,-2.5217705774336885
all,body_combined_lr,123,0,182,79,1,0.6807328897698894
all,body_combined_lr,123,0,186,51,0,-0.6783498223022735
all,body_combined_lr,123,0,187,17,0,0.10103265144876133
all,body_combined_lr,123,0,189,22,1,-0.508365487778944
all,body_combined_lr,123,0,195,94,0,-3.679708362010027
all,body_combined_lr,123,0,202,46,0,-0.12053197222156513
all,body_combined_lr,123,0,208,79,1,1.6829800093553402
all,body_combined_lr,123,0,215,50,0,-1.857678779674475
all,body_combined_lr,123,0,216,36,1,0.09993570097479587
all,body_combined_lr,123,0,219,73,1,2.1122419650719513
all,body_combined_lr,123,0,229,51,0,-0.35648999525607633
all,body_combined_lr,123,0,231,11,0,-0.6865867816216011
all,body_combined_lr,123,0,233,37,1,0.837455726072615
all,body_combined_lr,123,0,246,50,0,-0.717421751516031
all,body_combined_lr,123,0,248,36,1,0.8441245648461384
all,body_combined_lr,123,0,249,17,1,2.712785253915643
all,body_combined_lr,123,0,255,97,0,1.360347290479357
all,body_combined_lr,123,1,009,2,1,5.697700617956807
all,body_combined_lr,123,1,016,84,1,0.6024405314731258
all,body_combined_lr,123,1,020,20,1,0.748573648063787
all,body_combined_lr,123,1,021,70,0,0.13156181914707302
all,body_combined_lr,123,1,022,34,1,-0.011166799572750685
all,body_combined_lr,123,1,032,19,0,-1.6423264354628004
all,body_combined_lr,123,1,046,70,1,0.5551672849510746
all,body_combined_lr,123,1,048,67,0,-0.42758072181816253
all,body_combined_lr,123,1,061,24,1,1.9889543181812237
all,body_combined_lr,123,1,063,84,1,2.496037423988305
all,body_combined_lr,123,1,065,41,1,1.352661599934163
all,body_combined_lr,123,1,067,34,1,0.21506159390904894
all,body_combined_lr,123,1,072,70,1,-0.014005218734548588
all,body_combined_lr,123,1,078,93,0,-1.274986317276517
all,body_combined_lr,123,1,085,18,0,-2.2930998896911525
all,body_combined_lr,123,1,086,18,0,-3.323432149384612
all,body_combined_lr,123,1,089,20,1,1.6728552618380816
all,body_combined_lr,123,1,094,93,1,-0.5216045713053572
all,body_combined_lr,123,1,097,2,1,0.6621349199117639
all,body_combined_lr,123,1,102,76,1,4.9843513103180115
all,body_combined_lr,123,1,104,19,0,-1.0460850939664086
all,body_combined_lr,123,1,115,41,1,0.3537134813762452
all,body_combined_lr,123,1,125,42,0,-2.6849305452775756
all,body_combined_lr,123,1,137,19,0,-1.458513559073596
all,body_combined_lr,123,1,140,84,1,-1.0345917111318068
all,body_combined_lr,123,1,156,5,0,-0.7941965186816395
all,body_combined_lr,123,1,164,53,0,-2.4287902214405586
all,body_combined_lr,123,1,165,30,0,-3.3456876568102465
all,body_combined_lr,123,1,166,19,0,-1.0027871769473709
all,body_combined_lr,123,1,170,53,0,-2.585188208415716
all,body_combined_lr,123,1,171,42,0,-2.2603493719216763
all,body_combined_lr,123,1,172,18,0,-2.711755587422917
all,body_combined_lr,123,1,176,41,0,-0.719727196595306
all,body_combined_lr,123,1,178,76,1,3.0339130410529958
all,body_combined_lr,123,1,183,80,1,2.7092089887920783
all,body_combined_lr,123,1,194,5,0,-1.6129792841084931
all,body_combined_lr,123,1,196,67,0,-3.654811817817698
all,body_combined_lr,123,1,198,93,0,-1.4577091592056888
all,body_combined_lr,123,1,206,42,0,-1.7792066804655695
all,body_combined_lr,123,1,210,20,1,0.9259600492406701
all,body_combined_lr,123,1,212,12,0,-0.6834829653848785
all,body_combined_lr,123,1,217,76,1,2.9474702864613453
all,body_combined_lr,123,1,224,59,1,1.3599973882452996
all,body_combined_lr,123,1,225,67,0,-3.2996517758602955
all,body_combined_lr,123,1,226,41,1,-0.5687481530481204
all,body_combined_lr,123,1,230,34,0,-0.24976817517090755
all,body_combined_lr,123,1,237,18,0,-1.9579332787396573
all,body_combined_lr,123,1,242,76,1,4.223390452024568
all,body_combined_lr,123,1,245,80,1,2.333136114273793
all,body_combined_lr,123,1,252,18,0,-1.2152588798372266
all,body_combined_lr,123,1,256,10,1,1.830610673566032
all,body_combined_lr,123,1,259,62,1,0.7242327143197794
all,body_combined_lr,123,1,260,60,0,-1.9564584793553828
all,body_combined_lr,123,1,263,76,1,2.4701505084971087
all,body_combined_lr,123,1,265,18,0,-1.6956354835633736
all,body_combined_lr,123,2,008,28,0,0.46369503032104314
all,body_combined_lr,123,2,010,72,0,-1.3201485488449787
all,body_combined_lr,123,2,014,39,1,-0.7665572944436309
all,body_combined_lr,123,2,023,44,0,-1.2495147796201744
all,body_combined_lr,123,2,024,89,0,-0.6915918121719754
all,body_combined_lr,123,2,034,91,1,1.3244068675209961
all,body_combined_lr,123,2,035,83,1,0.7696623785363942
all,body_combined_lr,123,2,044,15,1,3.2489617589688073
all,body_combined_lr,123,2,051,28,0,-2.948408137739196
all,body_combined_lr,123,2,055,15,1,-1.2822299388844347
all,body_combined_lr,123,2,060,44,0,0.8385876663003361
all,body_combined_lr,123,2,073,13,1,2.251793198056175
all,body_combined_lr,123,2,076,4,1,1.4421743529305238
all,body_combined_lr,123,2,082,15,1,0.2629941739216335
all,body_combined_lr,123,2,098,4,1,1.1859145402394524
all,body_combined_lr,123,2,100,72,1,-0.7519098691397345
all,body_combined_lr,123,2,106,48,1,-1.7554473316988084
all,body_combined_lr,123,2,117,7,0,-3.838284727842751
all,body_combined_lr,123,2,118,91,1,1.174772115018917
all,body_combined_lr,123,2,120,52,0,-4.734030065213061
all,body_combined_lr,123,2,131,54,1,0.22253082430761167
all,body_combined_lr,123,2,136,39,0,2.795329158716975
all,body_combined_lr,123,2,139,89,0,-0.350149441365106
all,body_combined_lr,123,2,142,44,0,0.056586517476690065
all,body_combined_lr,123,2,143,28,0,-0.5006062842416887
all,body_combined_lr,123,2,147,72,0,0.6463883602707681
all,body_combined_lr,123,2,148,7,0,-3.855952192394409
all,body_combined_lr,123,2,150,29,0,0.9053777836711957
all,body_combined_lr,123,2,152,58,1,2.0662809756544505
all,body_combined_lr,123,2,153,83,1,0.7471112480339013
all,body_combined_lr,123,2,159,52,0,-3.426538189920892
all,body_combined_lr,123,2,163,48,0,1.4409935776517793
all,body_combined_lr,123,2,168,4,1,0.057476972602475584
all,body_combined_lr,123,2,169,39,1,0.6946061668309511
all,body_combined_lr,123,2,173,89,0,-0.4137086129355175
all,body_combined_lr,123,2,190,44,0,-1.0210776621509063
all,body_combined_lr,123,2,193,56,1,1.1055821554137606
all,body_combined_lr,123,2,200,21,0,-1.2567459318355825
all,body_combined_lr,123,2,201,66,1,-1.3831165249579846
all,body_combined_lr,123,2,204,27,0,-2.1720466704787267
all,body_combined_lr,123,2,205,95,0,-2.443293020558174
all,body_combined_lr,123,2,213,44,1,2.01831998976161
all,body_combined_lr,123,2,218,56,1,2.0398963454747396
all,body_combined_lr,123,2,221,72,1,-0.3976041096732684
all,body_combined_lr,123,2,222,52,0,-3.8406014616721422
all,body_combined_lr,123,2,234,39,0,1.386356515665077
all,body_combined_lr,123,2,235,89,0,0.6015852509966991
all,body_combined_lr,123,2,236,44,0,1.1440892839705727
all,body_combined_lr,123,2,238,54,1,-0.43163980055876305
all,body_combined_lr,123,2,240,72,0,0.0961305060561691
all,body_combined_lr,123,2,241,29,0,-0.3680286760269738
all,body_combined_lr,123,2,250,15,1,1.9273287297463129
all,body_combined_lr,123,2,257,83,1,1.3641343305915778
all,body_combined_lr,123,2,268,21,0,-0.651863642972712
all,body_combined_lr,123,2,269,44,0,-0.24238124923177673
all,body_combined_lr,123,2,272,33,1,1.446956063762913
all,body_combined_lr,123,3,002,78,0,0.1787598351678214
all,body_combined_lr,123,3,003,1,0,-1.0668984660132708
all,body_combined_lr,123,3,006,49,1,1.3828624906904
all,body_combined_lr,123,3,007,90,1,0.38082390073988287
all,body_combined_lr,123,3,011,47,1,0.4868544114294494
all,body_combined_lr,123,3,013,92,0,-0.9152300371348571
all,body_combined_lr,123,3,018,9,1,0.16955572132543062
all,body_combined_lr,123,3,019,82,0,-4.6561277561406085
all,body_combined_lr,123,3,028,55,0,-4.379539642899459
all,body_combined_lr,123,3,030,57,1,-2.7974664695536138
all,body_combined_lr,123,3,031,38,1,-1.7180492903764013
all,body_combined_lr,123,3,037,90,0,-1.0335041198765982
all,body_combined_lr,123,3,038,43,1,-0.509814537713637
all,body_combined_lr,123,3,043,9,1,-0.1959802688712004
all,body_combined_lr,123,3,045,49,1,-0.609105442399079
all,body_combined_lr,123,3,053,78,0,1.421805238184941
all,body_combined_lr,123,3,056,47,1,0.6452682950585423
all,body_combined_lr,123,3,062,55,0,-2.346618361248648
all,body_combined_lr,123,3,066,90,1,-0.3535144705605236
all,body_combined_lr,123,3,069,1,0,-1.4048012389682154
all,body_combined_lr,123,3,075,38,1,-2.4231522410615858
all,body_combined_lr,123,3,079,43,1,0.3722201262255913
all,body_combined_lr,123,3,084,3,1,1.1670124908036943
all,body_combined_lr,123,3,088,82,0,-1.4207903957761983
all,body_combined_lr,123,3,108,61,0,-1.9252277511265998
all,body_combined_lr,123,3,113,78,0,0.7662953043476711
all,body_combined_lr,123,3,114,92,1,1.119559098268772
all,body_combined_lr,123,3,121,74,1,1.161747514672892
all,body_combined_lr,123,3,122,71,0,-2.2392866184547606
all,body_combined_lr,123,3,126,82,0,-2.859550576271143
all,body_combined_lr,123,3,132,38,0,-1.597951783318791
all,body_combined_lr,123,3,135,64,1,2.8786209313427134
all,body_combined_lr,123,3,144,63,1,0.883319680322448
all,body_combined_lr,123,3,146,78,0,0.6112561731111108
all,body_combined_lr,123,3,158,74,1,2.0936209196689917
all,body_combined_lr,123,3,174,1,0,-2.6447048302736595
all,body_combined_lr,123,3,175,74,1,2.368646542366397
all,body_combined_lr,123,3,185,71,0,-1.7292570197980723
all,body_combined_lr,123,3,192,38,0,-2.714844856865162
all,body_combined_lr,123,3,199,82,0,-7.136332258394592
all,body_combined_lr,123,3,207,3,1,0.8782757943507111
all,body_combined_lr,123,3,209,64,0,0.4114175971296804
all,body_combined_lr,123,3,214,92,0,-0.5985805205609305
all,body_combined_lr,123,3,223,38,0,-1.6825467203237379
all,body_combined_lr,123,3,227,78,0,-0.5221151994105951
all,body_combined_lr,123,3,228,43,1,0.6566210626566269
all,body_combined_lr,123,3,232,74,1,2.815155546248534
all,body_combined_lr,123,3,239,1,0,-1.6963441600568934
all,body_combined_lr,123,3,251,38,0,-0.5399973410214404
all,body_combined_lr,123,3,261,74,1,2.3924250196192283
all,body_combined_lr,123,3,262,14,0,-0.34111777984827185
all,body_combined_lr,123,3,270,49,0,0.1081126445846853
all,body_combined_lr,123,3,271,47,1,0.47508281110420714
all,body_combined_lr,123,4,001,87,0,-1.0051143672802092
all,body_combined_lr,123,4,004,45,1,1.2211979020292507
all,body_combined_lr,123,4,005,65,0,-1.041953161616702
all,body_combined_lr,123,4,015,75,1,-0.7732615494551599
all,body_combined_lr,123,4,017,8,0,-1.1571625573060436
all,body_combined_lr,123,4,026,86,1,2.2321949237782674
all,body_combined_lr,123,4,027,85,1,0.3489294597222849
all,body_combined_lr,123,4,029,35,0,-0.349635264321222
all,body_combined_lr,123,4,036,77,0,-0.6615767353022319
all,body_combined_lr,123,4,040,8,0,-0.5579544890142121
all,body_combined_lr,123,4,042,23,0,0.9026425106108531
all,body_combined_lr,123,4,049,87,0,-0.8495479778994197
all,body_combined_lr,123,4,052,8,0,0.14429756532058152
all,body_combined_lr,123,4,054,16,1,0.33582873538592284
all,body_combined_lr,123,4,057,69,1,1.773395603473446
all,body_combined_lr,123,4,064,88,0,-1.68861537754738
all,body_combined_lr,123,4,070,75,1,0.0008268566075499695
all,body_combined_lr,123,4,071,23,1,3.0295733553183273
all,body_combined_lr,123,4,077,86,1,2.400477958560418
all,body_combined_lr,123,4,080,25,0,-0.22730800005841234
all,body_combined_lr,123,4,090,69,0,1.2126692214714139
all,body_combined_lr,123,4,091,96,1,0.189994287463288
all,body_combined_lr,123,4,095,86,1,1.831868071784268
all,body_combined_lr,123,4,105,16,1,1.1997007638484456
all,body_combined_lr,123,4,107,35,0,-1.1001799617074264
all,body_combined_lr,123,4,111,77,0,-0.5950218486594706
all,body_combined_lr,123,4,116,85,0,0.6618815343482565
all,body_combined_lr,123,4,127,75,1,1.3526247076839508
all,body_combined_lr,123,4,128,96,1,2.99029534715949
all,body_combined_lr,123,4,129,69,1,1.4047539873897894
all,body_combined_lr,123,4,130,88,0,-2.402266428330408
all,body_combined_lr,123,4,134,69,1,0.6975850884256958
all,body_combined_lr,123,4,138,75,1,0.3662281345048236
all,body_combined_lr,123,4,151,85,1,0.6256117351035203
all,body_combined_lr,123,4,154,45,0,0.17559917101665623
all,body_combined_lr,123,4,155,68,1,1.4767512142432089
all,body_combined_lr,123,4,157,77,0,-3.143482256072834
all,body_combined_lr,123,4,162,23,0,0.6356095421777729
all,body_combined_lr,123,4,184,68,0,-0.09412290616940303
all,body_combined_lr,123,4,188,85,0,-0.7606249107048645
all,body_combined_lr,123,4,191,87,0,-2.485746847563569
all,body_combined_lr,123,4,197,35,0,-1.13581012561361
all,body_combined_lr,123,4,203,77,1,0.8731701620620356
all,body_combined_lr,123,4,211,87,0,-2.256712517271537
all,body_combined_lr,123,4,220,88,0,-3.040860658459521
all,body_combined_lr,123,4,243,85,1,0.9910448736472075
all,body_combined_lr,123,4,244,75,1,1.9874003536562475
all,body_combined_lr,123,4,247,88,0,-1.2477097498099428
all,body_combined_lr,123,4,253,45,1,-0.1427607899268986
all,body_combined_lr,123,4,254,86,1,2.1732690670235066
all,body_combined_lr,123,4,258,85,1,0.1280452241656892
all,body_combined_lr,123,4,264,31,0,-0.3171864990727776
all,body_combined_lr,123,4,266,88,0,-2.734484103351562
all,body_combined_lr,123,4,267,98,1,-0.9403228200990539
all,body_combined_lr,456,0,006,49,1,1.6625719768794873
all,body_combined_lr,456,0,009,2,1,6.071098647542411
all,body_combined_lr,456,0,014,39,1,-0.9404064749197532
all,body_combined_lr,456,0,025,81,1,0.5663406101884874
all,body_combined_lr,456,0,026,86,1,2.2059106183273016
all,body_combined_lr,456,0,032,19,0,-1.7154529458099705
all,body_combined_lr,456,0,034,91,1,1.0449880439137273
all,body_combined_lr,456,0,045,49,1,0.37526013688135507
all,body_combined_lr,456,0,047,51,0,-1.1298729389897937
all,body_combined_lr,456,0,048,67,0,-0.4567884348516285
all,body_combined_lr,456,0,050,51,0,0.4546271246435696
all,body_combined_lr,456,0,054,16,1,0.18111021895037704
all,body_combined_lr,456,0,059,97,1,2.5143753119722936
all,body_combined_lr,456,0,068,22,1,2.350478543002326
all,body_combined_lr,456,0,074,81,1,0.07868291368723992
all,body_combined_lr,456,0,077,86,1,2.4135319018536965
all,body_combined_lr,456,0,078,93,0,-1.3213595993442193
all,body_combined_lr,456,0,084,3,1,1.8034759709085284
all,body_combined_lr,456,0,087,51,0,-0.09595145621148331
all,body_combined_lr,456,0,092,51,0,0.32031942273278713
all,body_combined_lr,456,0,094,93,1,-0.9551452554760036
all,body_combined_lr,456,0,095,86,1,1.1875801250406306
all,body_combined_lr,456,0,097,2,1,0.6440038929583576
all,body_combined_lr,456,0,099,97,1,1.930166958663838
all,body_combined_lr,456,0,104,19,0,-1.4292604971723182
all,body_combined_lr,456,0,105,16,1,1.1890483338873337
all,body_combined_lr,456,0,110,22,1,0.8681026975689698
all,body_combined_lr,456,0,117,7,0,-3.875382177265242
all,body_combined_lr,456,0,118,91,1,1.0950340198162796
all,body_combined_lr,456,0,122,71,0,-2.1903599683785226
all,body_combined_lr,456,0,123,81,1,3.5436206592310304
all,body_combined_lr,456,0,133,51,0,0.4610032761736962
all,body_combined_lr,456,0,136,39,0,2.253170296944721
all,body_combined_lr,456,0,137,19,0,-1.53645325570885
all,body_combined_lr,456,0,148,7,0,-3.9696815800076553
all,body_combined_lr,456,0,160,51,0,0.33768455028442806
all,body_combined_lr,456,0,166,19,0,-0.9884918172065476
all,body_combined_lr,456,0,167,22,1,0.41654835701905946
all,body_combined_lr,456,0,169,39,1,0.7563121667447512
all,body_combined_lr,456,0,185,71,0,-1.8905146592166135
all,body_combined_lr,456,0,186,51,0,-1.014300234669403
all,body_combined_lr,456,0,189,22,1,-0.5855832488240813
all,body_combined_lr,456,0,196,67,0,-3.8217607403593563
all,body_combined_lr,456,0,198,93,0,-1.3991167829190143
all,body_combined_lr,456,0,200,21,0,-1.282463317716064
all,body_combined_lr,456,0,207,3,1,1.9523411488775562
all,body_combined_lr,456,0,225,67,0,-3.485396944984633
all,body_combined_lr,456,0,229,51,0,-0.6545828530234284
all,body_combined_lr,456,0,231,11,0,-0.9557238808355826
all,body_combined_lr,456,0,234,39,0,1.2842123035579582
all,body_combined_lr,456,0,254,86,1,1.8394847483702292
all,body_combined_lr,456,0,255,97,0,1.0408204636552474
all,body_combined_lr,456,0,267,98,1,-1.0473745681521605
all,body_combined_lr,456,0,268,21,0,-0.8033852231491156
all,body_combined_lr,456,0,270,49,0,-0.2846519700320961
all,body_combined_lr,456,1,005,65,0,-1.059325346685051
all,body_combined_lr,456,1,011,47,1,0.45158237541688984
all,body_combined_lr,456,1,015,75,1,-1.220766819630925
all,body_combined_lr,456,1,016,84,1,0.654659647376581
all,body_combined_lr,456,1,019,82,0,-3.9425688080688817
all,body_combined_lr,456,1,022,34,1,0.10306517303220905
all,body_combined_lr,456,1,031,38,1,-1.8138567657112579
all,body_combined_lr,456,1,033,46,1,2.107011945152664
all,body_combined_lr,456,1,056,47,1,0.7179054849628534
all,body_combined_lr,456,1,058,50,0,-0.0238339113451392
all,body_combined_lr,456,1,063,84,1,2.2311184171096725
all,body_combined_lr,456,1,067,34,1,-0.10833485785464841
all,body_combined_lr,456,1,070,75,1,-0.05708534725480935
all,body_combined_lr,456,1,075,38,1,-2.8355458688548656
all,body_combined_lr,456,1,083,79,0,-0.6783540644521183
all,body_combined_lr,456,1,085,18,0,-2.110573143824741
all,body_combined_lr,456,1,086,18,0,-3.215797747790429
all,body_combined_lr,456,1,088,82,0,-1.3307909333784527
all,body_combined_lr,456,1,096,17,0,-2.5461576172738996
all,body_combined_lr,456,1,109,46,1,2.597419586859175
all,body_combined_lr,456,1,120,52,0,-4.617633720603874
all,body_combined_lr,456,1,126,82,0,-2.6609605577351716
all,body_combined_lr,456,1,127,75,1,0.9139854718500537
all,body_combined_lr,456,1,132,38,0,-2.2021788633146664
all,body_combined_lr,456,1,138,75,1,0.058198263623389784
all,body_combined_lr,456,1,140,84,1,-1.1110586949312078
all,body_combined_lr,456,1,144,63,1,0.817175404345063
all,body_combined_lr,456,1,152,58,1,2.2012348209855936
all,body_combined_lr,456,1,159,52,0,-3.532984550033943
all,body_combined_lr,456,1,161,79,1,0.12653785784856306
all,body_combined_lr,456,1,165,30,0,-3.860106754792026
all,body_combined_lr,456,1,172,18,0,-2.8176536191450645
all,body_combined_lr,456,1,182,79,1,0.7918695972272584
all,body_combined_lr,456,1,183,80,1,2.948922498331001
all,body_combined_lr,456,1,187,17,0,-0.7213289058690275
all,body_combined_lr,456,1,192,38,0,-3.053609636657932
all,body_combined_lr,456,1,199,82,0,-6.285880208199465
all,body_combined_lr,456,1,202,46,0,-1.037683451976852
all,body_combined_lr,456,1,208,79,1,1.4167706749190054
all,body_combined_lr,456,1,215,50,0,-2.353143725615129
all,body_combined_lr,456,1,222,52,0,-3.8633469128134488
all,body_combined_lr,456,1,223,38,0,-1.9032197427414321
all,body_combined_lr,456,1,230,34,0,0.31418116936029783
all,body_combined_lr,456,1,237,18,0,-2.4694419500950877
all,body_combined_lr,456,1,244,75,1,2.232518527279412
all,body_combined_lr,456,1,245,80,1,2.3638075625715604
all,body_combined_lr,456,1,246,50,0,-1.0539147297577487
all,body_combined_lr,456,1,249,17,1,1.914709601741097
all,body_combined_lr,456,1,251,38,0,-0.7436535774406504
all,body_combined_lr,456,1,252,18,0,-1.2399504266224346
all,body_combined_lr,456,1,260,60,0,-1.4233084829176346
all,body_combined_lr,456,1,265,18,0,-1.9036808286459916
all,body_combined_lr,456,1,271,47,1,0.6348130776521905
all,body_combined_lr,456,2,001,87,0,-2.2697465265048002
all,body_combined_lr,456,2,010,72,0,-1.612888735518883
all,body_combined_lr,456,2,017,8,0,-1.8675239600403146
all,body_combined_lr,456,2,040,8,0,-0.07179460135786914
all,body_combined_lr,456,2,041,26,1,-0.6451067379190679
all,body_combined_lr,456,2,044,15,1,5.282199360175457
all,body_combined_lr,456,2,049,87,0,-1.8195299664540143
all,body_combined_lr,456,2,052,8,0,-0.24792498683821879
all,body_combined_lr,456,2,055,15,1,-3.6992537572246937
all,body_combined_lr,456,2,057,69,1,2.6291835261171888
all,body_combined_lr,456,2,061,24,1,2.6116441073792416
all,body_combined_lr,456,2,064,88,0,-2.0331656068831343
all,body_combined_lr,456,2,082,15,1,-2.128892066440337
all,body_combined_lr,456,2,090,69,0,3.441361591059231
all,body_combined_lr,456,2,100,72,1,-1.578854881637279
all,body_combined_lr,456,2,112,94,0,-3.427719914591135
all,body_combined_lr,456,2,121,74,1,2.810804166294036
all,body_combined_lr,456,2,124,37,1,0.7710881969082518
all,body_combined_lr,456,2,125,42,0,-4.054943461157831
all,body_combined_lr,456,2,129,69,1,2.7112708405969914
all,body_combined_lr,456,2,130,88,0,-3.4821678467640793
all,body_combined_lr,456,2,134,69,1,2.192144543550844
all,body_combined_lr,456,2,135,64,1,6.900583029207364
all,body_combined_lr,456,2,141,37,1,5.468840122224739
all,body_combined_lr,456,2,147,72,0,4.149414478362961
all,body_combined_lr,456,2,156,5,0,-0.5636641596187981
all,body_combined_lr,456,2,158,74,1,3.880140132334813
all,body_combined_lr,456,2,171,42,0,-4.366806528412708
all,body_combined_lr,456,2,175,74,1,5.311409880387946
all,body_combined_lr,456,2,177,32,0,1.429701231543544
all,body_combined_lr,456,2,179,37,0,0.38732843140834955
all,body_combined_lr,456,2,191,87,0,-5.495524451361199
all,body_combined_lr,456,2,193,56,1,2.1737702743286587
all,body_combined_lr,456,2,194,5,0,-2.3654769145514414
all,body_combined_lr,456,2,195,94,0,-3.448995721936182
all,body_combined_lr,456,2,204,27,0,-2.721901079984076
all,body_combined_lr,456,2,206,42,0,-4.636350463980071
all,body_combined_lr,456,2,209,64,0,1.8798904985318559
all,body_combined_lr,456,2,211,87,0,-5.0357688001590555
all,body_combined_lr,456,2,218,56,1,4.793363567323777
all,body_combined_lr,456,2,220,88,0,-4.550566445227483
all,body_combined_lr,456,2,221,72,1,-1.7377311797683175
all,body_combined_lr,456,2,232,74,1,5.3703711051792355
all,body_combined_lr,456,2,233,37,1,1.4808032221569436
all,body_combined_lr,456,2,240,72,0,-0.7599201844685085
all,body_combined_lr,456,2,247,88,0,-1.750194982414172
all,body_combined_lr,456,2,250,15,1,2.1177516856090683
all,body_combined_lr,456,2,256,10,1,2.7726508643697647
all,body_combined_lr,456,2,259,62,1,0.9228096938779738
all,body_combined_lr,456,2,261,74,1,5.086213622159615
all,body_combined_lr,456,2,262,14,0,0.06929841221478726
all,body_combined_lr,456,2,264,31,0,-0.4513946353061377
all,body_combined_lr,456,2,266,88,0,-3.1211074771395024
all,body_combined_lr,456,2,272,33,1,1.141412739944532
all,body_combined_lr,456,3,004,45,1,1.4110667065750722
all,body_combined_lr,456,3,008,28,0,0.4291344094940574
all,body_combined_lr,456,3,012,73,1,3.9804105276136834
all,body_combined_lr,456,3,018,9,1,0.9319853146480424
all,body_combined_lr,456,3,023,44,0,-1.1869600988394973
all,body_combined_lr,456,3,024,89,0,0.0038645130570061637
all,body_combined_lr,456,3,027,85,1,0.48320125358042093
all,body_combined_lr,456,3,029,35,0,-0.5085419454464516
all,body_combined_lr,456,3,030,57,1,-2.3407925657561264
all,body_combined_lr,456,3,035,83,1,0.35506950466732007
all,body_combined_lr,456,3,036,77,0,-0.6848728457651594
all,body_combined_lr,456,3,042,23,0,0.8347318347207366
all,body_combined_lr,456,3,043,9,1,0.806436255170689
all,body_combined_lr,456,3,051,28,0,-3.5513290169445426
all,body_combined_lr,456,3,060,44,0,0.6698502683897898
all,body_combined_lr,456,3,071,23,1,3.4012058526640465
all,body_combined_lr,456,3,076,4,1,1.4907016343102495
all,body_combined_lr,456,3,080,25,0,-0.3879349955688809
all,body_combined_lr,456,3,093,73,1,3.3317161133074227
all,body_combined_lr,456,3,098,4,1,1.1588415235538514
all,body_combined_lr,456,3,101,36,0,-1.296027778155551
all,body_combined_lr,456,3,107,35,0,-0.8981814172685434
all,body_combined_lr,456,3,111,77,0,-0.4342300815742649
all,body_combined_lr,456,3,116,85,0,0.5235011261999383
all,body_combined_lr,456,3,139,89,0,-0.2816778652346851
all,body_combined_lr,456,3,142,44,0,-0.39055871328480535
all,body_combined_lr,456,3,143,28,0,-0.3188951839550149
all,body_combined_lr,456,3,145,36,0,-1.433798133630838
all,body_combined_lr,456,3,151,85,1,0.721934449351429
all,body_combined_lr,456,3,153,83,1,0.87431600254813
all,body_combined_lr,456,3,154,45,0,0.30476414219852327
all,body_combined_lr,456,3,155,68,1,1.7170171575740603
all,body_combined_lr,456,3,157,77,0,-2.5673775552996934
all,body_combined_lr,456,3,162,23,0,0.9324889464530894
all,body_combined_lr,456,3,168,4,1,0.20049984081961525
all,body_combined_lr,456,3,173,89,0,-0.2433173096988732
all,body_combined_lr,456,3,180,73,1,1.8396333903952617
all,body_combined_lr,456,3,184,68,0,0.2790812565048264
all,body_combined_lr,456,3,188,85,0,-0.9415869779156802
all,body_combined_lr,456,3,190,44,0,-0.8244205381675
all,body_combined_lr,456,3,197,35,0,-1.1428459602721937
all,body_combined_lr,456,3,201,66,1,-1.250338179493657
all,body_combined_lr,456,3,203,77,1,1.0392467521654103
all,body_combined_lr,456,3,212,12,0,-0.4033380463813175
all,body_combined_lr,456,3,213,44,1,1.4960777582453373
all,body_combined_lr,456,3,216,36,1,0.5199355579694622
all,body_combined_lr,456,3,219,73,1,2.47948170596328
all,body_combined_lr,456,3,224,59,1,1.0013226902065444
all,body_combined_lr,456,3,235,89,0,1.0505939918737692
all,body_combined_lr,456,3,236,44,0,0.6838718271500748
all,body_combined_lr,456,3,243,85,1,1.1298383669782068
all,body_combined_lr,456,3,248,36,1,0.7313713020911616
all,body_combined_lr,456,3,253,45,1,-0.12220228976814118
all,body_combined_lr,456,3,257,83,1,1.7325725534553333
all,body_combined_lr,456,3,258,85,1,-0.09308039524882511
all,body_combined_lr,456,3,269,44,0,-0.14810080966485312
all,body_combined_lr,456,4,002,78,0,0.9148553503485992
all,body_combined_lr,456,4,003,1,0,-2.3475308607283845
all,body_combined_lr,456,4,007,90,1,-0.25234766279138504
all,body_combined_lr,456,4,013,92,0,-2.015321550800535
all,body_combined_lr,456,4,020,20,1,1.6603867000193246
all,body_combined_lr,456,4,021,70,0,0.7440382101715725
all,body_combined_lr,456,4,028,55,0,-6.730314930211455
all,body_combined_lr,456,4,037,90,0,-2.1682996737742046
all,body_combined_lr,456,4,038,43,1,-1.0635460300984834
all,body_combined_lr,456,4,039,40,0,-1.768554971562794
all,body_combined_lr,456,4,046,70,1,0.2283889096861067
all,body_combined_lr,456,4,053,78,0,2.588438204884887
all,body_combined_lr,456,4,062,55,0,-4.390441986305761
all,body_combined_lr,456,4,065,41,1,3.767942106666745
all,body_combined_lr,456,4,066,90,1,-1.2088575320123764
all,body_combined_lr,456,4,069,1,0,-2.095547090456032
all,body_combined_lr,456,4,072,70,1,-1.086483362278649
all,body_combined_lr,456,4,073,13,1,3.754115578120884
all,body_combined_lr,456,4,079,43,1,-0.30379688745768885
all,body_combined_lr,456,4,081,40,0,-0.7465056426556106
all,body_combined_lr,456,4,089,20,1,3.2013278598967396
all,body_combined_lr,456,4,091,96,1,-0.4729229639393256
all,body_combined_lr,456,4,102,76,1,8.709872675918417
all,body_combined_lr,456,4,103,6,0,-3.430394247337431
all,body_combined_lr,456,4,106,48,1,-3.594712536083306
all,body_combined_lr,456,4,108,61,0,-3.987089905255154
all,body_combined_lr,456,4,113,78,0,0.9074159520816463
all,body_combined_lr,456,4,114,92,1,1.9431717575397194
all,body_combined_lr,456,4,115,41,1,0.9993173939744417
all,body_combined_lr,456,4,119,40,0,-1.4595449892421142
all,body_combined_lr,456,4,128,96,1,7.450827111039588
all,body_combined_lr,456,4,131,54,1,0.9664113159892271
all,body_combined_lr,456,4,146,78,0,1.2997078220186207
all,body_combined_lr,456,4,149,40,0,0.0860415382672664
all,body_combined_lr,456,4,150,29,0,1.5122702278791582
all,body_combined_lr,456,4,163,48,0,0.10965736494723394
all,body_combined_lr,456,4,164,53,0,-2.928262683979516
all,body_combined_lr,456,4,170,53,0,-4.3808159913449485
all,body_combined_lr,456,4,174,1,0,-5.213137014467557
all,body_combined_lr,456,4,176,41,0,-0.283818847273537
all,body_combined_lr,456,4,178,76,1,5.210538574738971
all,body_combined_lr,456,4,181,6,0,-5.24292825035083
all,body_combined_lr,456,4,205,95,0,-2.2443841589986913
all,body_combined_lr,456,4,210,20,1,1.567600684556976
all,body_combined_lr,456,4,214,92,0,-1.4753078593303954
all,body_combined_lr,456,4,217,76,1,6.178192571659812
all,body_combined_lr,456,4,226,41,1,-0.9585532070212327
all,body_combined_lr,456,4,227,78,0,-2.8449084696798406
all,body_combined_lr,456,4,228,43,1,-0.45542082786220073
all,body_combined_lr,456,4,238,54,1,-1.1450881593199704
all,body_combined_lr,456,4,239,1,0,-4.337308938079491
all,body_combined_lr,456,4,241,29,0,-2.354352009609519
all,body_combined_lr,456,4,242,76,1,8.37595500562665
all,body_combined_lr,456,4,263,76,1,3.8152755010081196
all,body_combined_lr,789,0,003,1,0,-1.3077151054658906
all,body_combined_lr,789,0,013,92,0,-1.1768388682591056
all,body_combined_lr,789,0,017,8,0,-0.7225665092520586
all,body_combined_lr,789,0,018,9,1,1.3725391752619438
all,body_combined_lr,789,0,026,86,1,2.130052818988929
all,body_combined_lr,789,0,035,83,1,-0.2171510687534211
all,body_combined_lr,789,0,040,8,0,-0.016149735243800603
all,body_combined_lr,789,0,043,9,1,0.45719290886937336
all,body_combined_lr,789,0,047,51,0,-0.8138764688000613
all,body_combined_lr,789,0,050,51,0,0.8810513874671577
all,body_combined_lr,789,0,052,8,0,0.47216481023892953
all,body_combined_lr,789,0,059,97,1,2.2572805035297905
all,body_combined_lr,789,0,068,22,1,1.587089558515422
all,body_combined_lr,789,0,069,1,0,-1.0449095848483303
all,body_combined_lr,789,0,073,13,1,1.4545774614105051
all,body_combined_lr,789,0,077,86,1,2.4166582095149574
all,body_combined_lr,789,0,080,25,0,-0.6371747308083893
all,body_combined_lr,789,0,083,79,0,-0.37196515054347845
all,body_combined_lr,789,0,087,51,0,0.20761063204499866
all,body_combined_lr,789,0,091,96,1,0.23643217758861665
all,body_combined_lr,789,0,092,51,0,0.627802622809469
all,body_combined_lr,789,0,095,86,1,1.553989237450632
all,body_combined_lr,789,0,099,97,1,1.9503398231530393
all,body_combined_lr,789,0,110,22,1,1.0602632057755206
all,body_combined_lr,789,0,114,92,1,1.2515465709582154
all,body_combined_lr,789,0,122,71,0,-1.908030449114725
all,body_combined_lr,789,0,128,96,1,2.9406828356997776
all,body_combined_lr,789,0,133,51,0,0.5329860555387329
all,body_combined_lr,789,0,144,63,1,1.3410114034417524
all,body_combined_lr,789,0,153,83,1,0.4409948849204173
all,body_combined_lr,789,0,155,68,1,1.705159906778044
all,body_combined_lr,789,0,156,5,0,-1.291767138922384
all,body_combined_lr,789,0,160,51,0,0.7726691032279001
all,body_combined_lr,789,0,161,79,1,1.0631032850892825
all,body_combined_lr,789,0,164,53,0,-2.776388909863655
all,body_combined_lr,789,0,167,22,1,0.500967773333558
all,body_combined_lr,789,0,170,53,0,-2.885271467073777
all,body_combined_lr,789,0,174,1,0,-2.443245181673475
all,body_combined_lr,789,0,177,32,0,1.1095225469999754
all,body_combined_lr,789,0,182,79,1,0.9474114694770461
all,body_combined_lr,789,0,184,68,0,0.8347511815049712
all,body_combined_lr,789,0,185,71,0,-1.7354824399921018
all,body_combined_lr,789,0,186,51,0,-0.7308017076273579
all,body_combined_lr,789,0,189,22,1,-0.45298116613704653
all,body_combined_lr,789,0,194,5,0,-2.1851965013467316
all,body_combined_lr,789,0,201,66,1,-1.1597949856278813
all,body_combined_lr,789,0,208,79,1,1.8362571695324679
all,body_combined_lr,789,0,214,92,0,-0.6255597391506511
all,body_combined_lr,789,0,229,51,0,-0.2570687227143811
all,body_combined_lr,789,0,239,1,0,-1.6524913984682432
all,body_combined_lr,789,0,254,86,1,1.8678639937297945
all,body_combined_lr,789,0,255,97,0,1.0535768515733825
all,body_combined_lr,789,0,256,10,1,1.8646927524308547
all,body_combined_lr,789,0,257,83,1,1.1504250034202859
all,body_combined_lr,789,1,004,45,1,1.2517090514814362
all,body_combined_lr,789,1,008,28,0,0.19890843684819137
all,body_combined_lr,789,1,009,2,1,6.78366190259194
all,body_combined_lr,789,1,012,73,1,4.467349423606115
all,body_combined_lr,789,1,014,39,1,-0.5112833167450525
all,body_combined_lr,789,1,019,82,0,-4.274614838393402
all,body_combined_lr,789,1,031,38,1,-1.0231705119421415
all,body_combined_lr,789,1,033,46,1,2.56664224663221
all,body_combined_lr,789,1,042,23,0,1.2021721588389678
all,body_combined_lr,789,1,044,15,1,3.5304715959381827
all,body_combined_lr,789,1,051,28,0,-4.285277584298372
all,body_combined_lr,789,1,055,15,1,-1.4347032253716068
all,body_combined_lr,789,1,058,50,0,0.25382103474708195
all,body_combined_lr,789,1,061,24,1,2.3285513450882926
all,body_combined_lr,789,1,071,23,1,3.587603569807847
all,body_combined_lr,789,1,075,38,1,-2.0001521048369346
all,body_combined_lr,789,1,076,4,1,1.2144523210916776
all,body_combined_lr,789,1,082,15,1,0.04492052794910767
all,body_combined_lr,789,1,084,3,1,1.633405938533641
all,body_combined_lr,789,1,085,18,0,-2.3012205598862283
all,body_combined_lr,789,1,086,18,0,-3.5497832310170097
all,body_combined_lr,789,1,088,82,0,-1.2399099909089257
all,body_combined_lr,789,1,093,73,1,3.6446752274740293
all,body_combined_lr,789,1,097,2,1,1.0097059664021852
all,body_combined_lr,789,1,098,4,1,1.2228534331059908
all,body_combined_lr,789,1,109,46,1,2.5445532292901727
all,body_combined_lr,789,1,126,82,0,-2.8482913283923845
all,body_combined_lr,789,1,132,38,0,-1.7718657035423613
all,body_combined_lr,789,1,136,39,0,2.824938390415494
all,body_combined_lr,789,1,143,28,0,-0.3353356235624757
all,body_combined_lr,789,1,150,29,0,0.834784519450262
all,body_combined_lr,789,1,154,45,0,-0.5617323429612465
all,body_combined_lr,789,1,162,23,0,1.131269791462288
all,body_combined_lr,789,1,168,4,1,0.24647185128499133
all,body_combined_lr,789,1,169,39,1,0.8184449623684004
all,body_combined_lr,789,1,172,18,0,-3.1072386256222866
all,body_combined_lr,789,1,180,73,1,1.7341073656317092
all,body_combined_lr,789,1,192,38,0,-2.87134237398845
all,body_combined_lr,789,1,199,82,0,-6.61744865113051
all,body_combined_lr,789,1,202,46,0,-1.3136964543411116
all,body_combined_lr,789,1,207,3,1,1.6217097085075136
all,body_combined_lr,789,1,215,50,0,-2.628643282117598
all,body_combined_lr,789,1,219,73,1,2.863084065670145
all,body_combined_lr,789,1,223,38,0,-1.4413207693997532
all,body_combined_lr,789,1,231,11,0,-1.416179190667238
all,body_combined_lr,789,1,234,39,0,1.456106674689136
all,body_combined_lr,789,1,237,18,0,-2.238782583770503
all,body_combined_lr,789,1,241,29,0,-0.21731209536662993
all,body_combined_lr,789,1,246,50,0,-1.5130687276599122
all,body_combined_lr,789,1,250,15,1,1.7631580257903563
all,body_combined_lr,789,1,251,38,0,-0.5907566096507159
all,body_combined_lr,789,1,252,18,0,-1.193061983440079
all,body_combined_lr,789,1,253,45,1,-0.21652723857757344
all,body_combined_lr,789,1,265,18,0,-1.9658351451659493
all,body_combined_lr,789,1,272,33,1,0.7238450085923408
all,body_combined_lr,789,2,002,78,0,0.29853619421063754
all,body_combined_lr,789,2,006,49,1,1.630212508623336
all,body_combined_lr,789,2,011,47,1,0.8348005039756742
all,body_combined_lr,789,2,025,81,1,0.7002866750911804
all,body_combined_lr,789,2,030,57,1,-2.790938867096828
all,body_combined_lr,789,2,032,19,0,-1.591792644602734
all,body_combined_lr,789,2,034,91,1,1.0875549584287143
all,body_combined_lr,789,2,036,77,0,-0.5230332873078701
all,body_combined_lr,789,2,039,40,0,-1.4621620773385646
all,body_combined_lr,789,2,045,49,1,-0.0824150364911633
all,body_combined_lr,789,2,053,78,0,1.5242296727158386
all,body_combined_lr,789,2,056,47,1,1.063680964367769
all,body_combined_lr,789,2,074,81,1,0.4426339727561328
all,body_combined_lr,789,2,081,40,0,-0.3060254908208868
all,body_combined_lr,789,2,096,17,0,-1.733587447570097
all,body_combined_lr,789,2,101,36,0,-2.3158751450268418
all,body_combined_lr,789,2,102,76,1,5.585017437653824
all,body_combined_lr,789,2,103,6,0,-4.075495041169601
all,body_combined_lr,789,2,104,19,0,-0.6608411769534736
all,body_combined_lr,789,2,111,77,0,-0.2144618895075157
all,body_combined_lr,789,2,113,78,0,0.747300120083457
all,body_combined_lr,789,2,117,7,0,-3.5142855587428667
all,body_combined_lr,789,2,118,91,1,1.5199607771916832
all,body_combined_lr,789,2,119,40,0,-1.1168679943323219
all,body_combined_lr,789,2,123,81,1,3.66690704289202
all,body_combined_lr,789,2,124,37,1,0.8802783895208397
all,body_combined_lr,789,2,131,54,1,0.18212995853818936
all,body_combined_lr,789,2,137,19,0,-0.8684072681359554
all,body_combined_lr,789,2,141,37,1,2.777168780515114
all,body_combined_lr,789,2,145,36,0,-1.7140766664435176
all,body_combined_lr,789,2,146,78,0,0.7777096272825372
all,body_combined_lr,789,2,148,7,0,-4.133995196545069
all,body_combined_lr,789,2,149,40,0,0.4368681849368119
all,body_combined_lr,789,2,157,77,0,-3.211120941486203
all,body_combined_lr,789,2,166,19,0,-0.6526741946818849
all,body_combined_lr,789,2,178,76,1,3.684705872594259
all,body_combined_lr,789,2,179,37,0,0.4283907347420205
all,body_combined_lr,789,2,181,6,0,-2.7763953843993106
all,body_combined_lr,789,2,187,17,0,-0.17364908194460923
all,body_combined_lr,789,2,203,77,1,0.9528589864552446
all,body_combined_lr,789,2,212,12,0,-0.6654310530605612
all,body_combined_lr,789,2,216,36,1,0.26637108649837954
all,body_combined_lr,789,2,217,76,1,3.53629613776029
all,body_combined_lr,789,2,227,78,0,-0.6376476508791454
all,body_combined_lr,789,2,233,37,1,1.3566472583058111
all,body_combined_lr,789,2,238,54,1,-0.5050130742433323
all,body_combined_lr,789,2,242,76,1,4.3312639789296385
all,body_combined_lr,789,2,248,36,1,0.5866957218160561
all,body_combined_lr,789,2,249,17,1,2.8336625078442363
all,body_combined_lr,789,2,262,14,0,-0.23665997782586765
all,body_combined_lr,789,2,263,76,1,3.213429914911669
all,body_combined_lr,789,2,264,31,0,-0.3329241207644153
all,body_combined_lr,789,2,267,98,1,-1.474182970731786
all,body_combined_lr,789,2,270,49,0,-0.08485423886490069
all,body_combined_lr,789,2,271,47,1,0.8232914473244507
all,body_combined_lr,789,3,001,87,0,-0.8332244698441783
all,body_combined_lr,789,3,007,90,1,0.13058503694135748
all,body_combined_lr,789,3,015,75,1,-1.1099583530990234
all,body_combined_lr,789,3,016,84,1,0.8969818762684446
all,body_combined_lr,789,3,020,20,1,0.8932649174920478
all,body_combined_lr,789,3,022,34,1,0.13740877530900053
all,body_combined_lr,789,3,028,55,0,-3.5467453515932705
all,body_combined_lr,789,3,029,35,0,-0.5327080655613531
all,body_combined_lr,789,3,037,90,0,-1.0680870491573966
all,body_combined_lr,789,3,041,26,1,-1.0751409444947102
all,body_combined_lr,789,3,049,87,0,-0.8576814227068693
all,body_combined_lr,789,3,057,69,1,1.6267473157410086
all,body_combined_lr,789,3,062,55,0,-2.0223830298376515
all,body_combined_lr,789,3,063,84,1,2.3463486947584844
all,body_combined_lr,789,3,064,88,0,-2.0596874588949206
all,body_combined_lr,789,3,066,90,1,-0.30093163043934934
all,body_combined_lr,789,3,067,34,1,-0.12206316264112291
all,body_combined_lr,789,3,070,75,1,-0.30525026064567196
all,body_combined_lr,789,3,078,93,0,-1.2468433842706912
all,body_combined_lr,789,3,089,20,1,1.869705217891532
all,body_combined_lr,789,3,090,69,0,1.0393646344228886
all,body_combined_lr,789,3,094,93,1,-0.5169476920978779
all,body_combined_lr,789,3,106,48,1,-1.167234735370314
all,body_combined_lr,789,3,107,35,0,-1.3132237058703613
all,body_combined_lr,789,3,108,61,0,-2.283646766631673
all,body_combined_lr,789,3,112,94,0,-1.9723723363264265
all,body_combined_lr,789,3,120,52,0,-4.30426832923128
all,body_combined_lr,789,3,127,75,1,1.2476923721478137
all,body_combined_lr,789,3,129,69,1,1.2411233500466905
all,body_combined_lr,789,3,130,88,0,-2.3146590826993734
all,body_combined_lr,789,3,134,69,1,0.5866743703571031
all,body_combined_lr,789,3,138,75,1,0.29318370654567233
all,body_combined_lr,789,3,140,84,1,-1.1081220111934071
all,body_combined_lr,789,3,159,52,0,-3.1220331166387028
all,body_combined_lr,789,3,163,48,0,0.808537386084687
all,body_combined_lr,789,3,183,80,1,2.881490977892479
all,body_combined_lr,789,3,191,87,0,-2.352513559664489
all,body_combined_lr,789,3,193,56,1,0.8858426543707553
all,body_combined_lr,789,3,195,94,0,-3.3537474561889025
all,body_combined_lr,789,3,197,35,0,-1.8707979794753564
all,body_combined_lr,789,3,198,93,0,-1.395348421433989
all,body_combined_lr,789,3,200,21,0,-1.2751226159710096
all,body_combined_lr,789,3,205,95,0,-1.9326295069589359
all,body_combined_lr,789,3,210,20,1,1.050104117929113
all,body_combined_lr,789,3,211,87,0,-2.140818465231142
all,body_combined_lr,789,3,218,56,1,2.476282573778052
all,body_combined_lr,789,3,220,88,0,-3.0710680302278583
all,body_combined_lr,789,3,222,52,0,-3.5356072577426354
all,body_combined_lr,789,3,230,34,0,0.017575760951048736
all,body_combined_lr,789,3,244,75,1,2.1006121780885034
all,body_combined_lr,789,3,245,80,1,2.3256083584231533
all,body_combined_lr,789,3,247,88,0,-1.7288704262864063
all,body_combined_lr,789,3,259,62,1,0.8051190608881857
all,body_combined_lr,789,3,266,88,0,-3.1886541971029905
all,body_combined_lr,789,3,268,21,0,-1.0886085016674791
all,body_combined_lr,789,4,005,65,0,-0.5295103833017847
all,body_combined_lr,789,4,010,72,0,-0.5040489026167825
all,body_combined_lr,789,4,021,70,0,0.46261514290018846
all,body_combined_lr,789,4,023,44,0,-1.1784654128581233
all,body_combined_lr,789,4,024,89,0,0.053481630302064986
all,body_combined_lr,789,4,027,85,1,-0.15188641791368193
all,body_combined_lr,789,4,038,43,1,-0.9628103902894605
all,body_combined_lr,789,4,046,70,1,0.43947993323436507
all,body_combined_lr,789,4,048,67,0,-0.11529539853311611
all,body_combined_lr,789,4,054,16,1,0.086794091706142
all,body_combined_lr,789,4,060,44,0,0.2724557395612134
all,body_combined_lr,789,4,065,41,1,1.7097171063493835
all,body_combined_lr,789,4,072,70,1,-0.045902256515749855
all,body_combined_lr,789,4,079,43,1,0.2030278985017266
all,body_combined_lr,789,4,100,72,1,-0.39719611243690855
all,body_combined_lr,789,4,105,16,1,0.9240399070978303
all,body_combined_lr,789,4,115,41,1,0.5914092604267965
all,body_combined_lr,789,4,116,85,0,0.40439265566214916
all,body_combined_lr,789,4,121,74,1,2.208635157966963
all,body_combined_lr,789,4,125,42,0,-2.9029335804579386
all,body_combined_lr,789,4,135,64,1,3.8763482200470745
all,body_combined_lr,789,4,139,89,0,-0.25352975451267457
all,body_combined_lr,789,4,142,44,0,-0.7416248698685447
all,body_combined_lr,789,4,147,72,0,0.8791568840459628
all,body_combined_lr,789,4,151,85,1,0.6097433469832821
all,body_combined_lr,789,4,152,58,1,1.4702862340515517
all,body_combined_lr,789,4,158,74,1,2.3899535876394977
all,body_combined_lr,789,4,165,30,0,-4.382081382813233
all,body_combined_lr,789,4,171,42,0,-2.453892361260306
all,body_combined_lr,789,4,173,89,0,-0.07613696620146988
all,body_combined_lr,789,4,175,74,1,2.91702250095676
all,body_combined_lr,789,4,176,41,0,-0.6248753601219287
all,body_combined_lr,789,4,188,85,0,-0.7547527008172515
all,body_combined_lr,789,4,190,44,0,-0.9719227185593156
all,body_combined_lr,789,4,196,67,0,-4.093341493853261
all,body_combined_lr,789,4,204,27,0,-2.1747653262374733
all,body_combined_lr,789,4,206,42,0,-2.0189959182215884
all,body_combined_lr,789,4,209,64,0,0.30196699266757177
all,body_combined_lr,789,4,213,44,1,1.3114275762734477
all,body_combined_lr,789,4,221,72,1,-0.26570748864801674
all,body_combined_lr,789,4,224,59,1,0.7270902657327627
all,body_combined_lr,789,4,225,67,0,-3.550615218413442
all,body_combined_lr,789,4,226,41,1,-0.8352140236637244
all,body_combined_lr,789,4,228,43,1,0.5688294343881285
all,body_combined_lr,789,4,232,74,1,3.7418094875429353
all,body_combined_lr,789,4,235,89,0,1.393935966848149
all,body_combined_lr,789,4,236,44,0,0.7924038274538407
all,body_combined_lr,789,4,240,72,0,0.10187155273036921
all,body_combined_lr,789,4,243,85,1,1.2503301079294755
all,body_combined_lr,789,4,258,85,1,0.20587076316545821
all,body_combined_lr,789,4,260,60,0,-1.4957401095293048
all,body_combined_lr,789,4,261,74,1,2.9812441991529104
all,body_combined_lr,789,4,269,44,0,-0.311751651496019
all,body_combined_lr,2024,0,007,90,1,0.9256863134636081
all,body_combined_lr,2024,0,009,2,1,5.2662837456236264
all,body_combined_lr,2024,0,012,73,1,3.730749590101997
all,body_combined_lr,2024,0,024,89,0,-0.007510072518478739
all,body_combined_lr,2024,0,034,91,1,0.9919604784400565
all,body_combined_lr,2024,0,036,77,0,-1.4145723893566542
all,body_combined_lr,2024,0,037,90,0,-0.5255358768771754
all,body_combined_lr,2024,0,038,43,1,-0.9645155199117003
all,body_combined_lr,2024,0,041,26,1,-1.208707285517837
all,body_combined_lr,2024,0,047,51,0,-0.9169547861183114
all,body_combined_lr,2024,0,050,51,0,0.647248367705628
all,body_combined_lr,2024,0,058,50,0,0.5836933315554974
all,body_combined_lr,2024,0,059,97,1,2.292313735792732
all,body_combined_lr,2024,0,066,90,1,0.14881564245351248
all,body_combined_lr,2024,0,068,22,1,1.5006241556947826
all,body_combined_lr,2024,0,079,43,1,0.4442126230344009
all,body_combined_lr,2024,0,087,51,0,-0.02951109605069363
all,body_combined_lr,2024,0,092,51,0,0.27653668591470293
all,body_combined_lr,2024,0,093,73,1,2.7725316535577638
all,body_combined_lr,2024,0,097,2,1,0.4681958155551531
all,body_combined_lr,2024,0,099,97,1,1.9469594063701243
all,body_combined_lr,2024,0,101,36,0,-1.6012448315402885
all,body_combined_lr,2024,0,108,61,0,-2.593092823639396
all,body_combined_lr,2024,0,110,22,1,0.6982585346643193
all,body_combined_lr,2024,0,111,77,0,-1.196713419631279
all,body_combined_lr,2024,0,112,94,0,-2.5174176916070055
all,body_combined_lr,2024,0,118,91,1,1.097647958679811
all,body_combined_lr,2024,0,131,54,1,0.0485992395987887
all,body_combined_lr,2024,0,133,51,0,0.7360052795272428
all,body_combined_lr,2024,0,139,89,0,-0.5171152890678694
all,body_combined_lr,2024,0,145,36,0,-1.6913548823324285
all,body_combined_lr,2024,0,152,58,1,2.3691795808434537
all,body_combined_lr,2024,0,157,77,0,-3.700258639409028
all,body_combined_lr,2024,0,160,51,0,0.33907311692541925
all,body_combined_lr,2024,0,164,53,0,-2.7879219912957844
all,body_combined_lr,2024,0,167,22,1,0.13002971430504184
all,body_combined_lr,2024,0,170,53,0,-2.778421097136077
all,body_combined_lr,2024,0,173,89,0,0.06973319974604811
all,body_combined_lr,2024,0,180,73,1,1.5177509271455687
all,body_combined_lr,2024,0,186,51,0,-0.848227891017869
all,body_combined_lr,2024,0,189,22,1,-0.8776288500558874
all,body_combined_lr,2024,0,195,94,0,-3.7082778619160104
all,body_combined_lr,2024,0,201,66,1,-1.3382036909116026
all,body_combined_lr,2024,0,203,77,1,0.7851690496517149
all,body_combined_lr,2024,0,205,95,0,-2.0015325737594614
all,body_combined_lr,2024,0,215,50,0,-2.2071742416048963
all,body_combined_lr,2024,0,216,36,1,0.0746690836575957
all,body_combined_lr,2024,0,219,73,1,1.9311511185911843
all,body_combined_lr,2024,0,228,43,1,0.858276135484142
all,body_combined_lr,2024,0,229,51,0,-0.8238088158454089
all,body_combined_lr,2024,0,235,89,0,1.4892025816350465
all,body_combined_lr,2024,0,238,54,1,-0.5205278442534855
all,body_combined_lr,2024,0,246,50,0,-0.9331088825717463
all,body_combined_lr,2024,0,248,36,1,0.9452269476065268
all,body_combined_lr,2024,0,255,97,0,1.0244614553595328
all,body_combined_lr,2024,0,260,60,0,-1.4344112721152582
all,body_combined_lr,2024,1,013,92,0,-1.0332678639199107
all,body_combined_lr,2024,1,019,82,0,-3.765024443197995
all,body_combined_lr,2024,1,020,20,1,0.9536977641871383
all,body_combined_lr,2024,1,025,81,1,0.46104480367368794
all,body_combined_lr,2024,1,028,55,0,-3.6100228966692316
all,body_combined_lr,2024,1,048,67,0,-0.6095639890946988
all,body_combined_lr,2024,1,054,16,1,0.19810221199962966
all,body_combined_lr,2024,1,062,55,0,-2.39832872692774
all,body_combined_lr,2024,1,065,41,1,1.032694907263001
all,body_combined_lr,2024,1,074,81,1,0.05390293740780566
all,body_combined_lr,2024,1,078,93,0,-1.4104331280361975
all,body_combined_lr,2024,1,080,25,0,-0.47929654246201236
all,body_combined_lr,2024,1,085,18,0,-2.5023802517233094
all,body_combined_lr,2024,1,086,18,0,-3.7807393169436523
all,body_combined_lr,2024,1,088,82,0,-1.0553598425909096
all,body_combined_lr,2024,1,089,20,1,2.1060773557096844
all,body_combined_lr,2024,1,094,93,1,-1.164350384496377
all,body_combined_lr,2024,1,102,76,1,5.429479974709927
all,body_combined_lr,2024,1,105,16,1,1.2406487200672687
all,body_combined_lr,2024,1,106,48,1,-1.5320926257554384
all,body_combined_lr,2024,1,114,92,1,1.5697764287783256
all,body_combined_lr,2024,1,115,41,1,0.09034124270105698
all,body_combined_lr,2024,1,123,81,1,3.5392919629258137
all,body_combined_lr,2024,1,124,37,1,0.49828135925613215
all,body_combined_lr,2024,1,126,82,0,-2.4277383251642335
all,body_combined_lr,2024,1,141,37,1,3.511089902361622
all,body_combined_lr,2024,1,150,29,0,0.4478839398092833
all,body_combined_lr,2024,1,155,68,1,1.6873441778161584
all,body_combined_lr,2024,1,163,48,0,1.215497815419064
all,body_combined_lr,2024,1,165,30,0,-3.727885083619968
all,body_combined_lr,2024,1,172,18,0,-3.2082463056270694
all,body_combined_lr,2024,1,176,41,0,-0.7758195898947688
all,body_combined_lr,2024,1,177,32,0,1.00373537788291
all,body_combined_lr,2024,1,178,76,1,3.563425754279302
all,body_combined_lr,2024,1,179,37,0,0.2119726102299578
all,body_combined_lr,2024,1,184,68,0,0.18999410070342318
all,body_combined_lr,2024,1,196,67,0,-3.920486812805857
all,body_combined_lr,2024,1,198,93,0,-1.5753161057207752
all,body_combined_lr,2024,1,199,82,0,-6.220540640284284
all,body_combined_lr,2024,1,210,20,1,1.2815156037433593
all,body_combined_lr,2024,1,214,92,0,-0.6390724849839408
all,body_combined_lr,2024,1,217,76,1,3.362103151536923
all,body_combined_lr,2024,1,225,67,0,-3.3790044373347894
all,body_combined_lr,2024,1,226,41,1,-1.0759763789940233
all,body_combined_lr,2024,1,233,37,1,1.0962883648480612
all,body_combined_lr,2024,1,237,18,0,-1.7486298004305547
all,body_combined_lr,2024,1,241,29,0,-0.390611133748887
all,body_combined_lr,2024,1,242,76,1,4.668817852561434
all,body_combined_lr,2024,1,252,18,0,-1.4826708311598773
all,body_combined_lr,2024,1,263,76,1,2.851468630678991
all,body_combined_lr,2024,1,264,31,0,-0.6572540251449333
all,body_combined_lr,2024,1,265,18,0,-1.9900088925720585
all,body_combined_lr,2024,1,267,98,1,-1.0686918762099413
all,body_combined_lr,2024,1,272,33,1,0.9627857500886228
all,body_combined_lr,2024,2,002,78,0,1.3650224980993282
all,body_combined_lr,2024,2,003,1,0,-2.1872060939360147
all,body_combined_lr,2024,2,010,72,0,-0.3199507167836456
all,body_combined_lr,2024,2,011,47,1,1.4288558885282228
all,body_combined_lr,2024,2,015,75,1,-1.8592999520908895
all,body_combined_lr,2024,2,016,84,1,1.5916273922372768
all,body_combined_lr,2024,2,018,9,1,1.4896954203607295
all,body_combined_lr,2024,2,021,70,0,1.7595878899316724
all,body_combined_lr,2024,2,029,35,0,0.30314893527853704
all,body_combined_lr,2024,2,031,38,1,-2.1382872788527
all,body_combined_lr,2024,2,039,40,0,-3.4859655605276916
all,body_combined_lr,2024,2,042,23,0,2.469825377988398
all,body_combined_lr,2024,2,043,9,1,-0.0670927768875968
all,body_combined_lr,2024,2,046,70,1,1.2808827745493452
all,body_combined_lr,2024,2,053,78,0,3.4790704743516705
all,body_combined_lr,2024,2,056,47,1,-0.056248180384701474
all,body_combined_lr,2024,2,063,84,1,5.134731835633283
all,body_combined_lr,2024,2,069,1,0,-3.285899869527225
all,body_combined_lr,2024,2,070,75,1,-0.021183216129704058
all,body_combined_lr,2024,2,071,23,1,6.367122509944273
all,body_combined_lr,2024,2,072,70,1,0.4141523232651335
all,body_combined_lr,2024,2,073,13,1,3.8603270391307847
all,body_combined_lr,2024,2,075,38,1,-4.733724939484111
all,body_combined_lr,2024,2,081,40,0,0.44615867407074805
all,body_combined_lr,2024,2,091,96,1,-0.29789895339979633
all,body_combined_lr,2024,2,100,72,1,-1.3442762831787
all,body_combined_lr,2024,2,107,35,0,-1.606570134366428
all,body_combined_lr,2024,2,113,78,0,1.329126749090715
all,body_combined_lr,2024,2,119,40,0,-3.1940294241529754
all,body_combined_lr,2024,2,127,75,1,1.8625248786242676
all,body_combined_lr,2024,2,128,96,1,6.441434249812463
all,body_combined_lr,2024,2,132,38,0,-1.6096027518237972
all,body_combined_lr,2024,2,135,64,1,6.297206834039901
all,body_combined_lr,2024,2,138,75,1,-0.409189284415924
all,body_combined_lr,2024,2,140,84,1,-1.9597948020077625
all,body_combined_lr,2024,2,144,63,1,2.244564079644682
all,body_combined_lr,2024,2,146,78,0,1.928949842363791
all,body_combined_lr,2024,2,147,72,0,2.095845129764078
all,body_combined_lr,2024,2,149,40,0,0.06959437468587973
all,body_combined_lr,2024,2,156,5,0,-2.8518525551176674
all,body_combined_lr,2024,2,162,23,0,0.9240793993255122
all,body_combined_lr,2024,2,174,1,0,-5.362576796820662
all,body_combined_lr,2024,2,192,38,0,-4.009443041403014
all,body_combined_lr,2024,2,194,5,0,-5.420292714921651
all,body_combined_lr,2024,2,197,35,0,-2.032141715283174
all,body_combined_lr,2024,2,209,64,0,2.3872860996379943
all,body_combined_lr,2024,2,221,72,1,-2.942826237648759
all,body_combined_lr,2024,2,223,38,0,-2.911465946967155
all,body_combined_lr,2024,2,227,78,0,-2.485178461402178
all,body_combined_lr,2024,2,239,1,0,-5.447121580453419
all,body_combined_lr,2024,2,240,72,0,-0.22519896193323513
all,body_combined_lr,2024,2,244,75,1,4.002709655868807
all,body_combined_lr,2024,2,251,38,0,0.27869932585450286
all,body_combined_lr,2024,2,271,47,1,1.682233551911708
all,body_combined_lr,2024,3,001,87,0,-0.8336762342636552
all,body_combined_lr,2024,3,008,28,0,0.20491676182742063
all,body_combined_lr,2024,3,014,39,1,-0.6794957510463577
all,body_combined_lr,2024,3,017,8,0,-0.85055500428739
all,body_combined_lr,2024,3,022,34,1,0.05871217735594432
all,body_combined_lr,2024,3,027,85,1,0.1363448408746425
all,body_combined_lr,2024,3,030,57,1,-2.6661978624828344
all,body_combined_lr,2024,3,033,46,1,2.4925756639245082
all,body_combined_lr,2024,3,035,83,1,0.32966485720211075
all,body_combined_lr,2024,3,040,8,0,-0.2883976050568122
all,body_combined_lr,2024,3,049,87,0,-0.9155542357068746
all,body_combined_lr,2024,3,051,28,0,-3.6956280193082978
all,body_combined_lr,2024,3,052,8,0,0.04022657007760984
all,body_combined_lr,2024,3,061,24,1,2.091993125202384
all,body_combined_lr,2024,3,064,88,0,-1.8120288452365125
all,body_combined_lr,2024,3,067,34,1,0.4431877263265481
all,body_combined_lr,2024,3,076,4,1,1.5807608186170488
all,body_combined_lr,2024,3,098,4,1,1.1705328409857731
all,body_combined_lr,2024,3,103,6,0,-4.019353385967026
all,body_combined_lr,2024,3,109,46,1,2.918153352433253
all,body_combined_lr,2024,3,116,85,0,0.4236986495830181
all,body_combined_lr,2024,3,121,74,1,2.009674165683941
all,body_combined_lr,2024,3,122,71,0,-2.0440447579077143
all,body_combined_lr,2024,3,130,88,0,-2.284725313880795
all,body_combined_lr,2024,3,136,39,0,2.3418040471434822
all,body_combined_lr,2024,3,143,28,0,0.11367031245075553
all,body_combined_lr,2024,3,151,85,1,1.0136802223605732
all,body_combined_lr,2024,3,153,83,1,0.5496864078457137
all,body_combined_lr,2024,3,158,74,1,2.349500158621018
all,body_combined_lr,2024,3,168,4,1,0.30512544427744337
all,body_combined_lr,2024,3,169,39,1,0.6048638863719356
all,body_combined_lr,2024,3,175,74,1,2.8703655003644597
all,body_combined_lr,2024,3,181,6,0,-2.780037222484229
all,body_combined_lr,2024,3,185,71,0,-1.732402658009828
all,body_combined_lr,2024,3,188,85,0,-0.988070733838851
all,body_combined_lr,2024,3,191,87,0,-2.2548597517333975
all,body_combined_lr,2024,3,193,56,1,0.6150310109703228
all,body_combined_lr,2024,3,202,46,0,-1.0048020521409755
all,body_combined_lr,2024,3,211,87,0,-2.0954672940642443
all,body_combined_lr,2024,3,212,12,0,-0.6968155452035298
all,body_combined_lr,2024,3,218,56,1,2.156045736593078
all,body_combined_lr,2024,3,220,88,0,-3.010706187035577
all,body_combined_lr,2024,3,224,59,1,1.408611436849282
all,body_combined_lr,2024,3,230,34,0,0.16247599890308445
all,body_combined_lr,2024,3,231,11,0,-1.1368618817368366
all,body_combined_lr,2024,3,232,74,1,3.579821311776667
all,body_combined_lr,2024,3,234,39,0,1.1630285907471931
all,body_combined_lr,2024,3,243,85,1,0.9443105710884451
all,body_combined_lr,2024,3,247,88,0,-1.3997272562149614
all,body_combined_lr,2024,3,257,83,1,1.5597392437857514
all,body_combined_lr,2024,3,258,85,1,-0.085586743631177
all,body_combined_lr,2024,3,259,62,1,0.5850493145788715
all,body_combined_lr,2024,3,261,74,1,2.823823058113609
all,body_combined_lr,2024,3,262,14,0,0.4051793408079338
all,body_combined_lr,2024,3,266,88,0,-2.882475641481495
all,body_combined_lr,2024,4,004,45,1,1.0295461093286744
all,body_combined_lr,2024,4,005,65,0,-0.9678441381079217
all,body_combined_lr,2024,4,006,49,1,1.3390617442568709
all,body_combined_lr,2024,4,023,44,0,-0.8131926073242837
all,body_combined_lr,2024,4,026,86,1,2.29054203816411
all,body_combined_lr,2024,4,032,19,0,-1.7673818204539742
all,body_combined_lr,2024,4,044,15,1,2.9967578883733714
all,body_combined_lr,2024,4,045,49,1,-0.20191990642761654
all,body_combined_lr,2024,4,055,15,1,-1.3788528113222447
all,body_combined_lr,2024,4,057,69,1,1.7291970272048163
all,body_combined_lr,2024,4,060,44,0,0.27645678020817416
all,body_combined_lr,2024,4,077,86,1,2.23554927831727
all,body_combined_lr,2024,4,082,15,1,0.10253727447443642
all,body_combined_lr,2024,4,083,79,0,-0.4237056983507917
all,body_combined_lr,2024,4,084,3,1,1.1715411128055795
all,body_combined_lr,2024,4,090,69,0,0.9872389610371858
all,body_combined_lr,2024,4,095,86,1,1.7453669082970213
all,body_combined_lr,2024,4,096,17,0,-1.7538886316072393
all,body_combined_lr,2024,4,104,19,0,-0.8497319075437796
all,body_combined_lr,2024,4,117,7,0,-3.3476143074596543
all,body_combined_lr,2024,4,120,52,0,-3.7763124870520532
all,body_combined_lr,2024,4,125,42,0,-2.4351652574297873
all,body_combined_lr,2024,4,129,69,1,1.2138306046757905
all,body_combined_lr,2024,4,134,69,1,0.7377301112662756
all,body_combined_lr,2024,4,137,19,0,-1.2027433606958486
all,body_combined_lr,2024,4,142,44,0,-0.48808234380692306
all,body_combined_lr,2024,4,148,7,0,-3.6440618851779756
all,body_combined_lr,2024,4,154,45,0,0.12505740819616223
all,body_combined_lr,2024,4,159,52,0,-2.9672384307560726
all,body_combined_lr,2024,4,161,79,1,0.5623628404726876
all,body_combined_lr,2024,4,166,19,0,-0.9500932272228158
all,body_combined_lr,2024,4,171,42,0,-2.0557242633171953
all,body_combined_lr,2024,4,182,79,1,1.0728727497766455
all,body_combined_lr,2024,4,183,80,1,2.5855162436100105
all,body_combined_lr,2024,4,187,17,0,-0.4121583423840193
all,body_combined_lr,2024,4,190,44,0,-0.9875511254457681
all,body_combined_lr,2024,4,200,21,0,-1.4174553448484737
all,body_combined_lr,2024,4,204,27,0,-2.018061057138716
all,body_combined_lr,2024,4,206,42,0,-1.8706576229767158
all,body_combined_lr,2024,4,207,3,1,1.7179801451491306
all,body_combined_lr,2024,4,208,79,1,1.4922374449063855
all,body_combined_lr,2024,4,213,44,1,1.5139370645643038
all,body_combined_lr,2024,4,222,52,0,-3.190892567573076
all,body_combined_lr,2024,4,236,44,0,0.8240393682238613
all,body_combined_lr,2024,4,245,80,1,2.39797577386767
all,body_combined_lr,2024,4,249,17,1,2.363403078353297
all,body_combined_lr,2024,4,250,15,1,1.4516036065539184
all,body_combined_lr,2024,4,253,45,1,-0.21368499504843927
all,body_combined_lr,2024,4,254,86,1,2.171797918743524
all,body_combined_lr,2024,4,256,10,1,1.924608564834916
all,body_combined_lr,2024,4,268,21,0,-0.9015528494076065
all,body_combined_lr,2024,4,269,44,0,-0.0029358268872795926
all,body_combined_lr,2024,4,270,49,0,-0.3180084560351319
all,body_combined_rf,42,0,001,87,0,0.04271775827658164
all,body_combined_rf,42,0,005,65,0,-0.04357400469900463
all,body_combined_rf,42,0,017,8,0,-0.12784014596514592
all,body_combined_rf,42,0,022,34,1,0.19969186233156788
all,body_combined_rf,42,0,025,81,1,0.016664872164872335
all,body_combined_rf,42,0,033,46,1,0.42907450256714963
all,body_combined_rf,42,0,040,8,0,-0.008398560317677939
all,body_combined_rf,42,0,044,15,1,0.37289635827135836
all,body_combined_rf,42,0,047,51,0,-0.2781120235973177
all,body_combined_rf,42,0,049,87,0,0.05885538399508983
all,body_combined_rf,42,0,050,51,0,0.27053629377158783
all,body_combined_rf,42,0,052,8,0,0.10823130545924631
all,body_combined_rf,42,0,055,15,1,-0.1945392745226336
all,body_combined_rf,42,0,057,69,1,0.3345461806711808
all,body_combined_rf,42,0,059,97,1,0.3451766113516114
all,body_combined_rf,42,0,067,34,1,0.08337561131678739
all,body_combined_rf,42,0,068,22,1,0.20955968514056755
all,body_combined_rf,42,0,074,81,1,0.05484634238310704
all,body_combined_rf,42,0,080,25,0,-0.200186527367255
all,body_combined_rf,42,0,082,15,1,0.14700946928888114
all,body_combined_rf,42,0,087,51,0,-0.07690747705453593
all,body_combined_rf,42,0,090,69,0,-0.0028681488073903916
all,body_combined_rf,42,0,092,51,0,0.06316278819219989
all,body_combined_rf,42,0,099,97,1,0.37925141306921506
all,body_combined_rf,42,0,106,48,1,-0.255657853312265
all,body_combined_rf,42,0,109,46,1,0.3722931805122981
all,body_combined_rf,42,0,110,22,1,-0.020501004986299087
all,body_combined_rf,42,0,117,7,0,-0.45359311984311984
all,body_combined_rf,42,0,123,81,1,0.4309394420938537
all,body_combined_rf,42,0,129,69,1,0.16446764809264836
all,body_combined_rf,42,0,131,54,1,-0.04128427454898048
all,body_combined_rf,42,0,133,51,0,0.2698613722878428
all,body_combined_rf,42,0,134,69,1,-0.0062340404693345675
all,body_combined_rf,42,0,135,64,1,0.40352717652717696
all,body_combined_rf,42,0,148,7,0,-0.4352872655666773
all,body_combined_rf,42,0,156,5,0,-0.15969462019462033
all,body_combined_rf,42,0,160,51,0,0.03803522403522397
all,body_combined_rf,42,0,163,48,0,0.08590929125340907
all,body_combined_rf,42,0,165,30,0,-0.26391754079254076
all,body_combined_rf,42,0,167,22,1,0.10108331401713755
all,body_combined_rf,42,0,183,80,1,0.4356227690438217
all,body_combined_rf,42,0,186,51,0,-0.21346150744680142
all,body_combined_rf,42,0,189,22,1,-0.09901054827525435
all,body_combined_rf,42,0,191,87,0,-0.23309426548397139
all,body_combined_rf,42,0,194,5,0,-0.3122180227180227
all,body_combined_rf,42,0,202,46,0,-0.010108224564106816
all,body_combined_rf,42,0,209,64,0,-0.07274635903312382
all,body_combined_rf,42,0,211,87,0,-0.19426527040497626
all,body_combined_rf,42,0,229,51,0,-0.20756068604598005
all,body_combined_rf,42,0,230,34,0,0.020882239492533428
all,body_combined_rf,42,0,238,54,1,-0.008752019766725794
all,body_combined_rf,42,0,245,80,1,0.43760871073371066
all,body_combined_rf,42,0,250,15,1,0.3846097051097055
all,body_combined_rf,42,0,255,97,0,0.2957712472712474
all,body_combined_rf,42,0,262,14,0,-0.026827734357146193
all,body_combined_rf,42,1,007,90,1,0.048624426771485596
all,body_combined_rf,42,1,011,47,1,0.142323852073852
all,body_combined_rf,42,1,012,73,1,0.39053517827202044
all,body_combined_rf,42,1,019,82,0,-0.41879544529544527
all,body_combined_rf,42,1,021,70,0,0.0017552101894208194
all,body_combined_rf,42,1,026,86,1,0.3740518231768235
all,body_combined_rf,42,1,028,55,0,-0.4336295648795649
all,body_combined_rf,42,1,029,35,0,-0.15734600945436855
all,body_combined_rf,42,1,031,38,1,-0.3023962565212565
all,body_combined_rf,42,1,036,77,0,-0.218760161135161
all,body_combined_rf,42,1,037,90,0,-0.22943287949866892
all,body_combined_rf,42,1,046,70,1,0.08473918673918679
all,body_combined_rf,42,1,056,47,1,0.19852143819945633
all,body_combined_rf,42,1,061,24,1,0.4128845876345876
all,body_combined_rf,42,1,062,55,0,-0.42157576682576686
all,body_combined_rf,42,1,066,90,1,0.04471667732851925
all,body_combined_rf,42,1,072,70,1,0.03655262865789166
all,body_combined_rf,42,1,073,13,1,0.3588060226810226
all,body_combined_rf,42,1,075,38,1,-0.34903683816183817
all,body_combined_rf,42,1,077,86,1,0.4027125091683914
all,body_combined_rf,42,1,085,18,0,-0.39937094115035293
all,body_combined_rf,42,1,086,18,0,-0.39645552323493505
all,body_combined_rf,42,1,088,82,0,-0.1590210111239524
all,body_combined_rf,42,1,093,73,1,0.33044471535802844
all,body_combined_rf,42,1,095,86,1,0.26719444683570104
all,body_combined_rf,42,1,096,17,0,-0.370533337033337
all,body_combined_rf,42,1,107,35,0,-0.22794679177032107
all,body_combined_rf,42,1,111,77,0,-0.09041013153513144
all,body_combined_rf,42,1,124,37,1,0.2027663014373542
all,body_combined_rf,42,1,126,82,0,-0.4205487012987013
all,body_combined_rf,42,1,132,38,0,-0.21200246240687415
all,body_combined_rf,42,1,141,37,1,0.19206947571692123
all,body_combined_rf,42,1,157,77,0,-0.3360604071854072
all,body_combined_rf,42,1,172,18,0,-0.40884834609834614
all,body_combined_rf,42,1,177,32,0,0.23532372121342704
all,body_combined_rf,42,1,179,37,0,0.14708887564963424
all,body_combined_rf,42,1,180,73,1,0.19937325555707897
all,body_combined_rf,42,1,187,17,0,-0.19574755337255334
all,body_combined_rf,42,1,192,38,0,-0.3986006401006401
all,body_combined_rf,42,1,197,35,0,-0.3325658829188241
all,body_combined_rf,42,1,199,82,0,-0.4010475496725497
all,body_combined_rf,42,1,201,66,1,-0.16559960954078606
all,body_combined_rf,42,1,203,77,1,0.11685464997965023
all,body_combined_rf,42,1,219,73,1,0.3887429604136262
all,body_combined_rf,42,1,223,38,0,-0.33433327272143065
all,body_combined_rf,42,1,233,37,1,0.26061016761016753
all,body_combined_rf,42,1,237,18,0,-0.3566137982387982
all,body_combined_rf,42,1,249,17,1,0.3432027324527327
all,body_combined_rf,42,1,251,38,0,-0.10366927171842016
all,body_combined_rf,42,1,252,18,0,-0.14519551671525327
all,body_combined_rf,42,1,254,86,1,0.4007044252044252
all,body_combined_rf,42,1,265,18,0,-0.3178100556850557
all,body_combined_rf,42,1,271,47,1,0.2160594135683146
all,body_combined_rf,42,2,002,78,0,-0.0941592813504577
all,body_combined_rf,42,2,009,2,1,0.44174871261635984
all,body_combined_rf,42,2,010,72,0,-0.19168037980537972
all,body_combined_rf,42,2,013,92,0,-0.29855311355311354
all,body_combined_rf,42,2,014,39,1,-0.00287536700772012
all,body_combined_rf,42,2,016,84,1,0.2699845035139151
all,body_combined_rf,42,2,020,20,1,0.14270956182333894
all,body_combined_rf,42,2,024,89,0,0.0063050144300143
all,body_combined_rf,42,2,032,19,0,-0.25069499944499934
all,body_combined_rf,42,2,034,91,1,0.35198552836052843
all,body_combined_rf,42,2,048,67,0,-0.16736207472076992
all,body_combined_rf,42,2,053,78,0,0.25632433010534017
all,body_combined_rf,42,2,063,84,1,0.31642545744016337
all,body_combined_rf,42,2,083,79,0,-0.0833823181176121
all,body_combined_rf,42,2,089,20,1,0.2979376292352298
all,body_combined_rf,42,2,097,2,1,0.2317032542620776
all,body_combined_rf,42,2,100,72,1,-0.02913806835865662
all,body_combined_rf,42,2,104,19,0,-0.24853925703925694
all,body_combined_rf,42,2,112,94,0,-0.29637085503648963
all,body_combined_rf,42,2,113,78,0,0.08879030698690138
all,body_combined_rf,42,2,114,92,1,0.3057567571317569
all,body_combined_rf,42,2,118,91,1,0.3307504935151995
all,body_combined_rf,42,2,121,74,1,0.24079294180764776
all,body_combined_rf,42,2,136,39,0,0.2352669876419874
all,body_combined_rf,42,2,137,19,0,-0.25350562291738754
all,body_combined_rf,42,2,139,89,0,0.008242696301519747
all,body_combined_rf,42,2,140,84,1,-0.015183655941008678
all,body_combined_rf,42,2,144,63,1,0.2990403656800714
all,body_combined_rf,42,2,146,78,0,0.1166917603094072
all,body_combined_rf,42,2,147,72,0,0.17718708606208633
all,body_combined_rf,42,2,158,74,1,0.3031595904095903
all,body_combined_rf,42,2,161,79,1,0.17539566656826722
all,body_combined_rf,42,2,166,19,0,-0.24112493619498254
all,body_combined_rf,42,2,169,39,1,0.1884943248472658
all,body_combined_rf,42,2,173,89,0,0.09182524882524845
all,body_combined_rf,42,2,175,74,1,0.3709706529853586
all,body_combined_rf,42,2,182,79,1,0.07549725791637518
all,body_combined_rf,42,2,195,94,0,-0.3871371498871499
all,body_combined_rf,42,2,196,67,0,-0.20825384800384789
all,body_combined_rf,42,2,200,21,0,-0.3179074351574352
all,body_combined_rf,42,2,205,95,0,-0.38010653235653236
all,body_combined_rf,42,2,208,79,1,0.23516249696009717
all,body_combined_rf,42,2,210,20,1,0.2704257316757315
all,body_combined_rf,42,2,214,92,0,-0.2567866180660297
all,body_combined_rf,42,2,221,72,1,-0.1931529795740321
all,body_combined_rf,42,2,224,59,1,0.20196711621711594
all,body_combined_rf,42,2,225,67,0,-0.26320722578075517
all,body_combined_rf,42,2,227,78,0,-0.283286038036038
all,body_combined_rf,42,2,232,74,1,0.3774781732428789
all,body_combined_rf,42,2,234,39,0,0.16189148786942864
all,body_combined_rf,42,2,235,89,0,0.26282190821161355
all,body_combined_rf,42,2,240,72,0,-0.120971038221038
all,body_combined_rf,42,2,261,74,1,0.31964977614977597
all,body_combined_rf,42,2,268,21,0,-0.2461232811306341
all,body_combined_rf,42,2,272,33,1,0.11714449542545513
all,body_combined_rf,42,3,006,49,1,0.3309444444444444
all,body_combined_rf,42,3,008,28,0,0.12361111111111123
all,body_combined_rf,42,3,023,44,0,-0.10516666666666663
all,body_combined_rf,42,3,027,85,1,-0.02072222222222203
all,body_combined_rf,42,3,030,57,1,-0.4502777777777778
all,body_combined_rf,42,3,039,40,0,-0.36288888888888887
all,body_combined_rf,42,3,041,26,1,-0.11083333333333334
all,body_combined_rf,42,3,042,23,0,0.031444444444444386
all,body_combined_rf,42,3,045,49,1,-0.12559523809523804
all,body_combined_rf,42,3,051,28,0,-0.2972222222222223
all,body_combined_rf,42,3,058,50,0,0.1273888888888891
all,body_combined_rf,42,3,060,44,0,0.15122222222222226
all,body_combined_rf,42,3,065,41,1,0.13727777777777772
all,body_combined_rf,42,3,071,23,1,0.42055555555555546
all,body_combined_rf,42,3,076,4,1,0.02650000000000008
all,body_combined_rf,42,3,078,93,0,-0.11477777777777781
all,body_combined_rf,42,3,081,40,0,-0.33655555555555555
all,body_combined_rf,42,3,091,96,1,-0.01842857142857146
all,body_combined_rf,42,3,094,93,1,-0.1402222222222222
all,body_combined_rf,42,3,098,4,1,0.36265873015873007
all,body_combined_rf,42,3,102,76,1,0.34244444444444433
all,body_combined_rf,42,3,115,41,1,0.11372222222222217
all,body_combined_rf,42,3,116,85,0,0.08561111111111108
all,body_combined_rf,42,3,119,40,0,-0.2984444444444444
all,body_combined_rf,42,3,128,96,1,0.3707222222222223
all,body_combined_rf,42,3,142,44,0,-0.17874603174603182
all,body_combined_rf,42,3,143,28,0,0.06555555555555548
all,body_combined_rf,42,3,149,40,0,0.06670634920634932
all,body_combined_rf,42,3,150,29,0,0.04532539682539671
all,body_combined_rf,42,3,151,85,1,0.21399206349206357
all,body_combined_rf,42,3,152,58,1,0.2657222222222221
all,body_combined_rf,42,3,162,23,0,0.24711111111111106
all,body_combined_rf,42,3,168,4,1,0.08327777777777778
all,body_combined_rf,42,3,176,41,0,-0.023444444444444434
all,body_combined_rf,42,3,178,76,1,0.3657380952380953
all,body_combined_rf,42,3,188,85,0,-0.26449206349206345
all,body_combined_rf,42,3,190,44,0,-0.010674603174603114
all,body_combined_rf,42,3,198,93,0,-0.33805555555555555
all,body_combined_rf,42,3,213,44,1,0.13361111111111101
all,body_combined_rf,42,3,215,50,0,-0.39527777777777773
all,body_combined_rf,42,3,217,76,1,0.3917222222222222
all,body_combined_rf,42,3,226,41,1,-0.12616666666666665
all,body_combined_rf,42,3,236,44,0,0.1760555555555553
all,body_combined_rf,42,3,241,29,0,0.0738253968253969
all,body_combined_rf,42,3,242,76,1,0.25
all,body_combined_rf,42,3,243,85,1,0.2154999999999998
all,body_combined_rf,42,3,246,50,0,-0.3605555555555555
all,body_combined_rf,42,3,258,85,1,-0.020841269841269716
all,body_combined_rf,42,3,260,60,0,-0.3476190476190476
all,body_combined_rf,42,3,263,76,1,0.42627777777777753
all,body_combined_rf,42,3,264,31,0,-0.19193650793650796
all,body_combined_rf,42,3,269,44,0,-0.10816666666666658
all,body_combined_rf,42,3,270,49,0,-0.14250000000000007
all,body_combined_rf,42,4,003,1,0,-0.2841865351369938
all,body_combined_rf,42,4,004,45,1,0.24737520747289554
all,body_combined_rf,42,4,015,75,1,-0.26213404304698384
all,body_combined_rf,42,4,018,9,1,0.1687691892657116
all,body_combined_rf,42,4,035,83,1,0.08901063365811879
all,body_combined_rf,42,4,038,43,1,-0.16515101783902997
all,body_combined_rf,42,4,043,9,1,0.017624421361969844
all,body_combined_rf,42,4,054,16,1,0.035476260933749004
all,body_combined_rf,42,4,064,88,0,-0.3183739933924692
all,body_combined_rf,42,4,069,1,0,-0.30666166611039103
all,body_combined_rf,42,4,070,75,1,-0.1009916653409067
all,body_combined_rf,42,4,079,43,1,-0.052247515904223885
all,body_combined_rf,42,4,084,3,1,0.23863607827632127
all,body_combined_rf,42,4,101,36,0,-0.2567840566005858
all,body_combined_rf,42,4,103,6,0,-0.38882794746416766
all,body_combined_rf,42,4,105,16,1,0.1807788055075934
all,body_combined_rf,42,4,108,61,0,-0.2445711730805037
all,body_combined_rf,42,4,120,52,0,-0.36386090546494065
all,body_combined_rf,42,4,122,71,0,-0.16578548817892058
all,body_combined_rf,42,4,125,42,0,-0.41153741448226355
all,body_combined_rf,42,4,127,75,1,0.14227442133437973
all,body_combined_rf,42,4,130,88,0,-0.3615863582655888
all,body_combined_rf,42,4,138,75,1,0.025588301747008546
all,body_combined_rf,42,4,145,36,0,-0.2510225491906685
all,body_combined_rf,42,4,153,83,1,0.15319892958682846
all,body_combined_rf,42,4,154,45,0,-0.0214628226235562
all,body_combined_rf,42,4,155,68,1,0.21368027023951952
all,body_combined_rf,42,4,159,52,0,-0.2846772196936868
all,body_combined_rf,42,4,164,53,0,-0.2571354477360607
all,body_combined_rf,42,4,170,53,0,-0.27813990930560684
all,body_combined_rf,42,4,171,42,0,-0.37853591357727323
all,body_combined_rf,42,4,174,1,0,-0.36352553235518636
all,body_combined_rf,42,4,181,6,0,-0.3893526621587373
all,body_combined_rf,42,4,184,68,0,0.037325350842002614
all,body_combined_rf,42,4,185,71,0,-0.18870126711615876
all,body_combined_rf,42,4,193,56,1,-0.025627212298039714
all,body_combined_rf,42,4,204,27,0,-0.2965356291568866
all,body_combined_rf,42,4,206,42,0,-0.3338608264391006
all,body_combined_rf,42,4,207,3,1,0.31874962463244505
all,body_combined_rf,42,4,212,12,0,-0.10197720311259495
all,body_combined_rf,42,4,216,36,1,0.04406600375064873
all,body_combined_rf,42,4,218,56,1,0.1988479903825623
all,body_combined_rf,42,4,220,88,0,-0.3865958729768006
all,body_combined_rf,42,4,222,52,0,-0.329508144355784
all,body_combined_rf,42,4,228,43,1,0.04670678227352654
all,body_combined_rf,42,4,231,11,0,-0.29608735190755153
all,body_combined_rf,42,4,239,1,0,-0.22296646202851056
all,body_combined_rf,42,4,244,75,1,0.30077715210318867
all,body_combined_rf,42,4,247,88,0,-0.28743768454967744
all,body_combined_rf,42,4,248,36,1,0.19517570418747
all,body_combined_rf,42,4,253,45,1,-0.0562249433658899
all,body_combined_rf,42,4,256,10,1,0.3141320684568605
all,body_combined_rf,42,4,257,83,1,0.2765895846306926
all,body_combined_rf,42,4,259,62,1,0.2529018561355111
all,body_combined_rf,42,4,266,88,0,-0.3559868084619971
all,body_combined_rf,42,4,267,98,1,-0.1324905286487506
all,body_combined_rf,123,0,012,73,1,0.43138888888888893
all,body_combined_rf,123,0,025,81,1,0.04555555555555557
all,body_combined_rf,123,0,033,46,1,0.43438888888888905
all,body_combined_rf,123,0,039,40,0,-0.2833888888888889
all,body_combined_rf,123,0,041,26,1,-0.15360317460317457
all,body_combined_rf,123,0,047,51,0,-0.28772222222222227
all,body_combined_rf,123,0,050,51,0,0.22750000000000004
all,body_combined_rf,123,0,058,50,0,0.12388888888888894
all,body_combined_rf,123,0,059,97,1,0.39083333333333337
all,body_combined_rf,123,0,068,22,1,0.15527777777777774
all,body_combined_rf,123,0,074,81,1,-0.04127777777777786
all,body_combined_rf,123,0,081,40,0,-0.22600000000000003
all,body_combined_rf,123,0,083,79,0,-0.013277777777777833
all,body_combined_rf,123,0,087,51,0,-0.08261111111111108
all,body_combined_rf,123,0,092,51,0,0.058499999999999996
all,body_combined_rf,123,0,093,73,1,0.34338888888888885
all,body_combined_rf,123,0,096,17,0,-0.30011111111111116
all,body_combined_rf,123,0,099,97,1,0.440888888888889
all,body_combined_rf,123,0,101,36,0,-0.37983333333333336
all,body_combined_rf,123,0,103,6,0,-0.42166666666666663
all,body_combined_rf,123,0,109,46,1,0.4052222222222224
all,body_combined_rf,123,0,110,22,1,-0.031714285714285695
all,body_combined_rf,123,0,112,94,0,-0.3045
all,body_combined_rf,123,0,119,40,0,-0.23355555555555563
all,body_combined_rf,123,0,123,81,1,0.4131111111111113
all,body_combined_rf,123,0,124,37,1,0.27722222222222226
all,body_combined_rf,123,0,133,51,0,0.3005555555555556
all,body_combined_rf,123,0,141,37,1,0.1944999999999999
all,body_combined_rf,123,0,145,36,0,-0.3231031746031746
all,body_combined_rf,123,0,149,40,0,0.18833333333333335
all,body_combined_rf,123,0,160,51,0,0.05022222222222217
all,body_combined_rf,123,0,161,79,1,0.2396666666666668
all,body_combined_rf,123,0,167,22,1,0.19227777777777777
all,body_combined_rf,123,0,177,32,0,0.32061111111111107
all,body_combined_rf,123,0,179,37,0,0.19033333333333335
all,body_combined_rf,123,0,180,73,1,0.1865
all,body_combined_rf,123,0,181,6,0,-0.4141666666666667
all,body_combined_rf,123,0,182,79,1,0.048730158730158846
all,body_combined_rf,123,0,186,51,0,-0.1988888888888889
all,body_combined_rf,123,0,187,17,0,-0.08527777777777779
all,body_combined_rf,123,0,189,22,1,-0.19077777777777777
all,body_combined_rf,123,0,195,94,0,-0.43272222222222223
all,body_combined_rf,123,0,202,46,0,-0.026611111111111085
all,body_combined_rf,123,0,208,79,1,0.2701111111111111
all,body_combined_rf,123,0,215,50,0,-0.3391666666666666
all,body_combined_rf,123,0,216,36,1,0.13527777777777783
all,body_combined_rf,123,0,219,73,1,0.3718888888888888
all,body_combined_rf,123,0,229,51,0,-0.23266666666666663
all,body_combined_rf,123,0,231,11,0,-0.31972222222222224
all,body_combined_rf,123,0,233,37,1,0.259
all,body_combined_rf,123,0,246,50,0,-0.3080555555555556
all,body_combined_rf,123,0,248,36,1,0.25249999999999995
all,body_combined_rf,123,0,249,17,1,0.3433333333333334
all,body_combined_rf,123,0,255,97,0,0.3040555555555555
all,body_combined_rf,123,1,009,2,1,0.39205409432615324
all,body_combined_rf,123,1,016,84,1,0.235095531374943
all,body_combined_rf,123,1,020,20,1,0.057958493032022496
all,body_combined_rf,123,1,021,70,0,-0.04102459354084742
all,body_combined_rf,123,1,022,34,1,0.08517897842897848
all,body_combined_rf,123,1,032,19,0,-0.2758296379546379
all,body_combined_rf,123,1,046,70,1,0.038770054349388405
all,body_combined_rf,123,1,048,67,0,-0.1082131191248839
all,body_combined_rf,123,1,061,24,1,0.4187657805157805
all,body_combined_rf,123,1,063,84,1,0.31420649013296065
all,body_combined_rf,123,1,065,41,1,0.1865915825087654
all,body_combined_rf,123,1,067,34,1,-0.0149808233132539
all,body_combined_rf,123,1,072,70,1,-0.024434835932900856
all,body_combined_rf,123,1,078,93,0,-0.16766032905003492
all,body_combined_rf,123,1,085,18,0,-0.3680506345506346
all,body_combined_rf,123,1,086,18,0,-0.3665332537832538
all,body_combined_rf,123,1,089,20,1,0.2762911372396665
all,body_combined_rf,123,1,094,93,1,-0.18511997914939082
all,body_combined_rf,123,1,097,2,1,0.15156872756872763
all,body_combined_rf,123,1,102,76,1,0.3934660481131069
all,body_combined_rf,123,1,104,19,0,-0.3379869869409342
all,body_combined_rf,123,1,115,41,1,0.10676143714959452
all,body_combined_rf,123,1,125,42,0,-0.4213584841084841
all,body_combined_rf,123,1,137,19,0,-0.359373038998039
all,body_combined_rf,123,1,140,84,1,-0.049352628852628755
all,body_combined_rf,123,1,156,5,0,-0.11986295186295187
all,body_combined_rf,123,1,164,53,0,-0.270668759889348
all,body_combined_rf,123,1,165,30,0,-0.16183127711068884
all,body_combined_rf,123,1,166,19,0,-0.32756477781477783
all,body_combined_rf,123,1,170,53,0,-0.2779689060939061
all,body_combined_rf,123,1,171,42,0,-0.4256405908905909
all,body_combined_rf,123,1,172,18,0,-0.41229918121094594
all,body_combined_rf,123,1,176,41,0,-0.12641162541162543
all,body_combined_rf,123,1,178,76,1,0.31760973476414645
all,body_combined_rf,123,1,183,80,1,0.4286630499130496
all,body_combined_rf,123,1,194,5,0,-0.2432022579816696
all,body_combined_rf,123,1,196,67,0,-0.14467131976497316
all,body_combined_rf,123,1,198,93,0,-0.38153664391164394
all,body_combined_rf,123,1,206,42,0,-0.33213847726347734
all,body_combined_rf,123,1,210,20,1,0.26216044209774825
all,body_combined_rf,123,1,212,12,0,-0.04869129019129037
all,body_combined_rf,123,1,217,76,1,0.40537372349872347
all,body_combined_rf,123,1,224,59,1,0.27743554620760513
all,body_combined_rf,123,1,225,67,0,-0.20673823161129656
all,body_combined_rf,123,1,226,41,1,-0.17812931703372875
all,body_combined_rf,123,1,230,34,0,-0.14178238890738903
all,body_combined_rf,123,1,237,18,0,-0.2972482405938288
all,body_combined_rf,123,1,242,76,1,0.3052777520037582
all,body_combined_rf,123,1,245,80,1,0.4191270029706563
all,body_combined_rf,123,1,252,18,0,-0.15159398373098054
all,body_combined_rf,123,1,256,10,1,0.315541060304218
all,body_combined_rf,123,1,259,62,1,0.29881029846200113
all,body_combined_rf,123,1,260,60,0,-0.35900917138417143
all,body_combined_rf,123,1,263,76,1,0.4348856947146421
all,body_combined_rf,123,1,265,18,0,-0.3097533733323208
all,body_combined_rf,123,2,008,28,0,0.18298343036747877
all,body_combined_rf,123,2,010,72,0,-0.23815355454652104
all,body_combined_rf,123,2,014,39,1,-0.1054960562105674
all,body_combined_rf,123,2,023,44,0,-0.13695756377838603
all,body_combined_rf,123,2,024,89,0,-0.05677643739074939
all,body_combined_rf,123,2,034,91,1,0.3548176446190806
all,body_combined_rf,123,2,035,83,1,0.21236455183021874
all,body_combined_rf,123,2,044,15,1,0.37023096416258305
all,body_combined_rf,123,2,051,28,0,-0.21897407514700046
all,body_combined_rf,123,2,055,15,1,-0.197172308732183
all,body_combined_rf,123,2,060,44,0,0.0966912906923667
all,body_combined_rf,123,2,073,13,1,0.35799335400316445
all,body_combined_rf,123,2,076,4,1,0.03979385010035652
all,body_combined_rf,123,2,082,15,1,0.09399108044048621
all,body_combined_rf,123,2,098,4,1,0.2581239639421683
all,body_combined_rf,123,2,100,72,1,-0.14009894539271767
all,body_combined_rf,123,2,106,48,1,-0.2934048684574163
all,body_combined_rf,123,2,117,7,0,-0.40272116295985333
all,body_combined_rf,123,2,118,91,1,0.3209709763341596
all,body_combined_rf,123,2,120,52,0,-0.41335693537677487
all,body_combined_rf,123,2,131,54,1,-0.020815084249707072
all,body_combined_rf,123,2,136,39,0,0.36802654431492365
all,body_combined_rf,123,2,139,89,0,0.018276353435571102
all,body_combined_rf,123,2,142,44,0,-0.18322381728412535
all,body_combined_rf,123,2,143,28,0,-0.003546572689731964
all,body_combined_rf,123,2,147,72,0,0.14831369316311604
all,body_combined_rf,123,2,148,7,0,-0.39161490182182374
all,body_combined_rf,123,2,150,29,0,0.01245720657230076
all,body_combined_rf,123,2,152,58,1,0.24249798624437957
all,body_combined_rf,123,2,153,83,1,0.13666239259258106
all,body_combined_rf,123,2,159,52,0,-0.2988542753412569
all,body_combined_rf,123,2,163,48,0,0.03960495154729715
all,body_combined_rf,123,2,168,4,1,0.01058201557301719
all,body_combined_rf,123,2,169,39,1,0.1456018244057431
all,body_combined_rf,123,2,173,89,0,0.0564388326065931
all,body_combined_rf,123,2,190,44,0,-0.10742217040474505
all,body_combined_rf,123,2,193,56,1,0.0018613219758147892
all,body_combined_rf,123,2,200,21,0,-0.30787525876413435
all,body_combined_rf,123,2,201,66,1,-0.1901877098341906
all,body_combined_rf,123,2,204,27,0,-0.29581428296761675
all,body_combined_rf,123,2,205,95,0,-0.36542931954142055
all,body_combined_rf,123,2,213,44,1,0.19397031796984476
all,body_combined_rf,123,2,218,56,1,0.22636488638798113
all,body_combined_rf,123,2,221,72,1,-0.07676705716288629
all,body_combined_rf,123,2,222,52,0,-0.37191005784852216
all,body_combined_rf,123,2,234,39,0,0.15013543563201837
all,body_combined_rf,123,2,235,89,0,0.23454829046216896
all,body_combined_rf,123,2,236,44,0,0.13431335068460626
all,body_combined_rf,123,2,238,54,1,-0.047557027292303655
all,body_combined_rf,123,2,240,72,0,-0.0014063113395505478
all,body_combined_rf,123,2,241,29,0,-0.013540687809877383
all,body_combined_rf,123,2,250,15,1,0.3826622686226896
all,body_combined_rf,123,2,257,83,1,0.335564461127683
all,body_combined_rf,123,2,268,21,0,-0.210527423567196
all,body_combined_rf,123,2,269,44,0,-0.15988066527629402
all,body_combined_rf,123,2,272,33,1,0.20041877527740803
all,body_combined_rf,123,3,002,78,0,-0.1371570935657624
all,body_combined_rf,123,3,003,1,0,-0.28012053861744257
all,body_combined_rf,123,3,006,49,1,0.37302505990741286
all,body_combined_rf,123,3,007,90,1,0.013097709208003905
all,body_combined_rf,123,3,011,47,1,0.13259434546934556
all,body_combined_rf,123,3,013,92,0,-0.33978997717968307
all,body_combined_rf,123,3,018,9,1,0.13663797667474142
all,body_combined_rf,123,3,019,82,0,-0.42239301439301435
all,body_combined_rf,123,3,028,55,0,-0.45606878306878307
all,body_combined_rf,123,3,030,57,1,-0.4195816082066082
all,body_combined_rf,123,3,031,38,1,-0.2528216396892867
all,body_combined_rf,123,3,037,90,0,-0.1997801504051503
all,body_combined_rf,123,3,038,43,1,-0.019203296703296457
all,body_combined_rf,123,3,043,9,1,-0.06149542124542129
all,body_combined_rf,123,3,045,49,1,-0.018993711740615704
all,body_combined_rf,123,3,053,78,0,0.2950234566631629
all,body_combined_rf,123,3,056,47,1,0.1400691900691896
all,body_combined_rf,123,3,062,55,0,-0.41597359122359123
all,body_combined_rf,123,3,066,90,1,-0.012029373948491406
all,body_combined_rf,123,3,069,1,0,-0.2910976800976801
all,body_combined_rf,123,3,075,38,1,-0.34360363255022697
all,body_combined_rf,123,3,079,43,1,0.029235477485477168
all,body_combined_rf,123,3,084,3,1,0.21950229590670756
all,body_combined_rf,123,3,088,82,0,-0.21566309888368718
all,body_combined_rf,123,3,108,61,0,-0.3400127807921926
all,body_combined_rf,123,3,113,78,0,0.19276545404486578
all,body_combined_rf,123,3,114,92,1,0.3261621989121989
all,body_combined_rf,123,3,121,74,1,0.26069332056832084
all,body_combined_rf,123,3,122,71,0,-0.2067927296015532
all,body_combined_rf,123,3,126,82,0,-0.41314109964109963
all,body_combined_rf,123,3,132,38,0,-0.23022732659497358
all,body_combined_rf,123,3,135,64,1,0.3902901895432853
all,body_combined_rf,123,3,144,63,1,0.23307788507788507
all,body_combined_rf,123,3,146,78,0,0.1568427346074408
all,body_combined_rf,123,3,158,74,1,0.3047778471528467
all,body_combined_rf,123,3,174,1,0,-0.3858521016021016
all,body_combined_rf,123,3,175,74,1,0.38922200947200947
all,body_combined_rf,123,3,185,71,0,-0.2618685573685573
all,body_combined_rf,123,3,192,38,0,-0.4060489232989233
all,body_combined_rf,123,3,199,82,0,-0.4508047693047693
all,body_combined_rf,123,3,207,3,1,0.28883569208569215
all,body_combined_rf,123,3,209,64,0,-0.005754491151549801
all,body_combined_rf,123,3,214,92,0,-0.3147450882450883
all,body_combined_rf,123,3,223,38,0,-0.3581063936063936
all,body_combined_rf,123,3,227,78,0,-0.28310353807412636
all,body_combined_rf,123,3,228,43,1,0.08926138676138662
all,body_combined_rf,123,3,232,74,1,0.39334991125432284
all,body_combined_rf,123,3,239,1,0,-0.2507182447182446
all,body_combined_rf,123,3,251,38,0,-0.09003324526350831
all,body_combined_rf,123,3,261,74,1,0.3780681910681907
all,body_combined_rf,123,3,262,14,0,-0.19885940285204984
all,body_combined_rf,123,3,270,49,0,0.0007844840344839454
all,body_combined_rf,123,3,271,47,1,0.1964153527787429
all,body_combined_rf,123,4,001,87,0,-0.05420231425464256
all,body_combined_rf,123,4,004,45,1,0.295634665618453
all,body_combined_rf,123,4,005,65,0,-0.1406567980039653
all,body_combined_rf,123,4,015,75,1,-0.17356133800825463
all,body_combined_rf,123,4,017,8,0,-0.12294544656504303
all,body_combined_rf,123,4,026,86,1,0.3691554832375128
all,body_combined_rf,123,4,027,85,1,0.052508907213246414
all,body_combined_rf,123,4,029,35,0,-0.13050668287272432
all,body_combined_rf,123,4,036,77,0,-0.22467421071804627
all,body_combined_rf,123,4,040,8,0,-0.10895549862372095
all,body_combined_rf,123,4,042,23,0,0.19148587804235107
all,body_combined_rf,123,4,049,87,0,-0.029960988816552403
all,body_combined_rf,123,4,052,8,0,-0.015414855415861295
all,body_combined_rf,123,4,054,16,1,0.06575233384930623
all,body_combined_rf,123,4,057,69,1,0.3322513533586694
all,body_combined_rf,123,4,064,88,0,-0.35150596252966565
all,body_combined_rf,123,4,070,75,1,0.0012100570625973583
all,body_combined_rf,123,4,071,23,1,0.39745181437251687
all,body_combined_rf,123,4,077,86,1,0.4064652932154521
all,body_combined_rf,123,4,080,25,0,-0.09668095983062697
all,body_combined_rf,123,4,090,69,0,0.06852440434223084
all,body_combined_rf,123,4,091,96,1,0.11755444997115039
all,body_combined_rf,123,4,095,86,1,0.3067678466407201
all,body_combined_rf,123,4,105,16,1,0.21509093757842246
all,body_combined_rf,123,4,107,35,0,-0.2564993355509754
all,body_combined_rf,123,4,111,77,0,-0.10796975713234352
all,body_combined_rf,123,4,116,85,0,0.11890631057285073
all,body_combined_rf,123,4,127,75,1,0.20019214848667244
all,body_combined_rf,123,4,128,96,1,0.38274199575516943
all,body_combined_rf,123,4,129,69,1,0.20917147549468018
all,body_combined_rf,123,4,130,88,0,-0.38943036992615415
all,body_combined_rf,123,4,134,69,1,0.06403351277275349
all,body_combined_rf,123,4,138,75,1,0.12138642612876216
all,body_combined_rf,123,4,151,85,1,0.24822884217756291
all,body_combined_rf,123,4,154,45,0,-0.1292771585454064
all,body_combined_rf,123,4,155,68,1,0.2594456566452322
all,body_combined_rf,123,4,157,77,0,-0.34144364160232143
all,body_combined_rf,123,4,162,23,0,0.18770258506899784
all,body_combined_rf,123,4,184,68,0,0.06434816267972832
all,body_combined_rf,123,4,188,85,0,-0.1517578842239617
all,body_combined_rf,123,4,191,87,0,-0.22029746883977602
all,body_combined_rf,123,4,197,35,0,-0.3208147537623293
all,body_combined_rf,123,4,203,77,1,0.0667136886909645
all,body_combined_rf,123,4,211,87,0,-0.2108515527818604
all,body_combined_rf,123,4,220,88,0,-0.39109872052487993
all,body_combined_rf,123,4,243,85,1,0.2228012423523379
all,body_combined_rf,123,4,244,75,1,0.338602965745311
all,body_combined_rf,123,4,247,88,0,-0.2758894295112561
all,body_combined_rf,123,4,253,45,1,-0.031214099079142632
all,body_combined_rf,123,4,254,86,1,0.4022130020564
all,body_combined_rf,123,4,258,85,1,0.02615780543300439
all,body_combined_rf,123,4,264,31,0,-0.10874279265420161
all,body_combined_rf,123,4,266,88,0,-0.34118326254522396
all,body_combined_rf,123,4,267,98,1,-0.15426575786485375
all,body_combined_rf,456,0,006,49,1,0.3937777777777778
all,body_combined_rf,456,0,009,2,1,0.41403703703703687
all,body_combined_rf,456,0,014,39,1,-0.05744444444444441
all,body_combined_rf,456,0,025,81,1,0.033055555555555616
all,body_combined_rf,456,0,026,86,1,0.4052222222222224
all,body_combined_rf,456,0,032,19,0,-0.26849999999999996
all,body_combined_rf,456,0,034,91,1,0.3244444444444444
all,body_combined_rf,456,0,045,49,1,-0.04538888888888881
all,body_combined_rf,456,0,047,51,0,-0.2590555555555555
all,body_combined_rf,456,0,048,67,0,-0.13161111111111112
all,body_combined_rf,456,0,050,51,0,0.15394444444444433
all,body_combined_rf,456,0,054,16,1,-0.0222222222222222
all,body_combined_rf,456,0,059,97,1,0.3486111111111111
all,body_combined_rf,456,0,068,22,1,0.1788333333333334
all,body_combined_rf,456,0,074,81,1,-0.07883333333333331
all,body_combined_rf,456,0,077,86,1,0.45805555555555544
all,body_combined_rf,456,0,078,93,0,-0.16866666666666658
all,body_combined_rf,456,0,084,3,1,0.2544999999999997
all,body_combined_rf,456,0,087,51,0,-0.11372222222222217
all,body_combined_rf,456,0,092,51,0,0.013388888888888784
all,body_combined_rf,456,0,094,93,1,-0.22900000000000004
all,body_combined_rf,456,0,095,86,1,0.263611111111111
all,body_combined_rf,456,0,097,2,1,0.15861111111111093
all,body_combined_rf,456,0,099,97,1,0.3717222222222224
all,body_combined_rf,456,0,104,19,0,-0.33615079365079364
all,body_combined_rf,456,0,105,16,1,0.16977777777777758
all,body_combined_rf,456,0,110,22,1,-0.033055555555555505
all,body_combined_rf,456,0,117,7,0,-0.3917777777777778
all,body_combined_rf,456,0,118,91,1,0.2910555555555554
all,body_combined_rf,456,0,122,71,0,-0.2137777777777778
all,body_combined_rf,456,0,123,81,1,0.38749999999999996
all,body_combined_rf,456,0,133,51,0,0.20172222222222203
all,body_combined_rf,456,0,136,39,0,0.40722222222222226
all,body_combined_rf,456,0,137,19,0,-0.30333333333333334
all,body_combined_rf,456,0,148,7,0,-0.4039166666666667
all,body_combined_rf,456,0,160,51,0,-0.021722222222222254
all,body_combined_rf,456,0,166,19,0,-0.32561111111111113
all,body_combined_rf,456,0,167,22,1,0.1411111111111112
all,body_combined_rf,456,0,169,39,1,0.31853174603174594
all,body_combined_rf,456,0,185,71,0,-0.2866666666666666
all,body_combined_rf,456,0,186,51,0,-0.22783333333333333
all,body_combined_rf,456,0,189,22,1,-0.17088888888888892
all,body_combined_rf,456,0,196,67,0,-0.262
all,body_combined_rf,456,0,198,93,0,-0.36883333333333335
all,body_combined_rf,456,0,200,21,0,-0.3121111111111111
all,body_combined_rf,456,0,207,3,1,0.2653333333333334
all,body_combined_rf,456,0,225,67,0,-0.31327777777777777
all,body_combined_rf,456,0,229,51,0,-0.21865079365079365
all,body_combined_rf,456,0,231,11,0,-0.31244444444444447
all,body_combined_rf,456,0,234,39,0,0.2758333333333334
all,body_combined_rf,456,0,254,86,1,0.4144444444444446
all,body_combined_rf,456,0,255,97,0,0.2186111111111111
all,body_combined_rf,456,0,267,98,1,-0.19666666666666655
all,body_combined_rf,456,0,268,21,0,-0.2466666666666667
all,body_combined_rf,456,0,270,49,0,-0.18372222222222218
all,body_combined_rf,456,1,005,65,0,-0.20936077597884428
all,body_combined_rf,456,1,011,47,1,0.13326929820004774
all,body_combined_rf,456,1,015,75,1,-0.2581927271353608
all,body_combined_rf,456,1,016,84,1,0.23606559988794562
all,body_combined_rf,456,1,019,82,0,-0.37859277623853477
all,body_combined_rf,456,1,022,34,1,0.06249652317714016
all,body_combined_rf,456,1,031,38,1,-0.1974331279168774
all,body_combined_rf,456,1,033,46,1,0.3014417767079455
all,body_combined_rf,456,1,056,47,1,0.21337135222671988
all,body_combined_rf,456,1,058,50,0,-0.05337713099727476
all,body_combined_rf,456,1,063,84,1,0.2958858522665677
all,body_combined_rf,456,1,067,34,1,-0.003923018412806123
all,body_combined_rf,456,1,070,75,1,-0.05621639596450223
all,body_combined_rf,456,1,075,38,1,-0.288887927921881
all,body_combined_rf,456,1,083,79,0,-0.10367474907746516
all,body_combined_rf,456,1,085,18,0,-0.38716476406835176
all,body_combined_rf,456,1,086,18,0,-0.38482300307378325
all,body_combined_rf,456,1,088,82,0,-0.15023455412240283
all,body_combined_rf,456,1,096,17,0,-0.3305674446311363
all,body_combined_rf,456,1,109,46,1,0.229916125891509
all,body_combined_rf,456,1,120,52,0,-0.39952034267171394
all,body_combined_rf,456,1,126,82,0,-0.36966321763797805
all,body_combined_rf,456,1,127,75,1,0.10629080736921792
all,body_combined_rf,456,1,132,38,0,-0.20445379492009985
all,body_combined_rf,456,1,138,75,1,0.08011630710461648
all,body_combined_rf,456,1,140,84,1,-0.028873546546559492
all,body_combined_rf,456,1,144,63,1,0.1959563918767281
all,body_combined_rf,456,1,152,58,1,0.2822447496617473
all,body_combined_rf,456,1,159,52,0,-0.2855782139829913
all,body_combined_rf,456,1,161,79,1,0.25027620572009934
all,body_combined_rf,456,1,165,30,0,-0.1936465581502727
all,body_combined_rf,456,1,172,18,0,-0.39590764403594886
all,body_combined_rf,456,1,182,79,1,0.06112800278167474
all,body_combined_rf,456,1,183,80,1,0.4128774592264587
all,body_combined_rf,456,1,187,17,0,-0.21567341759401726
all,body_combined_rf,456,1,192,38,0,-0.3610076869084021
all,body_combined_rf,456,1,199,82,0,-0.3850495539441503
all,body_combined_rf,456,1,202,46,0,-0.177769629398483
all,body_combined_rf,456,1,208,79,1,0.28903308327614874
all,body_combined_rf,456,1,215,50,0,-0.31262507116867166
all,body_combined_rf,456,1,222,52,0,-0.37882787388206446
all,body_combined_rf,456,1,223,38,0,-0.2965820630744427
all,body_combined_rf,456,1,230,34,0,-0.1131938620530698
all,body_combined_rf,456,1,237,18,0,-0.3390339903684465
all,body_combined_rf,456,1,244,75,1,0.33177336689906756
all,body_combined_rf,456,1,245,80,1,0.3727504865320054
all,body_combined_rf,456,1,246,50,0,-0.3120643490386543
all,body_combined_rf,456,1,249,17,1,0.267270021386806
all,body_combined_rf,456,1,251,38,0,-0.06912593759438562
all,body_combined_rf,456,1,252,18,0,-0.11960178252787512
all,body_combined_rf,456,1,260,60,0,-0.3192107320606478
all,body_combined_rf,456,1,265,18,0,-0.3048346979859233
all,body_combined_rf,456,1,271,47,1,0.20529535971389867
all,body_combined_rf,456,2,001,87,0,-0.03624725384999039
all,body_combined_rf,456,2,010,72,0,-0.19174053456289963
all,body_combined_rf,456,2,017,8,0,-0.09763394636707107
all,body_combined_rf,456,2,040,8,0,-0.04764704416813115
all,body_combined_rf,456,2,041,26,1,0.01797201249513858
all,body_combined_rf,456,2,044,15,1,0.3260159511944738
all,body_combined_rf,456,2,049,87,0,0.009397142382748025
all,body_combined_rf,456,2,052,8,0,0.07406044297776271
all,body_combined_rf,456,2,055,15,1,-0.2145847209795127
all,body_combined_rf,456,2,057,69,1,0.31322560777474096
all,body_combined_rf,456,2,061,24,1,0.4121911513019889
all,body_combined_rf,456,2,064,88,0,-0.3643404019883988
all,body_combined_rf,456,2,082,15,1,0.09966096710641259
all,body_combined_rf,456,2,090,69,0,0.09882255350968305
all,body_combined_rf,456,2,100,72,1,-0.10264036194346177
all,body_combined_rf,456,2,112,94,0,-0.277902364513016
all,body_combined_rf,456,2,121,74,1,0.257450943849752
all,body_combined_rf,456,2,124,37,1,0.20084088257954558
all,body_combined_rf,456,2,125,42,0,-0.39582661860082136
all,body_combined_rf,456,2,129,69,1,0.17751821003303736
all,body_combined_rf,456,2,130,88,0,-0.37787398587782484
all,body_combined_rf,456,2,134,69,1,0.043935320449948745
all,body_combined_rf,456,2,135,64,1,0.38769351344550274
all,body_combined_rf,456,2,141,37,1,0.25748356374151615
all,body_combined_rf,456,2,147,72,0,0.2067493587544983
all,body_combined_rf,456,2,156,5,0,-0.10083997476845069
all,body_combined_rf,456,2,158,74,1,0.2801649506392824
all,body_combined_rf,456,2,171,42,0,-0.39380451752382467
all,body_combined_rf,456,2,175,74,1,0.33064438208096514
all,body_combined_rf,456,2,177,32,0,0.12633720501277168
all,body_combined_rf,456,2,179,37,0,0.22307130268585862
all,body_combined_rf,456,2,191,87,0,-0.26506762883342533
all,body_combined_rf,456,2,193,56,1,0.014713075192943958
all,body_combined_rf,456,2,194,5,0,-0.3060198749280121
all,body_combined_rf,456,2,195,94,0,-0.3558560723129425
all,body_combined_rf,456,2,204,27,0,-0.2767460542443251
all,body_combined_rf,456,2,206,42,0,-0.3195513216707054
all,body_combined_rf,456,2,209,64,0,-0.05498396319246607
all,body_combined_rf,456,2,211,87,0,-0.23960283907111218
all,body_combined_rf,456,2,218,56,1,0.2480929114647481
all,body_combined_rf,456,2,220,88,0,-0.4050500397105498
all,body_combined_rf,456,2,221,72,1,-0.12780267870505058
all,body_combined_rf,456,2,232,74,1,0.34627890598587874
all,body_combined_rf,456,2,233,37,1,0.2666982618157523
all,body_combined_rf,456,2,240,72,0,-0.08271161224572893
all,body_combined_rf,456,2,247,88,0,-0.2836655962256682
all,body_combined_rf,456,2,250,15,1,0.31435461557780975
all,body_combined_rf,456,2,256,10,1,0.2981670989148847
all,body_combined_rf,456,2,259,62,1,0.2774590514857753
all,body_combined_rf,456,2,261,74,1,0.2902517816946095
all,body_combined_rf,456,2,262,14,0,-0.07246751682444835
all,body_combined_rf,456,2,264,31,0,-0.1246278286945336
all,body_combined_rf,456,2,266,88,0,-0.3647293090676045
all,body_combined_rf,456,2,272,33,1,0.11144428376535587
all,body_combined_rf,456,3,004,45,1,0.34839682539682537
all,body_combined_rf,456,3,008,28,0,0.11311111111111127
all,body_combined_rf,456,3,012,73,1,0.384
all,body_combined_rf,456,3,018,9,1,0.22911904761904778
all,body_combined_rf,456,3,023,44,0,-0.18294444444444435
all,body_combined_rf,456,3,024,89,0,-0.034722222222222265
all,body_combined_rf,456,3,027,85,1,-0.013277777777777833
all,body_combined_rf,456,3,029,35,0,-0.1714444444444445
all,body_combined_rf,456,3,030,57,1,-0.4711666666666667
all,body_combined_rf,456,3,035,83,1,0.1976984126984127
all,body_combined_rf,456,3,036,77,0,-0.22925396825396827
all,body_combined_rf,456,3,042,23,0,0.1852222222222223
all,body_combined_rf,456,3,043,9,1,0.14168253968253963
all,body_combined_rf,456,3,051,28,0,-0.20256349206349206
all,body_combined_rf,456,3,060,44,0,0.12277777777777776
all,body_combined_rf,456,3,071,23,1,0.4278888888888889
all,body_combined_rf,456,3,076,4,1,0.07561111111111096
all,body_combined_rf,456,3,080,25,0,-0.1418888888888889
all,body_combined_rf,456,3,093,73,1,0.33494444444444416
all,body_combined_rf,456,3,098,4,1,0.31338888888888894
all,body_combined_rf,456,3,101,36,0,-0.24655555555555558
all,body_combined_rf,456,3,107,35,0,-0.31366666666666665
all,body_combined_rf,456,3,111,77,0,-0.09805555555555551
all,body_combined_rf,456,3,116,85,0,0.08946031746031746
all,body_combined_rf,456,3,139,89,0,0.04861111111111105
all,body_combined_rf,456,3,142,44,0,-0.13294444444444453
all,body_combined_rf,456,3,143,28,0,-0.012317460317460394
all,body_combined_rf,456,3,145,36,0,-0.33499999999999996
all,body_combined_rf,456,3,151,85,1,0.18300000000000005
all,body_combined_rf,456,3,153,83,1,0.21238888888888896
all,body_combined_rf,456,3,154,45,0,-0.039000000000000035
all,body_combined_rf,456,3,155,68,1,0.3545555555555556
all,body_combined_rf,456,3,157,77,0,-0.33422222222222225
all,body_combined_rf,456,3,162,23,0,0.16194444444444445
all,body_combined_rf,456,3,168,4,1,0.042611111111111155
all,body_combined_rf,456,3,173,89,0,0.03888888888888875
all,body_combined_rf,456,3,180,73,1,0.22949999999999982
all,body_combined_rf,456,3,184,68,0,0.04922222222222217
all,body_combined_rf,456,3,188,85,0,-0.2928730158730159
all,body_combined_rf,456,3,190,44,0,-0.04972222222222217
all,body_combined_rf,456,3,197,35,0,-0.3011111111111111
all,body_combined_rf,456,3,201,66,1,-0.21844444444444444
all,body_combined_rf,456,3,203,77,1,0.1765793650793651
all,body_combined_rf,456,3,212,12,0,-0.020658730158730154
all,body_combined_rf,456,3,213,44,1,0.18161111111111095
all,body_combined_rf,456,3,216,36,1,0.17466666666666664
all,body_combined_rf,456,3,219,73,1,0.39627777777777773
all,body_combined_rf,456,3,224,59,1,0.2777222222222224
all,body_combined_rf,456,3,235,89,0,0.22358730158730167
all,body_combined_rf,456,3,236,44,0,0.13016666666666654
all,body_combined_rf,456,3,243,85,1,0.20050793650793652
all,body_combined_rf,456,3,248,36,1,0.3011111111111111
all,body_combined_rf,456,3,253,45,1,-0.10503968253968254
all,body_combined_rf,456,3,257,83,1,0.34511111111111115
all,body_combined_rf,456,3,258,85,1,-0.07833333333333337
all,body_combined_rf,456,3,269,44,0,-0.19850000000000007
all,body_combined_rf,456,4,002,78,0,-0.15298692319972745
all,body_combined_rf,456,4,003,1,0,-0.34859258971920404
all,body_combined_rf,456,4,007,90,1,0.012494383543326881
all,body_combined_rf,456,4,013,92,0,-0.25991993659108836
all,body_combined_rf,456,4,020,20,1,0.0588500146156653
all,body_combined_rf,456,4,021,70,0,0.049413487322269134
all,body_combined_rf,456,4,028,55,0,-0.4066113953982722
all,body_combined_rf,456,4,037,90,0,-0.21383656949103597
all,body_combined_rf,456,4,038,43,1,-0.12250914100947924
all,body_combined_rf,456,4,039,40,0,-0.30841931095108654
all,body_combined_rf,456,4,046,70,1,0.015424511259979345
all,body_combined_rf,456,4,053,78,0,0.22304619087475885
all,body_combined_rf,456,4,062,55,0,-0.3601334192086136
all,body_combined_rf,456,4,065,41,1,0.22034714967051627
all,body_combined_rf,456,4,066,90,1,0.00931657345808612
all,body_combined_rf,456,4,069,1,0,-0.3000846937399966
all,body_combined_rf,456,4,072,70,1,0.04537038358150869
all,body_combined_rf,456,4,073,13,1,0.31313100578235686
all,body_combined_rf,456,4,079,43,1,0.007456097381715043
all,body_combined_rf,456,4,081,40,0,-0.19468240688039645
all,body_combined_rf,456,4,089,20,1,0.3093641006749178
all,body_combined_rf,456,4,091,96,1,0.06696864158805249
all,body_combined_rf,456,4,102,76,1,0.40724330520759977
all,body_combined_rf,456,4,103,6,0,-0.43128519056238523
all,body_combined_rf,456,4,106,48,1,-0.25278010255161965
all,body_combined_rf,456,4,108,61,0,-0.3132246154778386
all,body_combined_rf,456,4,113,78,0,0.07787365850015926
all,body_combined_rf,456,4,114,92,1,0.2845042418107945
all,body_combined_rf,456,4,115,41,1,0.17584426797796004
all,body_combined_rf,456,4,119,40,0,-0.263570796545361
all,body_combined_rf,456,4,128,96,1,0.35837165549540806
all,body_combined_rf,456,4,131,54,1,0.02403543639845873
all,body_combined_rf,456,4,146,78,0,0.0830311008997815
all,body_combined_rf,456,4,149,40,0,0.07641662666738114
all,body_combined_rf,456,4,150,29,0,0.018670640733297827
all,body_combined_rf,456,4,163,48,0,-0.009344287629254988
all,body_combined_rf,456,4,164,53,0,-0.2888767947650812
all,body_combined_rf,456,4,170,53,0,-0.30654992331953634
all,body_combined_rf,456,4,174,1,0,-0.3505665295379426
all,body_combined_rf,456,4,176,41,0,-0.07785454702367667
all,body_combined_rf,456,4,178,76,1,0.34897026412299903
all,body_combined_rf,456,4,181,6,0,-0.39314466966500244
all,body_combined_rf,456,4,205,95,0,-0.39567323974162794
all,body_combined_rf,456,4,210,20,1,0.20304952707820267
all,body_combined_rf,456,4,214,92,0,-0.2535995910715743
all,body_combined_rf,456,4,217,76,1,0.39623286161614435
all,body_combined_rf,456,4,226,41,1,-0.05135998502527095
all,body_combined_rf,456,4,227,78,0,-0.2869539446241961
all,body_combined_rf,456,4,228,43,1,0.03602481489521303
all,body_combined_rf,456,4,238,54,1,-0.0135420042542298
all,body_combined_rf,456,4,239,1,0,-0.24235121866195314
all,body_combined_rf,456,4,241,29,0,-0.018548244193977936
all,body_combined_rf,456,4,242,76,1,0.2904073882448429
all,body_combined_rf,456,4,263,76,1,0.41506308851331497
all,body_combined_rf,789,0,003,1,0,-0.3388888888888889
all,body_combined_rf,789,0,013,92,0,-0.32866666666666666
all,body_combined_rf,789,0,017,8,0,-0.14227777777777773
all,body_combined_rf,789,0,018,9,1,0.19566666666666677
all,body_combined_rf,789,0,026,86,1,0.3685555555555555
all,body_combined_rf,789,0,035,83,1,0.10649999999999993
all,body_combined_rf,789,0,040,8,0,-0.07244444444444442
all,body_combined_rf,789,0,043,9,1,0.07555555555555549
all,body_combined_rf,789,0,047,51,0,-0.28600000000000003
all,body_combined_rf,789,0,050,51,0,0.19538888888888906
all,body_combined_rf,789,0,052,8,0,0.10711111111111105
all,body_combined_rf,789,0,059,97,1,0.3558888888888888
all,body_combined_rf,789,0,068,22,1,0.16238888888888903
all,body_combined_rf,789,0,069,1,0,-0.24249999999999994
all,body_combined_rf,789,0,073,13,1,0.3308333333333332
all,body_combined_rf,789,0,077,86,1,0.4018333333333334
all,body_combined_rf,789,0,080,25,0,-0.1390555555555555
all,body_combined_rf,789,0,083,79,0,-0.0672222222222223
all,body_combined_rf,789,0,087,51,0,-0.10805555555555546
all,body_combined_rf,789,0,091,96,1,0.09533333333333327
all,body_combined_rf,789,0,092,51,0,0.006500000000000061
all,body_combined_rf,789,0,095,86,1,0.2876269841269842
all,body_combined_rf,789,0,099,97,1,0.4348333333333335
all,body_combined_rf,789,0,110,22,1,0.007611111111111235
all,body_combined_rf,789,0,114,92,1,0.3147777777777778
all,body_combined_rf,789,0,122,71,0,-0.2232142857142857
all,body_combined_rf,789,0,128,96,1,0.372388888888889
all,body_combined_rf,789,0,133,51,0,0.2519444444444444
all,body_combined_rf,789,0,144,63,1,0.34177777777777785
all,body_combined_rf,789,0,153,83,1,0.07419841269841276
all,body_combined_rf,789,0,155,68,1,0.2910555555555554
all,body_combined_rf,789,0,156,5,0,-0.20572222222222225
all,body_combined_rf,789,0,160,51,0,0.018888888888888955
all,body_combined_rf,789,0,161,79,1,0.26122222222222213
all,body_combined_rf,789,0,164,53,0,-0.3015277777777778
all,body_combined_rf,789,0,167,22,1,0.15527777777777785
all,body_combined_rf,789,0,170,53,0,-0.26216666666666666
all,body_combined_rf,789,0,174,1,0,-0.32333333333333336
all,body_combined_rf,789,0,177,32,0,0.316111111111111
all,body_combined_rf,789,0,182,79,1,0.04283333333333317
all,body_combined_rf,789,0,184,68,0,0.1905555555555556
all,body_combined_rf,789,0,185,71,0,-0.2797777777777778
all,body_combined_rf,789,0,186,51,0,-0.2169444444444445
all,body_combined_rf,789,0,189,22,1,-0.15605555555555561
all,body_combined_rf,789,0,194,5,0,-0.28722222222222227
all,body_combined_rf,789,0,201,66,1,-0.18466666666666665
all,body_combined_rf,789,0,208,79,1,0.2570555555555556
all,body_combined_rf,789,0,214,92,0,-0.3037777777777778
all,body_combined_rf,789,0,229,51,0,-0.2251111111111111
all,body_combined_rf,789,0,239,1,0,-0.18505555555555553
all,body_combined_rf,789,0,254,86,1,0.3491666666666666
all,body_combined_rf,789,0,255,97,0,0.3091111111111111
all,body_combined_rf,789,0,256,10,1,0.326111111111111
all,body_combined_rf,789,0,257,83,1,0.2723333333333334
all,body_combined_rf,789,1,004,45,1,0.2407715016465013
all,body_combined_rf,789,1,008,28,0,0.10981759634700794
all,body_combined_rf,789,1,009,2,1,0.442089133089133
all,body_combined_rf,789,1,012,73,1,0.41837981299745985
all,body_combined_rf,789,1,014,39,1,-0.03279991386609038
all,body_combined_rf,789,1,019,82,0,-0.40761565340977113
all,body_combined_rf,789,1,031,38,1,-0.22857524338406693
all,body_combined_rf,789,1,033,46,1,0.3749627355215591
all,body_combined_rf,789,1,042,23,0,0.09441994144200017
all,body_combined_rf,789,1,044,15,1,0.39584206534206545
all,body_combined_rf,789,1,051,28,0,-0.289322224072224
all,body_combined_rf,789,1,055,15,1,-0.27041259503024206
all,body_combined_rf,789,1,058,50,0,0.04998007384772074
all,body_combined_rf,789,1,061,24,1,0.43915209790209775
all,body_combined_rf,789,1,071,23,1,0.43710863265275024
all,body_combined_rf,789,1,075,38,1,-0.3488509083509083
all,body_combined_rf,789,1,076,4,1,0.04862998187456402
all,body_combined_rf,789,1,082,15,1,0.18200186543762376
all,body_combined_rf,789,1,084,3,1,0.2124981244245947
all,body_combined_rf,789,1,085,18,0,-0.4055030525030525
all,body_combined_rf,789,1,086,18,0,-0.42085333185333185
all,body_combined_rf,789,1,088,82,0,-0.22496369044898468
all,body_combined_rf,789,1,093,73,1,0.34066637828402513
all,body_combined_rf,789,1,097,2,1,0.22270224056988785
all,body_combined_rf,789,1,098,4,1,0.32642088195029373
all,body_combined_rf,789,1,109,46,1,0.31100790413290424
all,body_combined_rf,789,1,126,82,0,-0.3784168821374704
all,body_combined_rf,789,1,132,38,0,-0.2468894596688715
all,body_combined_rf,789,1,136,39,0,0.39294611271081914
all,body_combined_rf,789,1,143,28,0,-0.05115128662187485
all,body_combined_rf,789,1,150,29,0,0.014583419848125723
all,body_combined_rf,789,1,154,45,0,-0.1122934157345924
all,body_combined_rf,789,1,162,23,0,0.2170389234948059
all,body_combined_rf,789,1,168,4,1,0.06627705926970595
all,body_combined_rf,789,1,169,39,1,0.2787324135559427
all,body_combined_rf,789,1,172,18,0,-0.4036989306989307
all,body_combined_rf,789,1,180,73,1,0.1600336656807244
all,body_combined_rf,789,1,192,38,0,-0.40478628452157867
all,body_combined_rf,789,1,199,82,0,-0.42475129500129505
all,body_combined_rf,789,1,202,46,0,-0.13032180707722502
all,body_combined_rf,789,1,207,3,1,0.3081193343693345
all,body_combined_rf,789,1,215,50,0,-0.4063760175010175
all,body_combined_rf,789,1,219,73,1,0.41124344174344196
all,body_combined_rf,789,1,223,38,0,-0.35424555999555996
all,body_combined_rf,789,1,231,11,0,-0.3351540282329756
all,body_combined_rf,789,1,234,39,0,0.266657575468334
all,body_combined_rf,789,1,237,18,0,-0.36526125726125724
all,body_combined_rf,789,1,241,29,0,-0.09321914196914205
all,body_combined_rf,789,1,246,50,0,-0.3647486928276402
all,body_combined_rf,789,1,250,15,1,0.37434454434454456
all,body_combined_rf,789,1,251,38,0,-0.08993059337177
all,body_combined_rf,789,1,252,18,0,-0.24427944141914726
all,body_combined_rf,789,1,253,45,1,-0.027464722641193207
all,body_combined_rf,789,1,265,18,0,-0.362239602989603
all,body_combined_rf,789,1,272,33,1,0.19412580801551427
all,body_combined_rf,789,2,002,78,0,-0.05369772059044059
all,body_combined_rf,789,2,006,49,1,0.36088667674093666
all,body_combined_rf,789,2,011,47,1,0.0698509406151967
all,body_combined_rf,789,2,025,81,1,0.036168919189052406
all,body_combined_rf,789,2,030,57,1,-0.3980744075506125
all,body_combined_rf,789,2,032,19,0,-0.28108511952381326
all,body_combined_rf,789,2,034,91,1,0.2687232802363281
all,body_combined_rf,789,2,036,77,0,-0.13704707397335925
all,body_combined_rf,789,2,039,40,0,-0.2604129516467066
all,body_combined_rf,789,2,045,49,1,-0.019147110612562024
all,body_combined_rf,789,2,053,78,0,0.25842814861784624
all,body_combined_rf,789,2,056,47,1,0.14451072787731822
all,body_combined_rf,789,2,074,81,1,-0.010778973020665605
all,body_combined_rf,789,2,081,40,0,-0.16783533227091596
all,body_combined_rf,789,2,096,17,0,-0.31619251854683794
all,body_combined_rf,789,2,101,36,0,-0.27493432956688657
all,body_combined_rf,789,2,102,76,1,0.3889662437476814
all,body_combined_rf,789,2,103,6,0,-0.41926043401531365
all,body_combined_rf,789,2,104,19,0,-0.17588022387403102
all,body_combined_rf,789,2,111,77,0,-0.04255902360155411
all,body_combined_rf,789,2,113,78,0,0.1701034541056381
all,body_combined_rf,789,2,117,7,0,-0.38317213762201974
all,body_combined_rf,789,2,118,91,1,0.3179842193813348
all,body_combined_rf,789,2,119,40,0,-0.24506785024757488
all,body_combined_rf,789,2,123,81,1,0.3066112975296523
all,body_combined_rf,789,2,124,37,1,0.13381242287947104
all,body_combined_rf,789,2,131,54,1,-0.07239736804251495
all,body_combined_rf,789,2,137,19,0,-0.18551722802823556
all,body_combined_rf,789,2,141,37,1,0.21283555103082852
all,body_combined_rf,789,2,145,36,0,-0.2938034665595627
all,body_combined_rf,789,2,146,78,0,0.1910001948023048
all,body_combined_rf,789,2,148,7,0,-0.3892989910587379
all,body_combined_rf,789,2,149,40,0,0.03059180018726515
all,body_combined_rf,789,2,157,77,0,-0.31456824853274457
all,body_combined_rf,789,2,166,19,0,-0.21550424602085255
all,body_combined_rf,789,2,178,76,1,0.35923483564408043
all,body_combined_rf,789,2,179,37,0,0.10380412534629768
all,body_combined_rf,789,2,181,6,0,-0.3726651343320238
all,body_combined_rf,789,2,187,17,0,-0.1594258993536966
all,body_combined_rf,789,2,203,77,1,0.06267214893417761
all,body_combined_rf,789,2,212,12,0,-0.02451690195935813
all,body_combined_rf,789,2,216,36,1,0.08347423590065184
all,body_combined_rf,789,2,217,76,1,0.3796731393951188
all,body_combined_rf,789,2,227,78,0,-0.2241145179066002
all,body_combined_rf,789,2,233,37,1,0.2609238544984549
all,body_combined_rf,789,2,238,54,1,-0.07046895392853858
all,body_combined_rf,789,2,242,76,1,0.27330532825075127
all,body_combined_rf,789,2,248,36,1,0.15703692359243004
all,body_combined_rf,789,2,249,17,1,0.22933841930185506
all,body_combined_rf,789,2,262,14,0,-0.10189069017011798
all,body_combined_rf,789,2,263,76,1,0.3808030335489724
all,body_combined_rf,789,2,264,31,0,-0.047581847507541575
all,body_combined_rf,789,2,267,98,1,-0.16978250059520034
all,body_combined_rf,789,2,270,49,0,-0.03618303665515471
all,body_combined_rf,789,2,271,47,1,0.09929248563581339
all,body_combined_rf,789,3,001,87,0,-0.11835407759695277
all,body_combined_rf,789,3,007,90,1,-0.02081683410482138
all,body_combined_rf,789,3,015,75,1,-0.23043760684483688
all,body_combined_rf,789,3,016,84,1,0.20244693954035486
all,body_combined_rf,789,3,020,20,1,0.054460743327512384
all,body_combined_rf,789,3,022,34,1,0.07419540924843249
all,body_combined_rf,789,3,028,55,0,-0.3920547116909747
all,body_combined_rf,789,3,029,35,0,-0.15010587811478482
all,body_combined_rf,789,3,037,90,0,-0.2499789524261914
all,body_combined_rf,789,3,041,26,1,-0.06608264481420312
all,body_combined_rf,789,3,049,87,0,-0.07182182429673761
all,body_combined_rf,789,3,057,69,1,0.31497807924655286
all,body_combined_rf,789,3,062,55,0,-0.3398551481483134
all,body_combined_rf,789,3,063,84,1,0.2912732178874331
all,body_combined_rf,789,3,064,88,0,-0.3377058108933668
all,body_combined_rf,789,3,066,90,1,-0.030095204937393705
all,body_combined_rf,789,3,067,34,1,-0.10316483176837143
all,body_combined_rf,789,3,070,75,1,-0.03947823697165592
all,body_combined_rf,789,3,078,93,0,-0.12369347275373455
all,body_combined_rf,789,3,089,20,1,0.29428065368271084
all,body_combined_rf,789,3,090,69,0,0.06913404880215568
all,body_combined_rf,789,3,094,93,1,-0.12808620343901345
all,body_combined_rf,789,3,106,48,1,-0.22239822542149362
all,body_combined_rf,789,3,107,35,0,-0.284005354325988
all,body_combined_rf,789,3,108,61,0,-0.29108113789876533
all,body_combined_rf,789,3,112,94,0,-0.31656643466966794
all,body_combined_rf,789,3,120,52,0,-0.3957625573901835
all,body_combined_rf,789,3,127,75,1,0.13825826020579757
all,body_combined_rf,789,3,129,69,1,0.16689257791944667
all,body_combined_rf,789,3,130,88,0,-0.3733517572277514
all,body_combined_rf,789,3,134,69,1,0.05547609683944288
all,body_combined_rf,789,3,138,75,1,0.06935475620010234
all,body_combined_rf,789,3,140,84,1,-0.022522572700796217
all,body_combined_rf,789,3,159,52,0,-0.32898467372467055
all,body_combined_rf,789,3,163,48,0,0.0399993798332563
all,body_combined_rf,789,3,183,80,1,0.43487102081442075
all,body_combined_rf,789,3,191,87,0,-0.22567287644567702
all,body_combined_rf,789,3,193,56,1,-0.04198757038349643
all,body_combined_rf,789,3,195,94,0,-0.37326926503661184
all,body_combined_rf,789,3,197,35,0,-0.34916697483350223
all,body_combined_rf,789,3,198,93,0,-0.30838737162422253
all,body_combined_rf,789,3,200,21,0,-0.2965962842082116
all,body_combined_rf,789,3,205,95,0,-0.35729545143143193
all,body_combined_rf,789,3,210,20,1,0.2331958975623999
all,body_combined_rf,789,3,211,87,0,-0.21273723572620656
all,body_combined_rf,789,3,218,56,1,0.2580873885042957
all,body_combined_rf,789,3,220,88,0,-0.3874707811034846
all,body_combined_rf,789,3,222,52,0,-0.3859951947705273
all,body_combined_rf,789,3,230,34,0,-0.08012082507138246
all,body_combined_rf,789,3,244,75,1,0.3203633606454094
all,body_combined_rf,789,3,245,80,1,0.39782147223420816
all,body_combined_rf,789,3,247,88,0,-0.291506380121853
all,body_combined_rf,789,3,259,62,1,0.2477556347728329
all,body_combined_rf,789,3,266,88,0,-0.3637424992174607
all,body_combined_rf,789,3,268,21,0,-0.2636169020481085
all,body_combined_rf,789,4,005,65,0,-0.19066666666666665
all,body_combined_rf,789,4,010,72,0,-0.2379444444444444
all,body_combined_rf,789,4,021,70,0,0.015111111111111075
all,body_combined_rf,789,4,023,44,0,-0.2177777777777778
all,body_combined_rf,789,4,024,89,0,0.050619047619047564
all,body_combined_rf,789,4,027,85,1,-0.06629365079365074
all,body_combined_rf,789,4,038,43,1,-0.1158333333333334
all,body_combined_rf,789,4,046,70,1,0.06772222222222224
all,body_combined_rf,789,4,048,67,0,-0.14194444444444448
all,body_combined_rf,789,4,054,16,1,0.012166666666666659
all,body_combined_rf,789,4,060,44,0,0.03749999999999987
all,body_combined_rf,789,4,065,41,1,0.2908650793650793
all,body_combined_rf,789,4,072,70,1,0.03469047619047627
all,body_combined_rf,789,4,079,43,1,-0.013396825396825351
all,body_combined_rf,789,4,100,72,1,-0.1248333333333333
all,body_combined_rf,789,4,105,16,1,0.22360317460317458
all,body_combined_rf,789,4,115,41,1,0.17761111111111116
all,body_combined_rf,789,4,116,85,0,0.0716904761904762
all,body_combined_rf,789,4,121,74,1,0.3098333333333332
all,body_combined_rf,789,4,125,42,0,-0.46444444444444444
all,body_combined_rf,789,4,135,64,1,0.4495000000000001
all,body_combined_rf,789,4,139,89,0,-0.014420634920634945
all,body_combined_rf,789,4,142,44,0,-0.15903968253968254
all,body_combined_rf,789,4,147,72,0,0.13056349206349205
all,body_combined_rf,789,4,151,85,1,0.14343253968253955
all,body_combined_rf,789,4,152,58,1,0.2549444444444443
all,body_combined_rf,789,4,158,74,1,0.35544444444444445
all,body_combined_rf,789,4,165,30,0,-0.22927777777777775
all,body_combined_rf,789,4,171,42,0,-0.4502777777777778
all,body_combined_rf,789,4,173,89,0,0.09649206349206352
all,body_combined_rf,789,4,175,74,1,0.42294444444444446
all,body_combined_rf,789,4,176,41,0,-0.1584444444444445
all,body_combined_rf,789,4,188,85,0,-0.2453333333333333
all,body_combined_rf,789,4,190,44,0,-0.18261111111111117
all,body_combined_rf,789,4,196,67,0,-0.17911111111111122
all,body_combined_rf,789,4,204,27,0,-0.3065555555555556
all,body_combined_rf,789,4,206,42,0,-0.40055555555555555
all,body_combined_rf,789,4,209,64,0,-0.10683333333333334
all,body_combined_rf,789,4,213,44,1,0.16502777777777788
all,body_combined_rf,789,4,221,72,1,-0.11148412698412691
all,body_combined_rf,789,4,224,59,1,0.21305555555555566
all,body_combined_rf,789,4,225,67,0,-0.23322222222222222
all,body_combined_rf,789,4,226,41,1,-0.1360555555555556
all,body_combined_rf,789,4,228,43,1,0.09982936507936502
all,body_combined_rf,789,4,232,74,1,0.41555555555555546
all,body_combined_rf,789,4,235,89,0,0.2653333333333333
all,body_combined_rf,789,4,236,44,0,0.02977777777777768
all,body_combined_rf,789,4,240,72,0,-0.08087301587301582
all,body_combined_rf,789,4,243,85,1,0.16288492063492066
all,body_combined_rf,789,4,258,85,1,-0.043250000000000066
all,body_combined_rf,789,4,260,60,0,-0.34111111111111114
all,body_combined_rf,789,4,261,74,1,0.3949999999999998
all,body_combined_rf,789,4,269,44,0,-0.1778095238095238
all,body_combined_rf,2024,0,007,90,1,0.13242801988046793
all,body_combined_rf,2024,0,009,2,1,0.4147603014768525
all,body_combined_rf,2024,0,012,73,1,0.3935077585749843
all,body_combined_rf,2024,0,024,89,0,0.031343714473989315
all,body_combined_rf,2024,0,034,91,1,0.2888516512441417
all,body_combined_rf,2024,0,036,77,0,-0.27063443403461296
all,body_combined_rf,2024,0,037,90,0,-0.2799141145943549
all,body_combined_rf,2024,0,038,43,1,-0.20419375579658627
all,body_combined_rf,2024,0,041,26,1,0.026153030319307935
all,body_combined_rf,2024,0,047,51,0,-0.28458101837148275
all,body_combined_rf,2024,0,050,51,0,0.21321796291399153
all,body_combined_rf,2024,0,058,50,0,0.09055023158920894
all,body_combined_rf,2024,0,059,97,1,0.32728219236658584
all,body_combined_rf,2024,0,066,90,1,0.04643502231972829
all,body_combined_rf,2024,0,068,22,1,0.20435854943100484
all,body_combined_rf,2024,0,079,43,1,0.011006174883144149
all,body_combined_rf,2024,0,087,51,0,-0.2026408935311768
all,body_combined_rf,2024,0,092,51,0,-0.08218131665150713
all,body_combined_rf,2024,0,093,73,1,0.32552407297023644
all,body_combined_rf,2024,0,097,2,1,0.145355778741046
all,body_combined_rf,2024,0,099,97,1,0.34713825279966837
all,body_combined_rf,2024,0,101,36,0,-0.31984977749231613
all,body_combined_rf,2024,0,108,61,0,-0.3066253915010403
all,body_combined_rf,2024,0,110,22,1,-0.041017971872221615
all,body_combined_rf,2024,0,111,77,0,-0.20734595802815725
all,body_combined_rf,2024,0,112,94,0,-0.32776349316994774
all,body_combined_rf,2024,0,118,91,1,0.30890442112376315
all,body_combined_rf,2024,0,131,54,1,-0.03280406409322789
all,body_combined_rf,2024,0,133,51,0,0.21826235917760495
all,body_combined_rf,2024,0,139,89,0,-0.012211621528598449
all,body_combined_rf,2024,0,145,36,0,-0.26162856783072513
all,body_combined_rf,2024,0,152,58,1,0.3120863081590721
all,body_combined_rf,2024,0,157,77,0,-0.3281728909206044
all,body_combined_rf,2024,0,160,51,0,-0.0977933162325687
all,body_combined_rf,2024,0,164,53,0,-0.2914466563816647
all,body_combined_rf,2024,0,167,22,1,0.09804599337486664
all,body_combined_rf,2024,0,170,53,0,-0.287288614914083
all,body_combined_rf,2024,0,173,89,0,0.10217398693286728
all,body_combined_rf,2024,0,180,73,1,0.19531066065021652
all,body_combined_rf,2024,0,186,51,0,-0.25113556700852846
all,body_combined_rf,2024,0,189,22,1,-0.15052821692538665
all,body_combined_rf,2024,0,195,94,0,-0.3825684109067643
all,body_combined_rf,2024,0,201,66,1,-0.20117840523971153
all,body_combined_rf,2024,0,203,77,1,0.002868987957071578
all,body_combined_rf,2024,0,205,95,0,-0.3617795026357048
all,body_combined_rf,2024,0,215,50,0,-0.3370674104370751
all,body_combined_rf,2024,0,216,36,1,0.16202715507543997
all,body_combined_rf,2024,0,219,73,1,0.37783162308038776
all,body_combined_rf,2024,0,228,43,1,0.05857070035808987
all,body_combined_rf,2024,0,229,51,0,-0.24647022297060456
all,body_combined_rf,2024,0,235,89,0,0.3010487514042598
all,body_combined_rf,2024,0,238,54,1,-0.02606038023228935
all,body_combined_rf,2024,0,246,50,0,-0.3378749077570974
all,body_combined_rf,2024,0,248,36,1,0.2994394646707378
all,body_combined_rf,2024,0,255,97,0,0.13345616872276
all,body_combined_rf,2024,0,260,60,0,-0.3373383924981823
all,body_combined_rf,2024,1,013,92,0,-0.3285555555555556
all,body_combined_rf,2024,1,019,82,0,-0.37867460317460316
all,body_combined_rf,2024,1,020,20,1,0.17961111111111117
all,body_combined_rf,2024,1,025,81,1,-0.03933333333333339
all,body_combined_rf,2024,1,028,55,0,-0.3778333333333333
all,body_combined_rf,2024,1,048,67,0,-0.07019047619047619
all,body_combined_rf,2024,1,054,16,1,0.1075436507936508
all,body_combined_rf,2024,1,062,55,0,-0.3917777777777778
all,body_combined_rf,2024,1,065,41,1,0.1655714285714286
all,body_combined_rf,2024,1,074,81,1,-0.09396825396825398
all,body_combined_rf,2024,1,078,93,0,-0.16183333333333333
all,body_combined_rf,2024,1,080,25,0,-0.08383333333333337
all,body_combined_rf,2024,1,085,18,0,-0.4330555555555555
all,body_combined_rf,2024,1,086,18,0,-0.39211111111111113
all,body_combined_rf,2024,1,088,82,0,-0.12138888888888888
all,body_combined_rf,2024,1,089,20,1,0.3516666666666668
all,body_combined_rf,2024,1,094,93,1,-0.2404126984126984
all,body_combined_rf,2024,1,102,76,1,0.3675634920634919
all,body_combined_rf,2024,1,105,16,1,0.30694444444444446
all,body_combined_rf,2024,1,106,48,1,-0.1285
all,body_combined_rf,2024,1,114,92,1,0.37583333333333335
all,body_combined_rf,2024,1,115,41,1,0.04499206349206353
all,body_combined_rf,2024,1,123,81,1,0.40588888888888885
all,body_combined_rf,2024,1,124,37,1,0.1650555555555555
all,body_combined_rf,2024,1,126,82,0,-0.3452777777777778
all,body_combined_rf,2024,1,141,37,1,0.17911904761904762
all,body_combined_rf,2024,1,150,29,0,-0.03208730158730161
all,body_combined_rf,2024,1,155,68,1,0.25157142857142867
all,body_combined_rf,2024,1,163,48,0,0.13244444444444436
all,body_combined_rf,2024,1,165,30,0,-0.22538095238095235
all,body_combined_rf,2024,1,172,18,0,-0.4193888888888889
all,body_combined_rf,2024,1,176,41,0,-0.12833333333333335
all,body_combined_rf,2024,1,177,32,0,0.27183333333333337
all,body_combined_rf,2024,1,178,76,1,0.36789682539682533
all,body_combined_rf,2024,1,179,37,0,0.12888888888888894
all,body_combined_rf,2024,1,184,68,0,0.16966666666666663
all,body_combined_rf,2024,1,196,67,0,-0.14661111111111114
all,body_combined_rf,2024,1,198,93,0,-0.40449999999999997
all,body_combined_rf,2024,1,199,82,0,-0.38317460317460317
all,body_combined_rf,2024,1,210,20,1,0.32399999999999995
all,body_combined_rf,2024,1,214,92,0,-0.27561111111111114
all,body_combined_rf,2024,1,217,76,1,0.38
all,body_combined_rf,2024,1,225,67,0,-0.21927777777777785
all,body_combined_rf,2024,1,226,41,1,-0.2485079365079365
all,body_combined_rf,2024,1,233,37,1,0.28305555555555584
all,body_combined_rf,2024,1,237,18,0,-0.30494444444444446
all,body_combined_rf,2024,1,241,29,0,-0.09689682539682543
all,body_combined_rf,2024,1,242,76,1,0.277
all,body_combined_rf,2024,1,252,18,0,-0.2104444444444445
all,body_combined_rf,2024,1,263,76,1,0.433888888888889
all,body_combined_rf,2024,1,264,31,0,-0.19861111111111113
all,body_combined_rf,2024,1,265,18,0,-0.38961111111111113
all,body_combined_rf,2024,1,267,98,1,-0.14335714285714285
all,body_combined_rf,2024,1,272,33,1,0.1795555555555559
all,body_combined_rf,2024,2,002,78,0,-0.08365725062977397
all,body_combined_rf,2024,2,003,1,0,-0.3089008954008955
all,body_combined_rf,2024,2,010,72,0,-0.12070835012940279
all,body_combined_rf,2024,2,011,47,1,0.1781504331724918
all,body_combined_rf,2024,2,015,75,1,-0.21809882376252332
all,body_combined_rf,2024,2,016,84,1,0.3040167822373706
all,body_combined_rf,2024,2,018,9,1,0.2019351653964656
all,body_combined_rf,2024,2,021,70,0,0.10554033636928395
all,body_combined_rf,2024,2,029,35,0,-0.13767047930283227
all,body_combined_rf,2024,2,031,38,1,-0.2970588420294302
all,body_combined_rf,2024,2,039,40,0,-0.3214644274570745
all,body_combined_rf,2024,2,042,23,0,0.16700663933016857
all,body_combined_rf,2024,2,043,9,1,-0.04732241439903967
all,body_combined_rf,2024,2,046,70,1,0.06921698236404106
all,body_combined_rf,2024,2,053,78,0,0.28132167661772944
all,body_combined_rf,2024,2,056,47,1,0.19762688578478027
all,body_combined_rf,2024,2,063,84,1,0.37431519107254396
all,body_combined_rf,2024,2,069,1,0,-0.3113292742116271
all,body_combined_rf,2024,2,070,75,1,-0.07704735787088729
all,body_combined_rf,2024,2,071,23,1,0.4524504615754622
all,body_combined_rf,2024,2,072,70,1,0.09565148413677771
all,body_combined_rf,2024,2,073,13,1,0.3761025782496371
all,body_combined_rf,2024,2,075,38,1,-0.3540263179802654
all,body_combined_rf,2024,2,081,40,0,-0.19660494652406418
all,body_combined_rf,2024,2,091,96,1,0.10751039891481073
all,body_combined_rf,2024,2,100,72,1,-0.007856296481296376
all,body_combined_rf,2024,2,107,35,0,-0.2330813168313169
all,body_combined_rf,2024,2,113,78,0,0.16266698035080362
all,body_combined_rf,2024,2,119,40,0,-0.3327050759697818
all,body_combined_rf,2024,2,127,75,1,0.23059773526840088
all,body_combined_rf,2024,2,128,96,1,0.4232034955784957
all,body_combined_rf,2024,2,132,38,0,-0.23505539075933812
all,body_combined_rf,2024,2,135,64,1,0.44682565120065154
all,body_combined_rf,2024,2,138,75,1,0.13317292348174714
all,body_combined_rf,2024,2,140,84,1,0.04718083496024661
all,body_combined_rf,2024,2,144,63,1,0.26558974984710304
all,body_combined_rf,2024,2,146,78,0,0.1495633617471851
all,body_combined_rf,2024,2,147,72,0,0.21214076364811651
all,body_combined_rf,2024,2,149,40,0,-0.00937540188855962
all,body_combined_rf,2024,2,156,5,0,-0.23049793568717714
all,body_combined_rf,2024,2,162,23,0,0.23132705257705222
all,body_combined_rf,2024,2,174,1,0,-0.38288695563695563
all,body_combined_rf,2024,2,192,38,0,-0.4044463730713731
all,body_combined_rf,2024,2,194,5,0,-0.33906188256188247
all,body_combined_rf,2024,2,197,35,0,-0.34525380338615635
all,body_combined_rf,2024,2,209,64,0,0.038692686942686794
all,body_combined_rf,2024,2,221,72,1,-0.1170861258338039
all,body_combined_rf,2024,2,223,38,0,-0.3390154336404335
all,body_combined_rf,2024,2,227,78,0,-0.2677194425228482
all,body_combined_rf,2024,2,239,1,0,-0.19086501434295544
all,body_combined_rf,2024,2,240,72,0,-0.07856986994486997
all,body_combined_rf,2024,2,244,75,1,0.3739487999816947
all,body_combined_rf,2024,2,251,38,0,-0.10722288359788362
all,body_combined_rf,2024,2,271,47,1,0.17815095280536453
all,body_combined_rf,2024,3,001,87,0,-0.036911866661832826
all,body_combined_rf,2024,3,008,28,0,0.11620696413979825
all,body_combined_rf,2024,3,014,39,1,-0.07382418476486324
all,body_combined_rf,2024,3,017,8,0,-0.1041359637253732
all,body_combined_rf,2024,3,022,34,1,0.19598293743416983
all,body_combined_rf,2024,3,027,85,1,-0.043893420176238096
all,body_combined_rf,2024,3,030,57,1,-0.40139180991027856
all,body_combined_rf,2024,3,033,46,1,0.3763278314607421
all,body_combined_rf,2024,3,035,83,1,0.19194897662875032
all,body_combined_rf,2024,3,040,8,0,-0.10725089953147066
all,body_combined_rf,2024,3,049,87,0,-0.00723829836905715
all,body_combined_rf,2024,3,051,28,0,-0.2336620776714573
all,body_combined_rf,2024,3,052,8,0,0.04368860277691444
all,body_combined_rf,2024,3,061,24,1,0.3950541303969468
all,body_combined_rf,2024,3,064,88,0,-0.36312764034009515
all,body_combined_rf,2024,3,067,34,1,0.04525546965237792
all,body_combined_rf,2024,3,076,4,1,-0.025483292590384787
all,body_combined_rf,2024,3,098,4,1,0.2690787504826605
all,body_combined_rf,2024,3,103,6,0,-0.4287702531225493
all,body_combined_rf,2024,3,109,46,1,0.31252320523972577
all,body_combined_rf,2024,3,116,85,0,0.04445746374371784
all,body_combined_rf,2024,3,121,74,1,0.2842729787325555
all,body_combined_rf,2024,3,122,71,0,-0.17164606656514836
all,body_combined_rf,2024,3,130,88,0,-0.380757489829432
all,body_combined_rf,2024,3,136,39,0,0.31836481346914625
all,body_combined_rf,2024,3,143,28,0,0.05278973748887905
all,body_combined_rf,2024,3,151,85,1,0.20838672368959377
all,body_combined_rf,2024,3,153,83,1,0.16259662687638254
all,body_combined_rf,2024,3,158,74,1,0.3275414776174914
all,body_combined_rf,2024,3,168,4,1,-0.03268424107742002
all,body_combined_rf,2024,3,169,39,1,0.21357578513057685
all,body_combined_rf,2024,3,175,74,1,0.36806376039244426
all,body_combined_rf,2024,3,181,6,0,-0.3827418242393477
all,body_combined_rf,2024,3,185,71,0,-0.22473251080398043
all,body_combined_rf,2024,3,188,85,0,-0.211237718009053
all,body_combined_rf,2024,3,191,87,0,-0.22138398688759625
all,body_combined_rf,2024,3,193,56,1,-0.012937945665385586
all,body_combined_rf,2024,3,202,46,0,-0.07877752260964666
all,body_combined_rf,2024,3,211,87,0,-0.1968088936541012
all,body_combined_rf,2024,3,212,12,0,0.03295501109095478
all,body_combined_rf,2024,3,218,56,1,0.2855315546248324
all,body_combined_rf,2024,3,220,88,0,-0.3992485848371907
all,body_combined_rf,2024,3,224,59,1,0.28795340701655014
all,body_combined_rf,2024,3,230,34,0,-0.1031391113999029
all,body_combined_rf,2024,3,231,11,0,-0.27754354743016285
all,body_combined_rf,2024,3,232,74,1,0.3808065373149736
all,body_combined_rf,2024,3,234,39,0,0.19243764604498037
all,body_combined_rf,2024,3,243,85,1,0.17134334207842883
all,body_combined_rf,2024,3,247,88,0,-0.30986770688533105
all,body_combined_rf,2024,3,257,83,1,0.32876347264511174
all,body_combined_rf,2024,3,258,85,1,-0.05655141544092912
all,body_combined_rf,2024,3,259,62,1,0.24449128328008007
all,body_combined_rf,2024,3,261,74,1,0.32323962518937355
all,body_combined_rf,2024,3,262,14,0,-0.04293772300003118
all,body_combined_rf,2024,3,266,88,0,-0.3666449829908837
all,body_combined_rf,2024,4,004,45,1,0.2262777777777778
all,body_combined_rf,2024,4,005,65,0,-0.18200000000000005
all,body_combined_rf,2024,4,006,49,1,0.37355555555555575
all,body_combined_rf,2024,4,023,44,0,-0.1721666666666667
all,body_combined_rf,2024,4,026,86,1,0.3508333333333332
all,body_combined_rf,2024,4,032,19,0,-0.26321428571428573
all,body_combined_rf,2024,4,044,15,1,0.36183333333333334
all,body_combined_rf,2024,4,045,49,1,-0.025944444444444437
all,body_combined_rf,2024,4,055,15,1,-0.23703174603174604
all,body_combined_rf,2024,4,057,69,1,0.3069074074074074
all,body_combined_rf,2024,4,060,44,0,0.08027777777777778
all,body_combined_rf,2024,4,077,86,1,0.3627222222222224
all,body_combined_rf,2024,4,082,15,1,0.09120370370370368
all,body_combined_rf,2024,4,083,79,0,0.01938888888888879
all,body_combined_rf,2024,4,084,3,1,0.1955
all,body_combined_rf,2024,4,090,69,0,0.09695238095238101
all,body_combined_rf,2024,4,095,86,1,0.28466666666666685
all,body_combined_rf,2024,4,096,17,0,-0.33604761904761904
all,body_combined_rf,2024,4,104,19,0,-0.22438095238095235
all,body_combined_rf,2024,4,117,7,0,-0.3847222222222222
all,body_combined_rf,2024,4,120,52,0,-0.3406388888888889
all,body_combined_rf,2024,4,125,42,0,-0.4633888888888889
all,body_combined_rf,2024,4,129,69,1,0.2166190476190476
all,body_combined_rf,2024,4,134,69,1,0.08416666666666661
all,body_combined_rf,2024,4,137,19,0,-0.279
all,body_combined_rf,2024,4,142,44,0,-0.13027777777777783
all,body_combined_rf,2024,4,148,7,0,-0.3549391534391534
all,body_combined_rf,2024,4,154,45,0,-0.0682724867724867
all,body_combined_rf,2024,4,159,52,0,-0.2817777777777778
all,body_combined_rf,2024,4,161,79,1,0.18531746031746021
all,body_combined_rf,2024,4,166,19,0,-0.2913888888888889
all,body_combined_rf,2024,4,171,42,0,-0.43672222222222223
all,body_combined_rf,2024,4,182,79,1,0.13682275132275135
all,body_combined_rf,2024,4,183,80,1,0.3930555555555556
all,body_combined_rf,2024,4,187,17,0,-0.18538095238095242
all,body_combined_rf,2024,4,190,44,0,-0.09649999999999997
all,body_combined_rf,2024,4,200,21,0,-0.3374259259259259
all,body_combined_rf,2024,4,204,27,0,-0.23461111111111105
all,body_combined_rf,2024,4,206,42,0,-0.3588888888888889
all,body_combined_rf,2024,4,207,3,1,0.26755555555555566
all,body_combined_rf,2024,4,208,79,1,0.2965
all,body_combined_rf,2024,4,213,44,1,0.2235555555555554
all,body_combined_rf,2024,4,222,52,0,-0.29254232804232805
all,body_combined_rf,2024,4,236,44,0,0.17527777777777775
all,body_combined_rf,2024,4,245,80,1,0.404111111111111
all,body_combined_rf,2024,4,249,17,1,0.32772222222222225
all,body_combined_rf,2024,4,250,15,1,0.33158730158730165
all,body_combined_rf,2024,4,253,45,1,-0.016055555555555434
all,body_combined_rf,2024,4,254,86,1,0.35277777777777786
all,body_combined_rf,2024,4,256,10,1,0.31700793650793657
all,body_combined_rf,2024,4,268,21,0,-0.2544444444444445
all,body_combined_rf,2024,4,269,44,0,-0.09171428571428569
all,body_combined_rf,2024,4,270,49,0,-0.05791666666666667
